Date,Close,High,Low,Open,Volume,ticker
2025-05-12,56601.69140625,56601.69140625,54046.7539469401,54243.28759765625,15414702,005930.KS
2025-05-13,55913.8203125,57191.288966388405,55815.553492970124,56699.95486873902,16842801,005930.KS
2025-05-14,56405.15234375,56896.48642339939,56012.08508003049,56503.41915967988,12468089,005930.KS
2025-05-15,56306.890625,57584.35934773124,56110.35697534904,56405.15744982548,13139736,005930.KS
2025-05-16,55815.5546875,56503.42243893046,55717.287865867074,56405.15561729753,10385352,005930.KS
2025-05-19,54832.88671875,55422.487651209674,54538.08625252016,55422.487651209674,9802105,005930.KS
2025-05-20,54931.15625,55717.29086538462,54734.622596153844,55225.95673076923,9080577,005930.KS
2025-05-21,54734.62109375,55619.02251178187,54734.62109375,55225.95521487881,7794181,005930.KS
2025-05-22,53751.94921875,54538.083759426416,53555.41558358089,54341.550124257315,15254278,005930.KS
2025-05-23,53260.6171875,54243.28540129151,53162.35036612085,54046.75175853321,11247115,005930.KS
2025-05-26,53751.94921875,54046.749671503654,52769.28104290448,52965.814678073584,10901337,005930.KS
2025-05-27,52965.8125,53555.4133812616,52867.545686456404,53260.6129406308,13439520,005930.KS
2025-05-28,54931.15625,55127.689903846156,53260.620192307695,53358.887019230766,17516283,005930.KS
2025-05-29,55127.68359375,55422.4840407754,54636.34951537433,55225.95040942513,12936810,005930.KS
2025-05-30,55225.953125,56208.621330071175,54832.88584297153,55225.953125,26219683,005930.KS
2025-06-02,55815.5546875,56306.88879566461,55225.95375770246,55324.220579335386,12870515,005930.KS
2025-06-04,56798.22265625,56896.48947745458,55815.55444420415,56208.62172902249,19649983,005930.KS
2025-06-05,58075.6875,58861.82201776649,56896.48572335025,57093.019352791875,23266027,005930.KS
2025-06-09,58763.5546875,59353.155570652176,58468.75424592391,59353.155570652176,19609659,005930.KS
2025-06-10,58173.95703125,59058.35840503589,57780.88975401183,58960.09158572635,15305760,005930.KS
2025-06-11,58861.82421875,59058.35785554049,58370.49012677379,58468.756945169036,13610734,005930.KS
2025-06-12,58468.7578125,58960.091911764706,58272.22417279412,58665.291452205885,17755115,005930.KS
2025-06-13,57289.5546875,59156.62422277015,56699.95378162521,59156.62422277015,20705979,005930.KS
2025-06-16,56208.62109375,57093.02247459572,55913.820633468094,56994.75565450175,22200872,005930.KS
2025-06-17,57093.015625,58763.551366179,56405.147966867466,56798.21520008606,28637003,005930.KS
2025-06-18,58763.5546875,58763.5546875,56896.485224184784,56994.75203804348,17620705,005930.KS
2025-06-19,58173.95703125,59549.69250158362,57977.42339263091,59451.42568227407,16876278,005930.KS
2025-06-20,58468.7578125,58763.55827205883,58075.69053308824,58370.49099264706,18072251,005930.KS
2025-06-23,56994.75390625,57486.0879916487,56601.68663793103,57387.82117456896,16551694,005930.KS
2025-06-24,59451.421875,59549.68868801653,58272.220118801655,58370.48693181819,23737899,005930.KS
2025-06-25,60237.5625,60532.36296900489,59254.894269983684,60434.09614600326,23933612,005930.KS
2025-06-26,59156.625,60237.56000830565,58861.82454318937,60237.56000830565,19402300,005930.KS
2025-06-27,60112.6953125,60903.65182976973,59321.73879523026,59420.608359888975,17340470,005930.KS
2025-06-30,59124.0,60508.17391304348,59124.0,60508.17391304348,17110294,005930.KS
2025-07-01,59519.48046875,60409.3065887147,59519.48046875,59717.21960651993,13650991,005930.KS
2025-07-02,60112.6953125,60211.564877158715,59123.99966591283,59519.4779245477,15047951,005930.KS
2025-07-03,63078.78125,63078.78125,60409.30304663009,60607.04217280564,32040639,005930.KS
2025-07-04,62584.4375,63968.61147314376,62287.8287914692,63968.61147314376,23748959,005930.KS
2025-07-07,61002.51953125,62584.432517473666,61002.51953125,62188.95427091775,17164708,005930.KS
2025-07-08,60705.91015625,61694.60576140065,60310.43191418974,60903.64927728013,20213724,005930.KS
2025-07-09,59717.21875,60705.914424668874,59519.47961506623,60705.914424668874,17533415,005930.KS
2025-07-10,60310.43359375,60508.172720286886,59717.21621413935,59914.955340676235,14768473,005930.KS
2025-07-11,61892.3515625,62090.0907048722,60508.17756589457,60607.04713708067,19140650,005930.KS
2025-07-14,61793.4765625,61892.346125,61101.389624999996,61595.7374375,13563846,005930.KS
2025-07-15,62979.91015625,63078.77971693485,61299.127624607536,61595.73630666209,18442202,005930.KS
2025-07-16,63968.609375,63968.609375,62386.69631472179,62979.91371232612,23042660,005930.KS
2025-07-17,65946.0078125,66044.87738943029,63672.00754310344,65155.05119705772,39448683,005930.KS
2025-07-18,66341.4765625,67033.56350130403,65550.5200610097,66242.60699981371,23951531,005930.KS
2025-07-21,67033.5625,68022.2581120944,66440.34513274336,66638.08425516225,17723148,005930.KS
2025-07-22,65253.91796875,67725.65728574811,64858.43967803031,67330.17899502841,20829006,005930.KS
2025-07-23,65649.390625,65748.26018919428,64166.34716208584,65451.65149661144,15687058,005930.KS
2025-07-24,65253.91796875,66044.8745501894,65155.04839607008,65748.26583214963,12660193,005930.KS
2025-07-25,65155.046875,65550.5251564871,64759.5685935129,64957.30773425645,8080910,005930.KS
2025-07-28,69604.171875,69604.171875,66440.34588068182,67429.04150390625,35332500,005930.KS
2025-07-29,69801.90625,69999.6453611898,68022.25424929179,69999.6453611898,28190940,005930.KS
2025-07-30,71779.3046875,72866.86991003787,69801.91337379477,70197.39163653582,34761444,005930.KS
2025-07-31,70592.8671875,73163.47579656863,70197.38893995098,72174.78017769607,26568072,005930.KS
2025-08-01,68121.1328125,71186.08944121916,68022.26324383164,69406.43720518867,24038534,005930.KS
2025-08-04,68912.0859375,69406.43375627689,67923.3902999462,68714.34680998923,14780072,005930.KS
2025-08-05,69109.8203125,70691.73322380186,68912.08119858727,70197.38543902003,14392903,005930.KS
2025-08-06,68022.265625,68615.48305777616,67527.9177643532,68417.74391351744,12542415,005930.KS
2025-08-07,69703.0390625,70197.3868572695,68912.0825908688,69999.6477393617,15008213,005930.KS
2025-08-08,70988.34375,71581.56110724233,69900.77859505572,70197.38727367688,22241128,005930.KS
2025-08-11,70197.390625,71284.9558318662,69999.65149647888,71186.08626760563,11354253,005930.KS
2025-08-12,70296.2578125,71581.56210443038,70296.2578125,70296.2578125,15797656,005930.KS
2025-08-13,71087.21875,71284.95788421418,70592.87091446453,71087.21875,12305742,005930.KS
2025-08-14,70790.609375,71087.2180734986,70395.13111033519,71087.2180734986,11946122,005930.KS
2025-08-18,69208.6875,70395.12214285714,69208.6875,70296.25258928571,13595591,005930.KS
2025-08-19,69208.6875,69900.774375,68912.0788392857,69604.16571428571,10533082,005930.KS
2025-08-20,69703.0390625,69900.7781804078,68615.47391400709,69307.56082668439,17445516,005930.KS
2025-08-21,69801.90625,71087.21047273371,69801.90625,70691.7322503541,18843833,005930.KS
2025-08-22,70592.8671875,70988.34543504902,69999.64981617646,70889.47587316176,9277432,005930.KS
2025-08-25,70691.7421875,70988.35089597902,70197.39434003497,70889.48132648601,10345178,005930.KS
2025-08-26,69505.3046875,70296.26121310456,69505.3046875,69999.65251600285,14712519,005930.KS
2025-08-27,69801.90625,70098.5149167847,69010.94980524079,69307.5584720255,10523405,005930.KS
2025-08-28,68813.21875,69604.17528735632,68813.21875,69307.5665858477,11578024,005930.KS
2025-08-29,68912.0859375,69703.04244754303,68912.0859375,69307.56419252152,11682267,005930.KS
2025-09-01,66835.828125,67824.52380732248,66736.95855676774,67626.78467085799,12002343,005930.KS
2025-09-02,68318.8671875,68714.34543460564,67033.56288440665,67033.56288440665,10604028,005930.KS
2025-09-03,69010.9609375,69010.9609375,68022.26522206304,68417.74350823782,10283009,005930.KS
2025-09-04,69307.5703125,69307.5703125,68516.61373261413,68714.3528775856,12284414,005930.KS
2025-09-05,68714.3515625,69604.17769784173,68714.3515625,69505.30812724821,11526724,005930.KS
2025-09-08,69307.5703125,69703.04860244294,68813.22245007133,69010.9615950428,9263135,005930.KS
2025-09-09,70691.7421875,70691.7421875,69208.6986451049,69307.56821459791,14870245,005930.KS
2025-09-10,71779.3046875,71977.04381887052,70790.60903064738,70988.34816201791,21928565,005930.KS
2025-09-11,72570.2578125,72767.9969346049,71284.95351881812,72372.5186903951,20793501,005930.KS
2025-09-12,74547.6484375,74745.38755802387,73361.21371435677,73756.69195540452,28219678,005930.KS
2025-09-15,75635.21875,76722.7839869281,75042.00134803922,76327.30571895425,19908805,005930.KS
2025-09-16,78502.4375,78601.3070686398,75832.95914672544,76030.69828400503,28218265,005930.KS
2025-09-17,77316.0,78205.82608695653,76228.4347826087,78205.82608695653,20856317,005930.KS
2025-09-18,79392.2578125,79589.99693532067,77711.47526852429,78205.82307557596,25619035,005930.KS
2025-09-22,82556.0859375,83050.43375748502,80183.21640157186,80578.69465755987,27529656,005930.KS
2025-09-23,83742.5234375,84928.9582441706,82654.95819805196,84830.08867694806,23610263,005930.KS
2025-09-24,84434.609375,84533.47894101287,82753.82675278102,83248.17458284543,18300997,005930.KS
2025-09-25,85126.6953125,85225.56487732287,83149.3040160424,83445.91271051104,19665151,005930.KS
2025-09-26,82358.34375,84335.7349564826,81468.51770708284,84039.1262755102,24071193,005930.KS
2025-09-29,83619.59375,84414.0792013064,82626.48693586698,82725.79761728029,13069094,005930.KS
2025-09-30,83321.6640625,84314.77090472289,82825.11064138856,84016.83885205601,16319061,005930.KS
2025-10-01,85407.1875,85605.80886627907,84116.14861918605,84314.76998546511,22039361,005930.KS
2025-10-02,89131.3359375,89677.54468140668,88088.57379004179,88684.43787430362,49883028,005930.KS
2025-10-10,93749.2890625,93848.5997500662,92061.00737387447,93352.04631223516,35269748,005930.KS
2025-10-13,92656.8671875,92756.17787044481,90074.78943093515,90670.65352860397,23883308,005930.KS
2025-10-14,90968.5859375,95338.25600436682,89578.23637076965,94643.08122100164,35545235,005930.KS
2025-10-15,94345.1484375,94643.08048519737,91465.13864309211,91663.76000822369,21050111,005930.KS
2025-10-16,97026.53125,97026.53125,94345.14297594677,94643.07500639714,28141060,005930.KS
2025-10-17,97225.15625,98416.88441649642,96033.42808350358,96529.98148621042,22730809,005930.KS
2025-10-20,97423.7734375,97622.3947900739,95338.24923547401,97225.1520849261,17589756,005930.KS
2025-10-21,96827.9140625,99211.37040865385,96629.29270032051,97821.02087339744,22803830,005930.KS
2025-10-22,97920.328125,97920.328125,94841.6971190416,96430.66796082657,15937611,005930.KS
2025-10-23,95834.8046875,97821.01825615285,95636.18333063471,96132.73672279793,18488581,005930.KS
2025-10-24,98118.953125,98317.57448760122,97026.53563069331,97225.15699329453,18801925,005930.KS
2025-10-27,101296.890625,101296.890625,99906.54114583333,100601.71588541666,22169970,005930.KS
2025-10-28,98814.125,100303.7851758794,98416.88228643216,100204.47449748743,20002282,005930.KS
2025-10-29,99807.234375,100303.78777985075,98416.88484141791,99509.30233208956,20899788,005930.KS
2025-10-30,103382.421875,105070.70350024015,101296.89751440923,101694.14024975985,34570017,005930.KS
2025-10-31,106758.984375,107851.40188953489,102587.93568313954,104276.21729651163,54824564,005930.KS
2025-11-03,110334.1640625,110731.40677739649,105765.87284119037,106163.11555608686,30110066,005930.KS
2025-11-04,104176.90625,111625.20745948522,104176.90625,111029.3433627264,30450281,005930.KS
2025-11-05,99906.5390625,101296.88851267395,96033.4227370154,100303.7817625497,44843020,005930.KS
2025-11-06,98516.203125,103084.49480216735,98118.96037046371,102985.18411353327,28655689,005930.KS
2025-11-07,97225.15625,99608.61258299285,95636.1853613381,95735.49604187947,22908083,005930.KS
2025-11-10,99906.5390625,100303.7817625497,97225.1508371645,97920.32556225148,23842327,005930.KS
2025-11-11,102786.5546875,105269.32170893719,101296.89447463768,102985.17604921498,27742542,005930.KS
2025-11-12,102389.3125,103183.79795101842,100899.65227934044,102290.0018186227,19413497,005930.KS
2025-11-13,102091.3828125,103481.73238387646,101594.82939415127,101793.45076149076,20838741,005930.KS
2025-11-14,96529.9765625,98913.43277391975,96529.9765625,98317.5687210648,21806342,005930.KS
2025-11-17,99906.5390625,100303.7817625497,98814.12163736332,99112.05366240059,17192584,005930.KS
2025-11-18,97125.8515625,100204.4828492459,96827.91950249232,99112.06529588446,18684068,005930.KS
2025-11-19,95834.8046875,96827.91147182642,93947.90179727979,96430.66875809585,18993346,005930.KS
2025-11-20,99906.5390625,102190.68458778578,98814.12163736332,100204.47108753727,25360435,005930.KS
2025-11-21,94146.5234375,96132.7370121308,93848.59140130537,94941.00886735231,23103574,005930.KS
2025-11-24,96033.4296875,98317.57537810238,95536.87627649949,97125.84719170115,29831172,005930.KS
2025-11-25,98615.5078125,100701.03214690332,97125.84757364048,100701.03214690332,16110054,005930.KS
2025-11-26,102091.3828125,102190.69349616974,98615.50888405884,99807.23708809582,21314975,005930.KS
2025-11-27,102786.5546875,104772.76830464976,101992.06924064009,103382.41877264493,16453004,005930.KS
2025-11-28,99807.234375,103084.48684701492,99807.234375,103084.48684701492,15292277,005930.KS
2025-12-01,100105.171875,102091.38560267857,99211.37569754464,101296.90011160714,10905526,005930.KS
2025-12-02,102687.2421875,102786.55286659817,100303.7858891441,100502.40724734042,13649487,005930.KS
2025-12-03,103779.65625,104772.76300837321,103283.1028708134,103978.27760167464,14697927,005930.KS
2025-12-04,104375.53125,104375.53125,102488.6282112274,103183.80301498572,11931145,005930.KS
2025-12-05,107652.78125,107652.78125,103878.9752652214,104574.15005189113,19755571,005930.KS
2025-12-08,108745.1953125,109241.74871575343,107255.53510273973,108943.81667380137,15527762,005930.KS
2025-12-09,107652.78125,108645.88808809963,106560.36372809041,108149.33466904981,13671800,005930.KS
2025-12-10,107255.5390625,109043.13138020833,106659.67495659721,107553.4711154514,12365092,005930.KS
2025-12-11,106560.359375,109738.30112709693,106560.359375,108447.26229030755,22994507,005930.KS
2025-12-12,108149.3359375,108149.3359375,106063.8115530303,106361.74360795454,14210314,005930.KS
2025-12-15,104077.59375,105070.7005605916,103878.97238788169,104574.14715529581,20594654,005930.KS
2025-12-16,102091.3828125,104872.08195525291,101992.07212883024,104176.90716956469,18852079,005930.KS
2025-12-17,107156.2265625,107354.84792776876,102687.24584395273,102786.55652658711,22297611,005930.KS
2025-12-18,106858.296875,107454.16098396841,104971.39386326673,105666.56865706321,20445631,005930.KS
2025-12-19,105567.25,108943.81302916275,105467.93932267168,108943.81302916275,25917098,005930.KS
2025-12-22,109738.3046875,109738.3046875,108546.57649179864,108943.81922369909,24859171,005930.KS
2025-12-23,110731.4140625,111724.52091507846,109638.99652466367,110135.54995095292,20419187,005930.KS
2025-12-24,110334.1640625,111625.20288591359,110135.54270505176,111625.20288591359,12492939,005930.KS
2025-12-26,116193.4921875,116193.4921875,111625.20104166666,111625.20104166666,34018174,005930.KS
2025-12-29,119253.171875,119452.75877353556,117955.85703451883,119153.37842573223,19676004,005930.KS
2025-12-30,119652.34375,120949.65856964137,118454.82237802335,118853.99616868224,19746349,005930.KS
2026-01-02,128234.578125,128234.578125,119951.72210603113,119951.72210603113,30463279,005930.KS
2026-01-05,137814.75,138313.71723388848,133324.04489500364,134321.9793627806,42863376,005930.KS
2026-01-06,138613.09375,139012.26752609792,132425.90022048235,135020.5297651188,45321341,005930.KS
2026-01-07,140708.765625,144101.74295212765,137315.78829787235,143203.6018949468,46317413,005930.KS
2026-01-08,138513.296875,144201.52304349784,138014.32966723703,138014.32966723703,41449329,005930.KS
2026-01-09,138712.890625,140409.3792153777,134920.73965827338,135719.08723021584,29520566,005930.KS
2026-01-12,138513.296875,141706.68700468302,136617.22148550072,140708.75258915705,26271134,005930.KS
2026-01-13,137315.78125,139910.41083757268,136617.2271302689,139511.23705486918,22384699,005930.KS
2026-01-14,140010.203125,140010.203125,136517.43255523877,136717.01944493942,18444394,005930.KS
2026-01-15,143602.765625,143702.5590687978,138014.33277232453,138712.88687890896,24701126,005930.KS
2026-01-16,148592.4375,149191.1981615178,144001.93909503022,144999.87353089324,30000219,005930.KS
2026-01-19,148991.609375,150288.92412508372,146297.1864325184,146895.9470864032,22762497,005930.KS
2026-01-20,144900.078125,148991.60925662878,143602.76337594696,148193.26171875,24059218,005930.KS
2026-01-21,149191.203125,149490.58346571904,141507.1077132107,141606.90116011706,31703610,005930.KS
2026-01-22,151985.421875,156675.71394862115,150488.52014937624,154679.8449811228,32073624,005930.KS
2026-01-23,151785.828125,155677.77243589744,149789.9592476167,154380.45766559828,25407497,005930.KS
2026-01-26,151785.828125,156076.9462113741,151187.06746178502,154580.04455333663,20561689,005930.KS
2026-01-27,159170.546875,159170.546875,148891.82190438872,150189.1367065047,29423670,005930.KS
2026-01-28,162064.5625,162962.70354833745,159869.10660406406,162264.14939963055,29456431,005930.KS
2026-01-29,160368.0625,166255.87562227753,156775.4985609832,165856.70185127566,36087223,005930.KS
2026-01-30,160168.484375,166156.09126752338,159769.3105821651,159769.3105821651,40557267,005930.KS
2026-02-02,150089.34375,159270.34084109042,150089.34375,155378.39642204123,39748369,005930.KS
2026-02-03,167154.015625,167154.015625,156875.29108208956,157573.8451772388,36529813,005930.KS
2026-02-04,168750.71875,169050.0990907747,162763.11193450622,163162.2857222058,29943042,005930.KS
2026-02-05,158970.953125,163661.24489956058,158172.60558890458,161665.37605932204,38435228,005930.KS
2026-02-06,158272.40625,159968.8948415826,151286.86499054224,153781.7011546343,36358081,005930.KS
2026-02-09,166056.296875,168351.5461707482,164659.18860802284,168251.75272310697,25098971,005930.KS
2026-02-10,165457.53125,167752.7804772316,165158.15091601328,167054.2263645959,19369566,005930.KS
2026-02-11,167453.40625,168251.7538364124,161665.38624851013,163661.2552145411,22760242,005930.KS
2026-02-12,178231.09375,179229.02820548712,169748.65087835945,170846.37877939528,41296011,005930.KS
2026-02-13,180825.71875,184019.10892660043,178530.46956056842,179129.230218681,34454192,005930.KS
2026-02-19,189607.546875,190505.68788651316,186713.53694901316,187611.67796052631,27049388,005930.KS
2026-02-20,189707.34375,189906.93064505522,188210.44203708574,189607.55030247237,24213880,005930.KS
2026-02-23,192601.34375,197191.8420984456,190106.50769106217,193998.45194300517,26364684,005930.KS
2026-02-24,199586.890625,199586.890625,191603.41499999998,192601.349453125,28060617,005930.KS
2026-02-25,203079.65625,205574.49232186732,200584.82017813268,202081.72182125307,26987996,005930.KS
2026-02-26,217549.71875,218547.6532396789,205574.5048738532,206073.47211869265,30095763,005930.KS
2026-02-27,216052.8125,222539.3865473441,209566.23845265587,209566.23845265587,51774768,005930.KS
2026-03-03,194697.015625,212061.0754500897,194697.015625,209067.2720319708,54879010,005930.KS
2026-03-04,171844.3125,195495.35899390242,171544.93216463414,183819.52591463414,89427954,005930.KS
2026-03-05,191204.25,199287.5194415449,187711.47925365347,194597.22729645096,53959129,005930.KS
2026-03-06,187811.265625,189308.16731701646,180626.13750332093,185715.60325617692,29522650,005930.KS
2026-03-09,173141.625,175137.4938760807,166954.43148414986,173141.625,43066020,005930.KS
2026-03-10,187511.890625,191104.4547881187,183919.3264618813,187212.51027807346,33530170,005930.KS
2026-03-11,189607.546875,194397.63226973685,187312.29762335526,192601.35024671053,24311356,005930.KS
2026-03-12,187511.890625,189607.5530534859,185516.0216454896,186214.57578831827,20440753,005930.KS
2026-03-13,183120.96875,185815.39172343325,179528.40478542235,179628.19822888283,19566331,005930.KS
2026-03-16,188310.234375,188609.61471581878,183220.7685810811,184218.70305047696,19747901,005930.KS
2026-03-17,193499.484375,197591.01550412583,192701.13683760958,197591.01550412583,20300082,005930.KS
2026-03-18,208069.328125,208568.29533872902,199287.50516336932,200085.85270533574,25148481,005930.KS
2026-03-19,200085.859375,204576.56444825436,199187.71836034913,199487.0986985661,19884483,005930.KS
2026-03-20,198988.125,202081.72172768306,198588.95122868606,201582.75451354063,35279762,005930.KS
2026-03-23,185915.1875,190805.0662909286,185915.1875,190106.5121779388,30268173,005930.KS
2026-03-24,189308.171875,195595.15913284133,185116.8470364391,195096.19189015552,25458914,005930.KS
2026-03-25,188609.609375,195994.324239418,188609.609375,193299.90124834655,22995904,005930.KS
2026-03-26,179728.0,185516.01998889507,178530.47862298723,185116.84619655748,32074131,005930.KS
2026-03-27,179728.0,181324.69516935037,171644.73070516382,171744.5241532482,29138966,005930.KS
2026-03-30,176300.0,176650.0,170600.0,171000.0,22269147,005930.KS
2026-03-31,167200.0,174700.0,167000.0,170000.0,38659593,005930.KS
2026-04-01,189650.0,190800.0,178000.0,179000.0,32390251,005930.KS
2026-04-02,178400.0,193600.0,175000.0,192600.0,38615231,005930.KS
2026-04-03,186200.0,187200.0,182700.0,184200.0,20194447,005930.KS
2026-04-06,193100.0,194600.0,190100.0,190900.0,20635958,005930.KS
2026-04-07,196500.0,202500.0,192400.0,202000.0,30848053,005930.KS
2026-04-08,210500.0,214500.0,207500.0,214000.0,35890973,005930.KS
2026-04-09,204000.0,207500.0,202000.0,207000.0,42320839,005930.KS
2026-04-10,206000.0,211000.0,205500.0,208500.0,18244459,005930.KS
2026-04-13,201000.0,203000.0,198200.0,198200.0,19603415,005930.KS
2026-04-14,206500.0,210000.0,205500.0,208000.0,23672078,005930.KS
2026-04-15,211000.0,215500.0,210000.0,215000.0,24092884,005930.KS
2026-04-16,217500.0,218000.0,210500.0,212000.0,21499788,005930.KS
2026-04-17,216000.0,218000.0,215000.0,217000.0,18079322,005930.KS
2026-04-20,214500.0,219000.0,213000.0,214500.0,17107741,005930.KS
2026-04-21,219000.0,220000.0,216000.0,218000.0,16752132,005930.KS
2026-04-22,217500.0,222500.0,215500.0,218500.0,16823480,005930.KS
2026-04-23,224500.0,229500.0,216000.0,223000.0,34525485,005930.KS
2026-04-24,219500.0,225000.0,216500.0,224000.0,19626666,005930.KS
2026-04-27,224500.0,226000.0,218500.0,220000.0,22870374,005930.KS
2026-04-28,222000.0,226000.0,221500.0,224000.0,18444490,005930.KS
2026-04-29,226000.0,228000.0,218500.0,219500.0,20363756,005930.KS
2026-04-30,220500.0,230000.0,220500.0,229000.0,22161975,005930.KS
2026-05-04,232500.0,232500.0,224000.0,228000.0,32920816,005930.KS
2026-05-06,266000.0,270000.0,251000.0,254000.0,53097996,005930.KS
2026-05-07,271500.0,277000.0,260000.0,272000.0,41404687,005930.KS
2026-05-08,268500.0,270000.0,260000.0,260000.0,25875880,005930.KS
2026-05-11,285500.0,288500.0,280000.0,284500.0,36031094,005930.KS
2026-05-12,279000.0,291500.0,266000.0,290000.0,41211149,005930.KS
2025-05-12,193838.4375,194037.24615384615,192347.37259615384,192446.77692307692,1624884,000660.KS
2025-05-13,197317.609375,200299.73949149874,196124.7573284005,199305.69611933248,3385009,000660.KS
2025-05-14,204772.921875,205766.96518507283,202784.83525485438,205766.96518507283,3333511,000660.KS
2025-05-15,199305.65625,206760.9800498753,198311.61307668328,206263.95846321696,3178957,000660.KS
2025-05-16,203281.859375,205518.45684978607,202287.81605287286,204772.9243581907,2419507,000660.KS
2025-05-19,198212.234375,201790.79026140925,196323.55210161736,201790.79026140925,2482673,000660.KS
2025-05-20,200796.75,206761.0099009901,200299.72834158415,201293.77165841582,2820546,000660.KS
2025-05-21,199305.65625,203778.85052992517,198709.23034600998,203281.82894326682,1721760,000660.KS
2025-05-22,195727.140625,200299.7401520442,195329.52327482225,198709.27075133316,1988587,000660.KS
2025-05-23,198808.65625,200299.721171875,197516.399984375,198709.251921875,1538701,000660.KS
2025-05-26,201790.78125,202287.80287869458,195727.11737992612,198808.65147783252,1459997,000660.KS
2025-05-27,201293.765625,202287.80891203703,198808.65740740742,199305.67905092592,1424916,000660.KS
2025-05-28,206761.0,208252.06490384616,204772.91346153847,205269.93509615384,3161188,000660.KS
2025-05-29,211117.796875,213607.3935362618,206636.5228847288,213607.3935362618,3827689,000660.KS
2025-05-30,203649.0,209126.11246943765,202155.24205378973,209126.11246943765,4826628,000660.KS
2025-06-02,206636.515625,207632.35425451808,202155.24179216867,204146.91905120484,1775752,000660.KS
2025-06-04,216594.921875,222072.034841954,215599.0831537356,217092.84123563216,5108674,000660.KS
2025-06-05,223565.765625,229042.87792316257,221076.16912583518,224561.6042246659,5768506,000660.KS
2025-06-09,228047.046875,232528.32072188865,227051.2082423581,232030.40140556768,3666084,000660.KS
2025-06-10,229540.8125,231532.4898318872,226553.2965021692,230038.7318329718,3718655,000660.KS
2025-06-11,239001.265625,239997.10423177085,234022.07259114584,235017.91119791666,4230421,000660.KS
2025-06-12,234520.015625,245474.2414079087,234022.09627123142,241490.88657776007,4994238,000660.KS
2025-06-13,234520.015625,241988.80593152865,232777.29788680997,239499.20916268576,4100610,000660.KS
2025-06-16,246967.984375,247465.90369833668,237009.59790826612,237009.59790826612,3760740,000660.KS
2025-06-17,247963.828125,258918.05346385544,246967.98945783134,251947.1827936747,5044669,000660.KS
2025-06-18,245474.21875,250951.33113590264,243980.460826572,244478.38013438135,4081001,000660.KS
2025-06-19,244976.3125,248959.66717479675,240992.95782520325,245972.1511686992,2317796,000660.KS
2025-06-20,255930.515625,255930.515625,246470.04909411477,247963.80696741244,3597877,000660.KS
2025-06-23,258420.125,261905.56021194605,247465.90004816957,251449.2545761079,3398736,000660.KS
2025-06-24,277341.0625,281822.33640035905,268378.5146992819,268876.434021544,5436312,000660.KS
2025-06-25,284809.84375,290286.9561298077,282818.166520979,287797.35959353147,5466598,000660.KS
2025-06-26,291780.71875,297257.8312180034,285805.6869667236,293274.4766958191,5894020,000660.KS
2025-06-27,282818.15625,293274.46132262325,279830.64051496476,286801.51056338026,5134863,000660.KS
2025-06-30,290784.90625,293274.5030500856,284809.8739297945,287299.47072988015,4375298,000660.KS
2025-07-01,284311.9375,293274.4854422067,284311.9375,289789.0501313485,3687981,000660.KS
2025-07-02,277838.96875,282320.2424395161,273357.6950604839,282320.2424395161,4702056,000660.KS
2025-07-03,277341.0625,282818.1750448833,275847.30453321367,279830.6591113106,3642140,000660.KS
2025-07-04,269374.34375,280328.5684496303,267880.585836414,278336.8912315157,3654933,000660.KS
2025-07-07,269872.28125,270868.11992619926,263399.3298547048,264893.0878690037,2523564,000660.KS
2025-07-08,280826.5,283814.0159574468,267382.67819148937,269872.27482269506,3119395,000660.KS
2025-07-09,279830.65625,282818.17215302493,276345.22102980426,281324.41420151247,2626484,000660.KS
2025-07-10,295764.09375,295764.09375,282320.2713068182,282818.19065656565,4556065,000660.KS
2025-07-11,293274.46875,305224.53199278435,290784.87224108656,298253.6617678268,3732533,000660.KS
2025-07-14,298751.5625,301241.1588541666,291282.7734375,291282.7734375,2936976,000660.KS
2025-07-15,297257.875,297257.875,288793.24539363483,294768.2780569514,4196196,000660.KS
2025-07-16,294768.25,298253.6853885135,291282.8146114865,297257.84670608107,3123297,000660.KS
2025-07-17,268378.5,288295.271799629,266884.74211502785,282320.24025974027,9328322,000660.KS
2025-07-18,267880.5625,273855.593633829,265888.8854553903,268876.40102230484,5359504,000660.KS
2025-07-21,271366.03125,273357.708543578,265390.99936926604,266386.83801605506,2424891,000660.KS
2025-07-22,267382.65625,272361.8491038175,265888.89839385473,271863.92981843575,3139858,000660.KS
2025-07-23,267880.5625,269872.2395446097,263399.28914962825,266386.80471654277,3116279,000660.KS
2025-07-24,268378.5,277838.96660482377,267880.5807050093,275847.28942486085,3667144,000660.KS
2025-07-25,264893.03125,273855.5774201128,264395.11201832705,271863.90049342107,2171063,000660.KS
2025-07-28,260909.734375,264395.1697578721,257424.29899212785,259913.89569417937,2877357,000660.KS
2025-07-29,261407.640625,263897.23720238096,253440.93157738095,253440.93157738095,2944177,000660.KS
2025-07-30,262403.53125,264893.1283206831,259416.01476518027,261905.61183586338,2482807,000660.KS
2025-07-31,272361.84375,272859.7630255941,264395.1353404936,269872.24737202923,3472644,000660.KS
2025-08-01,256926.359375,265888.9067950581,255930.5207727713,264893.06819282944,3227394,000660.KS
2025-08-04,256926.359375,258918.03657945734,252943.00496608525,253440.92426719962,2281558,000660.KS
2025-08-05,262403.53125,263399.37007827323,259416.01476518027,262901.4506641366,2118171,000660.KS
2025-08-06,257424.296875,259415.97422026112,256428.45820236942,259415.97422026112,1374559,000660.KS
2025-08-07,260909.734375,261905.5730558206,248959.67020515268,256926.37965171755,2724438,000660.KS
2025-08-08,255432.59375,264893.06018518517,254436.75517787525,260909.70589668615,2676174,000660.KS
2025-08-11,265888.90625,266386.8255500936,258918.03604868913,259415.95534878277,2415473,000660.KS
2025-08-12,267880.5625,274851.4321561338,266386.80471654277,266884.72397769516,3008648,000660.KS
2025-08-13,276843.125,277838.9635791367,272859.77068345324,276843.125,3472694,000660.KS
2025-08-14,275349.34375,276345.18224457506,269374.31278254976,276345.18224457506,2101050,000660.KS
2025-08-18,266386.8125,270868.0859813084,265888.89322429907,270868.0859813084,1993220,000660.KS
2025-08-19,261905.578125,268876.4490256654,260411.82007485742,267382.6909755228,1709646,000660.KS
2025-08-20,254436.78125,255930.53926125244,249955.50721624264,253440.9425758317,3571545,000660.KS
2025-08-21,243980.46875,249955.5006377551,243980.46875,245474.22672193876,6301130,000660.KS
2025-08-22,249955.515625,251449.273686504,244478.40273281874,244478.40273281874,3064062,000660.KS
2025-08-25,258420.125,260411.80226396918,252943.0125240848,254934.68978805395,3183709,000660.KS
2025-08-26,260411.8125,261407.65117112812,255930.53847992353,258420.1351577438,2050625,000660.KS
2025-08-27,258918.046875,259913.8855168269,254934.6923076923,257922.20823317306,2801594,000660.KS
2025-08-28,267768.875,267768.875,252311.08147113593,253308.35847299814,3836024,000660.KS
2025-08-29,268267.5,269264.77695167286,265275.6691449814,267270.22304832714,1892127,000660.KS
2025-09-01,255302.921875,260289.3070678711,254305.64483642578,258793.39151000977,1837054,000660.KS
2025-09-02,259790.671875,260787.94892634355,255302.92514395394,255302.92514395394,1584710,000660.KS
2025-09-03,261785.21875,264777.04982142855,257048.15288690475,258793.38767857142,2437896,000660.KS
2025-09-04,264777.0625,270262.086393597,263779.78542843694,266272.97810734465,2189959,000660.KS
2025-09-05,272755.25,274251.1654478976,271259.3345521024,272256.6115173675,3103427,000660.KS
2025-09-08,276245.75,278240.30415162456,273253.91877256316,277741.6656137184,2018299,000660.KS
2025-09-09,287215.8125,287714.45106336806,276245.7641059028,277243.0412326389,4158342,000660.KS
2025-09-10,303172.25,304169.5271381579,292202.20148026315,293698.1171875,5265553,000660.KS
2025-09-11,306164.0625,314142.27911237784,304668.14688517916,309155.8937296417,5148088,000660.KS
2025-09-12,327605.53125,328602.80836187216,318131.3986872146,321123.23002283106,4242516,000660.KS
2025-09-15,330098.6875,340570.096015861,324115.02549093653,338575.54201283987,4221256,000660.KS
2025-09-16,347052.40625,353036.0684267241,330597.3352640086,330597.3352640086,5841135,000660.KS
2025-09-17,332591.90625,341567.39997188904,332591.90625,340071.4843515742,4498866,000660.KS
2025-09-18,354532.0,356027.91561181436,335583.735583685,337578.28973277076,4526286,000660.KS
2025-09-22,350044.25,358022.4665242165,344309.90687321936,348049.69586894586,4377563,000660.KS
2025-09-23,360017.0,362011.5540166205,352038.78393351805,354531.97645429365,3315336,000660.KS
2025-09-24,356526.53125,363008.8318181818,347551.0381555944,358022.44676573423,4165199,000660.KS
2025-09-25,355529.25,358022.4424964937,348548.31100981764,351041.50350631133,2148215,000660.KS
2025-09-26,335583.71875,348049.6815564636,332093.2491641902,346553.766019688,3685324,000660.KS
2025-09-29,348049.65625,350044.21015401144,338076.8867299427,338575.52520594554,2275986,000660.KS
2025-09-30,346553.78125,355529.2748651079,346553.78125,352038.80512589926,2238614,000660.KS
2025-10-01,359019.75,361014.30416666664,350044.25625,350044.25625,2802437,000660.KS
2025-10-02,394423.09375,403398.58766592917,382954.407079646,387442.1540376106,7430763,000660.KS
2025-10-10,426834.5625,438053.92892085284,415365.87682535045,424840.0084696262,6835852,000660.KS
2025-10-13,413869.96875,414368.60726656625,401902.64435240964,404395.83693524095,4356534,000660.KS
2025-10-14,410379.5,435311.42588092346,405393.1148238153,423842.73997569864,4101275,000660.KS
2025-10-15,421349.5625,422845.47810650885,405891.76789940824,409382.237647929,2688019,000660.KS
2025-10-16,451267.875,453761.067679558,419355.00870165747,419853.6472375691,4247934,000660.KS
2025-10-17,464232.46875,473706.6007653061,448276.035882116,450270.58999060147,4541583,000660.KS
2025-10-20,484178.0,484178.0,464232.4593202884,476199.7837281153,3333903,000660.KS
2025-10-21,477695.6875,500633.05871607515,476698.4104906054,495646.67366910225,4126858,000660.KS
2025-10-22,480188.90625,480687.54478193144,467722.9429517134,473706.60533489095,3870276,000660.KS
2025-10-23,477197.09375,487169.8647792581,466725.684169279,468720.23837513063,3583993,000660.KS
2025-10-24,508611.28125,511603.11231617647,490161.65634191176,491657.57187499997,4254202,000660.KS
2025-10-27,533543.1875,535537.7414719627,521575.8636682243,531548.6335280373,3381231,000660.KS
2025-10-28,519581.34375,525565.0060580614,507614.0191338771,519581.34375,5659008,000660.KS
2025-10-29,556480.5625,557477.8394937277,521575.8677195341,536535.0226254481,4803031,000660.KS
2025-10-30,566453.3125,577423.3590448943,550496.8811619718,556480.5429137324,4888461,000660.KS
2025-10-31,557477.875,564458.8144007156,550496.9355992845,555483.3208855098,3351809,000660.KS
2025-11-03,618311.8125,622300.9209677419,553488.7998991936,555483.3541330645,5787058,000660.KS
2025-11-04,584404.3125,612328.0680460751,581412.4815486348,609336.2370947099,5969769,000660.KS
2025-11-05,577423.375,585401.5908894646,530551.3566493955,561466.9432210708,8976222,000660.KS
2025-11-06,591385.3125,605347.1917158517,581412.5416315346,600360.8062816189,5321244,000660.KS
2025-11-07,578420.6875,597368.9514008621,563461.531788793,575428.8563577586,4789397,000660.KS
2025-11-10,604349.875,613325.3681930694,579417.9494636963,582409.7805280528,4893645,000660.KS
2025-11-11,617314.4375,644240.9153877221,602355.2831179322,620306.2683764135,5508697,000660.KS
2025-11-12,615319.9375,618311.7686385738,599363.5047609401,603352.6129457051,2831484,000660.KS
2025-11-13,610333.5625,620306.3331290849,605347.1771854575,605347.1771854575,3875541,000660.KS
2025-11-14,558475.125,583407.0502232143,558475.125,577423.3881696429,5778374,000660.KS
2025-11-17,604349.875,604349.875,582409.7805280528,586398.8886138614,4470947,000660.KS
2025-11-18,568447.875,589390.6914473685,568447.875,581412.4756578947,3544391,000660.KS
2025-11-19,560469.6875,568447.9036921709,544513.2551156584,561466.9645240214,4529736,000660.KS
2025-11-20,569445.1875,595374.3904334501,568447.9104640981,593379.8363616462,4670237,000660.KS
2025-11-21,519581.34375,529554.1142634357,512600.404390595,516589.51259596925,6646712,000660.KS
2025-11-24,518584.0625,540524.157451923,515592.2313701923,529554.1099759615,6399162,000660.KS
2025-11-25,517586.78125,548502.369340077,516589.5042148362,544513.261199422,3716730,000660.KS
2025-11-26,522573.1875,526562.2958015268,499635.8147662214,511603.1396708015,5127393,000660.KS
2025-11-27,542907.25,554883.1452205882,531929.3460477941,533925.3285845588,3654092,000660.KS
2025-11-28,528935.375,550891.183018868,528935.375,549893.1917452831,2680138,000660.KS
2025-12-01,536919.25,543905.188197026,523945.36477695167,540911.2146840149,3134704,000660.KS
2025-12-02,556879.125,557877.1162634408,540911.2647849462,546899.2123655914,2686580,000660.KS
2025-12-03,550891.1875,557877.1264719203,542907.2572463768,548895.2049365942,2586619,000660.KS
2025-12-04,540911.3125,541909.303851476,530931.3989852399,540911.3125,2858305,000660.KS
2025-12-05,542907.25,544903.2325367647,525941.3984375,528935.3722426471,3204933,000660.KS
2025-12-08,575840.9375,578834.9111785096,531929.3235485269,541909.2358102254,4288433,000660.KS
2025-12-09,564863.0625,573844.9839885159,562867.0799469964,567857.0363295053,2391174,000660.KS
2025-12-10,585820.875,591808.8226149915,568855.0234241908,569853.0146933561,3986083,000660.KS
2025-12-11,563865.0625,587816.8527654867,563865.0625,581828.905199115,4021907,000660.KS
2025-12-12,569853.0,577836.9299474605,558875.0963222417,563865.0525394045,2646148,000660.KS
2025-12-15,552887.1875,562368.1049751805,533925.352549639,533925.352549639,2482125,000660.KS
2025-12-16,528935.375,549893.1917452831,528935.375,543905.2441037736,3287998,000660.KS
2025-12-17,549893.1875,552887.1612976406,523945.41458711436,528935.3709165155,2692626,000660.KS
2025-12-18,550891.1875,561869.0915987318,535921.3182744565,536919.3095561594,2959059,000660.KS
2025-12-19,545901.1875,568854.9851462523,545901.1875,567856.9939442413,3440005,000660.KS
2025-12-22,578834.9375,578834.9375,565861.0509698276,572846.9898706897,2878464,000660.KS
2025-12-23,582826.9375,591808.8594820206,579832.9635059931,583824.9288313356,2011188,000660.KS
2025-12-24,586818.875,589812.8488520408,582826.9098639456,585820.8837159864,2160697,000660.KS
2025-12-26,597796.8125,603784.7605383974,588814.890442404,592806.8558013355,4243548,000660.KS
2025-12-29,638714.4375,638714.4375,623744.5678710938,628734.5244140625,4176151,000660.KS
2025-12-30,649692.3125,657676.2426075268,632726.4610215054,637716.4173387097,4094603,000660.KS
2026-01-02,675640.0625,677636.0449593796,645700.3256093058,649692.2905280651,4181895,000660.KS
2026-01-05,694601.9375,698593.902658046,682626.0420258621,696597.920079023,4337511,000660.KS
2026-01-06,724541.625,725539.6162190082,669652.1079545454,688613.9411157025,4830275,000660.KS
2026-01-07,740509.5625,760469.3889824797,726537.6839622641,758473.4063342317,5693115,000660.KS
2026-01-08,754481.375,786417.0945767196,729531.5940806878,729531.5940806878,6496379,000660.KS
2026-01-09,742505.5,754481.3951612903,725539.6485215054,742505.5,4343703,000660.KS
2026-01-12,747495.4375,760469.3235981308,733523.5601635515,753483.3849299066,3329793,000660.KS
2026-01-13,736517.5625,752485.4229336043,722545.6846205962,751487.431656504,3771944,000660.KS
2026-01-14,740509.5625,748493.4930929919,726537.6839622641,731527.6405828841,4885051,000660.KS
2026-01-15,747495.4375,748493.4287383178,725539.6302570094,730529.5864485982,3003414,000660.KS
2026-01-16,754481.375,761467.3136574074,745499.4538690477,749491.4188161376,3712326,000660.KS
2026-01-19,762465.3125,772445.2249672775,748493.4350458115,753483.3912794503,3392008,000660.KS
2026-01-20,741507.5,762465.3162853298,735519.5524899059,762465.3162853298,2762369,000660.KS
2026-01-21,738513.5625,754481.4233108108,726537.6668918919,727535.6581925675,5108442,000660.KS
2026-01-22,753483.4375,771447.2810430464,749491.4722682119,764461.3418874172,3545309,000660.KS
2026-01-23,765459.3125,774441.2340286832,742505.5130378096,752485.4258474576,3508272,000660.KS
2026-01-26,734521.5625,752485.4050611412,734521.5625,751487.4138077445,3133330,000660.KS
2026-01-27,798393.0,798393.0,731527.58625,736517.5425,5660198,000660.KS
2026-01-28,839310.625,852284.5109988109,801386.958234245,808372.8968489893,6708497,000660.KS
2026-01-29,859270.5,882224.2996515679,817354.8658536585,877234.3432055749,6837983,000660.KS
2026-01-30,907174.0625,929129.8703932894,851286.5514988999,852284.5427667768,7875195,000660.KS
2026-02-02,828332.75,886216.2433734939,828332.75,868252.4006024096,7634191,000660.KS
2026-02-03,905178.0625,905178.0625,869250.3775496141,872244.3512954796,5272538,000660.KS
2026-02-04,898192.125,904180.0725,881226.27375,882224.265,3800763,000660.KS
2026-02-05,840308.6875,875238.3835362233,836316.7222387174,849290.609337886,5473720,000660.KS
2026-02-06,837314.6875,848292.5916269368,789411.1058551847,803382.9838349225,5581574,000660.KS
2026-02-09,885218.3125,897194.2084977452,871246.433835964,896196.2171645998,4228584,000660.KS
2026-02-10,874240.375,903182.1225742009,874240.375,892204.2183219178,3441377,000660.KS
2026-02-11,858272.5,872244.3779069767,846296.6046511629,858272.5,3125590,000660.KS
2026-02-12,886216.25,892204.1976351351,876236.3372747748,880228.3023648649,4619344,000660.KS
2026-02-13,878232.3125,901186.1115767045,876236.3299715909,887214.2338778409,3534047,000660.KS
2026-02-19,892204.1875,911166.021462528,886216.239932886,903182.0913730426,3285109,000660.KS
2026-02-20,947093.6875,953081.6349446786,879230.2831269758,890208.1867755533,5054333,000660.KS
2026-02-23,949089.75,978031.4984227129,939109.8367507886,978031.4984227129,3523887,000660.KS
2026-02-24,1002981.25,1002981.25,944099.7636815921,950087.711442786,4102382,000660.KS
2026-02-25,1015955.125,1035914.9506385069,1001983.2470530452,1009967.1773084479,3462525,000660.KS
2026-02-26,1098816.25,1098816.25,1022828.9570063695,1023828.7898089172,4461976,000660.KS
2026-02-27,1060822.625,1095816.7737983034,1047824.7983034872,1049824.4639491045,6453062,000660.KS
2026-03-03,938843.0,1039826.112886049,938843.0,1021829.1224707135,6818327,000660.KS
2026-03-04,848858.0625,953840.5083922261,845858.5640459363,893850.539310954,9253420,000660.KS
2026-03-05,940842.6875,991834.1615302869,926845.0279622742,975836.8363443146,6442459,000660.KS
2026-03-06,923845.5,937843.1590909091,884852.0211038961,911847.5064935065,3744322,000660.KS
2026-03-09,835860.25,863855.5693779904,807864.9306220096,850857.7425239235,7253621,000660.KS
2026-03-10,937843.1875,949841.1813699361,898849.7074227079,914847.0325826226,5304897,000660.KS
2026-03-11,954840.3125,984835.2961387434,940842.6534685864,953840.4797120418,3916098,000660.KS
2026-03-12,929844.5,962838.9822580644,927844.8344086021,937843.1623655914,3711742,000660.KS
2026-03-13,909847.875,928844.6987637363,883852.2214285715,890851.0512362638,3645102,000660.KS
2026-03-16,973837.125,974836.9577772074,923845.4861396303,924845.3189168378,3829496,000660.KS
2026-03-17,969837.8125,1009831.1243556702,968837.9797036083,1008831.2915592784,3326240,000660.KS
2026-03-18,1055823.5,1059822.8314393938,998833.0269886364,999832.8598484847,4347884,000660.KS
2026-03-19,1012830.625,1042825.6089585391,1002832.2970138204,1007831.4610069102,3347483,000660.KS
2026-03-20,1006831.625,1025828.4481132075,1001832.4610228401,1022828.9497269116,3426646,000660.KS
2026-03-23,932844.0,962838.9839228296,926845.0032154341,951840.8231511255,3911813,000660.KS
2026-03-24,985835.125,993833.7872718052,937843.1513691683,992833.9544878296,4352152,000660.KS
2026-03-25,994833.625,1041825.766080402,987834.7954773869,1015830.1135678391,4463869,000660.KS
2026-03-26,932844.0,972837.3118971061,930844.3344051447,964838.649517685,4660620,000660.KS
2026-03-27,932844.0,933843.8327974277,879852.8617363344,889851.1897106109,4520942,000660.KS
2026-03-30,872854.0625,883852.2236540664,861855.9013459336,866855.065506873,4498502,000660.KS
2026-03-31,806865.0625,851857.5381040892,805865.229708798,816863.3904120198,7194351,000660.KS
2026-04-01,896850.0,904848.6622073578,857856.5217391304,883852.1739130435,6255058,000660.KS
2026-04-02,829861.25,913847.2078313254,817863.2560240964,911847.5421686748,6127534,000660.KS
2026-04-03,875853.5625,885851.8908390411,859856.2371575342,866855.066994863,2927164,000660.KS
2026-04-06,885851.875,901349.2836484199,868854.7171275396,876853.3796557563,3100989,000660.KS
2026-04-07,915846.875,932844.0331604803,887851.5556768558,916846.7078329694,3619929,000660.KS
2026-04-08,1032827.3125,1055823.467570184,991834.1665053243,1006831.6589424007,6709356,000660.KS
2026-04-09,997833.125,1024828.6103456914,989834.4626753507,1014830.2824398798,5026817,000660.KS
2026-04-10,1026828.3125,1041825.8048928919,1023828.8140214216,1029827.8109785784,3134921,000660.KS
2026-04-13,1039826.125,1042825.6234375,995833.48125,998832.9796875,2769753,000660.KS
2026-04-14,1102815.625,1127811.4460562102,1077819.8039437896,1091817.4637352675,4754545,000660.KS
2026-04-15,1135810.125,1172803.940691021,1129811.1278609154,1164805.2778389084,4093703,000660.KS
2026-04-16,1154806.875,1160805.8717532468,1129811.0551948051,1140809.2159090908,2901319,000660.KS
2026-04-17,1127811.375,1154806.8600398935,1120812.5455452127,1148807.8633643617,3578235,000660.KS
2026-04-20,1165805.0,1174803.4948542023,1140809.1809605488,1147808.0102915952,3748014,000660.KS
2026-04-21,1223795.375,1227794.7062908497,1192800.5574959149,1195800.0559640522,3516960,000660.KS
2026-04-22,1222795.5,1232793.8278822568,1194800.1819296812,1226794.8311529027,2894919,000660.KS
2026-04-23,1224795.25,1266788.23,1182802.27,1219796.0857142857,5343871,000660.KS
2026-04-24,1221795.75,1241792.4071194762,1192800.5971767595,1236793.2428396072,3127857,000660.KS
2026-04-27,1291784.0,1316779.8204334367,1248791.1888544892,1252790.5201238391,4563073,000660.KS
2026-04-28,1299782.625,1327777.943076923,1295783.293846154,1312780.45125,3002713,000660.KS
2026-04-29,1292783.875,1316779.8633990719,1280785.880800464,1283785.3793503481,3001208,000660.KS
2026-04-30,1285785.0,1324778.4797822705,1285785.0,1311780.6531881804,3342342,000660.KS
2026-05-04,1446758.125,1449757.6235314445,1332777.180805114,1338776.1778680028,5776641,000660.KS
2026-05-06,1600732.375,1613730.2019050594,1556739.7300905683,1589734.213772642,6631934,000660.KS
2026-05-07,1653723.5,1664721.6611245465,1566738.0438331317,1621728.8494558646,5860618,000660.KS
2026-05-08,1685718.125,1688717.6234430603,1590734.0076364174,1590734.0076364174,4278087,000660.KS
2026-05-11,1879685.625,1948674.086768617,1825694.6549202127,1832693.484375,7433039,000660.KS
2026-05-12,1834693.25,1966671.1840599454,1803698.4321525884,1943675.0288828337,9160593,000660.KS
2025-05-12,188222.828125,192280.2077007755,187728.0257377103,190795.80053890642,437578,035420.KS
2025-05-13,186243.625,189014.5184643996,185649.86211477153,188024.91365568544,680047,035420.KS
2025-05-14,189212.4375,189410.35845972804,186936.34646312761,187925.9512617678,363846,035420.KS
2025-05-15,187233.21875,188321.78397529072,186243.61399973574,187826.98160015856,355097,035420.KS
2025-05-16,185847.78125,187728.03036807774,185550.89981030353,187134.26748868477,285272,035420.KS
2025-05-19,183472.71875,186243.61202130528,182582.0744842233,185649.84917745416,262018,035420.KS
2025-05-20,183076.875,184561.2820945946,182087.27027027027,183868.55878378378,293512,035420.KS
2025-05-21,182878.96875,184561.29692573054,182681.04778814936,183967.53404017858,382117,035420.KS
2025-05-22,181295.59375,182582.07995019105,179217.42373430677,181295.59375,469433,035420.KS
2025-05-23,181196.640625,183373.77120596668,180899.7591821409,182186.2454345303,257074,035420.KS
2025-05-26,186045.703125,186045.703125,179910.15334109042,181196.63958610373,472314,035420.KS
2025-05-27,181889.359375,184957.13420667846,181097.67554747008,184264.41085758977,668670,035420.KS
2025-05-28,185748.8125,187035.2986814065,182186.23538225892,182681.03775972297,727369,035420.KS
2025-05-29,187332.1875,188618.67373217116,185748.8198296355,187332.1875,649059,035420.KS
2025-05-30,185550.890625,186837.3768,184165.443975,186738.416325,989028,035420.KS
2025-06-02,184561.296875,186342.58553116623,183769.613027815,183868.57350871313,408085,035420.KS
2025-06-04,183571.6875,187134.26472371968,183571.6875,187035.304245283,817069,035420.KS
2025-06-05,189212.4375,190004.12133891214,184363.37398666318,184363.37398666318,911249,035420.KS
2025-06-09,196436.546875,200394.96595560454,190300.99730006297,193368.77208753148,1407038,035420.KS
2025-06-10,197920.953125,201879.3721875,194754.217875,201879.3721875,911907,035420.KS
2025-06-11,198910.5625,199900.16728855722,196832.39244402986,198415.7601057214,512085,035420.KS
2025-06-12,196832.390625,199405.3630514706,196832.390625,197426.15349264705,624703,035420.KS
2025-06-13,198415.75,203858.57605985037,195347.9753117207,201384.56421446384,1050533,035420.KS
2025-06-16,207322.203125,209301.41270137232,199900.16721360383,208806.61030727922,1159906,035420.KS
2025-06-17,204353.390625,210785.82180690073,201879.37863196124,209796.21700968524,837169,035420.KS
2025-06-18,240968.765625,241958.370411961,201879.37654004106,202374.17893352156,5706879,035420.KS
2025-06-19,249380.40625,256307.63975694444,245916.78949652778,251854.4182167659,3810468,035420.KS
2025-06-20,266698.5,266698.5,242453.18181818182,246411.60111317254,4889308,035420.KS
2025-06-23,286985.375,291933.3987068965,267193.2801724138,273625.7109913793,5050411,035420.KS
2025-06-24,287480.1875,289459.3970524957,274615.325408778,285500.97794750426,4326501,035420.KS
2025-06-25,280552.9375,283521.75165343913,273130.9021164021,279563.332782187,2862461,035420.KS
2025-06-26,258286.84375,272141.3104645594,251359.61039272032,267193.2866379311,4314779,035420.KS
2025-06-27,254823.234375,262245.2703276699,249380.40800970874,260760.86313713592,2316733,035420.KS
2025-06-30,259771.25,265214.0761904762,252844.01666666666,254328.4238095238,2219752,035420.KS
2025-07-01,259276.453125,266203.68660543894,257297.2435591603,261255.6626908397,1791173,035420.KS
2025-07-02,249380.40625,260760.86129712302,247401.1966765873,260266.05890376985,1870730,035420.KS
2025-07-03,250370.0,257297.23320158102,246906.38339920947,247895.98814229248,1207730,035420.KS
2025-07-04,246411.59375,251854.4201179719,244927.18655873495,249875.2105296185,874760,035420.KS
2025-07-07,253338.828125,257792.04971313477,245916.7921447754,245916.7921447754,1175356,035420.KS
2025-07-08,255318.03125,260266.0551114341,252349.21693313954,258781.64795300388,903743,035420.KS
2025-07-09,251359.609375,255812.83080093504,248390.7950910433,255812.83080093504,952460,035420.KS
2025-07-10,256802.4375,262245.2637283237,248390.79696531792,252844.0184248555,1754234,035420.KS
2025-07-11,250370.0,258781.64031620554,250370.0,258286.83794466403,1249355,035420.KS
2025-07-14,246411.59375,249875.2105296185,241463.5697791165,249380.40813253014,1205192,035420.KS
2025-07-15,246906.390625,250370.0073271543,244432.37869488978,244927.1810809118,791762,035420.KS
2025-07-16,247401.1875,252844.01362500002,246411.58275,248390.79225,785410,035420.KS
2025-07-17,240968.765625,252349.22067505133,239979.160838039,251359.61588809034,1262077,035420.KS
2025-07-18,239484.359375,242453.17374741734,237505.14979338844,240968.76656120867,703602,035420.KS
2025-07-21,237505.140625,242947.96676432292,237505.140625,238989.54775390626,674282,035420.KS
2025-07-22,232557.125,239484.3585106383,232062.32260638298,238989.55611702127,930384,035420.KS
2025-07-23,229093.5,235031.12850971922,227114.29049676025,233546.7213822894,719824,035420.KS
2025-07-24,224640.28125,232062.31697411893,222661.07172356828,230577.90982929515,1177878,035420.KS
2025-07-25,232062.3125,233546.7196162047,222661.06743070364,224145.4745469083,1202489,035420.KS
2025-07-28,233051.921875,234536.32902070062,229588.3052016985,233546.7242569002,600063,035420.KS
2025-07-29,230577.90625,237505.13948497854,229588.3015021459,233051.9181196352,928345,035420.KS
2025-07-30,231567.515625,237505.14423076925,231072.7132411859,231072.7132411859,768748,035420.KS
2025-07-31,232557.125,234041.53218085106,230083.1130319149,232557.125,521064,035420.KS
2025-08-01,222661.078125,230577.91645833335,221671.47333333333,230083.1140625,827729,035420.KS
2025-08-04,230083.109375,237010.34277553763,222661.07358870967,223155.87597446237,1276649,035420.KS
2025-08-05,229588.3125,234041.5340786638,226619.49811422414,233546.73168103446,683813,035420.KS
2025-08-06,226124.6875,234041.52557439826,223650.67560175055,234041.52557439826,1076418,035420.KS
2025-08-07,233051.921875,233051.921875,225629.8861464968,227609.09567409765,1019496,035420.KS
2025-08-08,227114.296875,238989.55422794117,226124.69209558825,238494.7518382353,1638049,035420.KS
2025-08-11,220681.859375,227609.09262892377,220187.05699971973,227114.2902536435,1264837,035420.KS
2025-08-12,220681.859375,225629.8831278027,220681.859375,221176.66175028027,743541,035420.KS
2025-08-13,222661.078125,223650.68291666667,219197.46135416668,223155.88052083334,1017399,035420.KS
2025-08-14,222166.265625,231072.7083449332,221671.4632516704,226124.68461163697,1165222,035420.KS
2025-08-18,223650.671875,226124.68373202434,221176.66001797566,222166.26476078542,479724,035420.KS
2025-08-19,223155.875,226124.6893015521,220681.8630820399,225629.88691796007,419214,035420.KS
2025-08-20,219197.453125,221671.46501128667,217218.24361597066,219197.453125,507825,035420.KS
2025-08-21,220681.859375,224145.47600196188,219692.25462443946,219692.25462443946,463923,035420.KS
2025-08-22,219692.265625,224640.28962556308,218702.6608248874,221671.47522522524,543978,035420.KS
2025-08-25,223155.875,223155.875,219197.45593126386,222166.27023281596,564999,035420.KS
2025-08-26,218702.65625,222166.27297794117,218702.65625,221671.4705882353,685341,035420.KS
2025-08-27,215733.84375,219692.26290137615,214249.43656823394,219692.26290137615,691579,035420.KS
2025-08-28,215239.03125,216228.6359913793,212765.0193965517,215239.03125,663919,035420.KS
2025-08-29,212270.21875,215733.83537296037,211775.41637529136,215239.03299825176,750586,035420.KS
2025-09-01,213259.828125,214249.43289588168,208311.80427059165,209301.40904147332,634984,035420.KS
2025-09-02,222661.078125,226619.4972916667,213754.635,213754.635,1790972,035420.KS
2025-09-03,218702.65625,222661.07536764705,217713.05147058825,222166.27297794117,711207,035420.KS
2025-09-04,224640.28125,227114.29315803963,219197.45505231275,219197.45505231275,971838,035420.KS
2025-09-05,226619.5,228103.9072052402,223155.88318777294,225135.09279475984,941824,035420.KS
2025-09-08,225629.890625,227114.29780016447,223650.68105811402,226124.6930167215,716688,035420.KS
2025-09-09,228598.703125,230577.9126758658,223650.6792478355,226124.69118641777,929473,035420.KS
2025-09-10,231072.71875,232062.32354122057,228103.90437633832,229588.31156316918,915806,035420.KS
2025-09-11,230577.90625,233546.72049356223,229093.4991282189,232062.3133717811,808213,035420.KS
2025-09-12,233546.71875,236515.5329713983,230083.10215836865,232062.31163930084,1191699,035420.KS
2025-09-15,231567.515625,233546.7251602564,229093.5037059295,233546.7251602564,710904,035420.KS
2025-09-16,232557.125,238494.75372340425,232062.32260638298,237010.3465425532,923864,035420.KS
2025-09-17,231072.71875,232557.12593683085,227114.29958511778,231072.71875,2083776,035420.KS
2025-09-18,234288.921875,236020.73016763464,231072.70647439282,232557.11358236536,1004507,035420.KS
2025-09-22,229588.3125,232557.12688577586,226619.49811422414,231567.52209051725,1004689,035420.KS
2025-09-23,228598.703125,233051.92461444807,227609.09834956712,229588.3079004329,735957,035420.KS
2025-09-24,225629.890625,231072.7169339364,222166.27388294955,228598.70497532893,982181,035420.KS
2025-09-25,251359.609375,254328.4236589567,223155.8736774114,224145.47843873032,8314576,035420.KS
2025-09-26,253833.625,259276.45126705655,247401.19395711503,248885.6011208577,4597910,035420.KS
2025-09-29,271646.5,275604.91894353373,263234.8597449909,265708.8715846995,3486022,035420.KS
2025-09-30,265708.875,276594.52723463683,262740.0607541899,276099.7248603352,2764865,035420.KS
2025-10-01,251854.421875,265708.88909012766,250370.01467337916,264224.48188850685,3385774,035420.KS
2025-10-02,250370.0,255318.023715415,247895.98814229248,252844.01185770752,2205648,035420.KS
2025-10-10,264719.28125,272141.3171728972,252844.0237733645,253833.62856308412,3490894,035420.KS
2025-10-13,259771.25,263729.66904761904,255318.02857142856,255318.02857142856,1454859,035420.KS
2025-10-14,255318.03125,267688.0909035853,254328.4264777132,259276.4503391473,2072061,035420.KS
2025-10-15,255812.828125,258286.8400024178,252349.21149661508,257792.03762693424,1438737,035420.KS
2025-10-16,257792.046875,267193.29234644916,252844.02294265837,254823.232515595,2154638,035420.KS
2025-10-17,252844.015625,257792.03941413894,251359.60848825832,257297.23703522506,1478832,035420.KS
2025-10-20,255318.03125,259771.25272529072,247401.19307170543,252349.21693313954,1527621,035420.KS
2025-10-21,251854.421875,257792.0506814833,251359.6194744597,257297.24828094302,1321294,035420.KS
2025-10-22,252844.015625,253833.6203828278,244432.3751834638,251359.60848825832,1076507,035420.KS
2025-10-23,239979.15625,248885.59916237113,239484.35386597938,248885.59916237113,2033710,035420.KS
2025-10-24,244432.375,245916.78213562752,239979.15359311743,242453.16548582996,1005395,035420.KS
2025-10-27,248390.796875,248885.59925921317,239484.35395916336,242453.16826444224,1317125,035420.KS
2025-10-28,250370.0,252349.20948616602,245421.976284585,247895.98814229248,908952,035420.KS
2025-10-29,262245.25,265708.86650943395,250864.79575471696,252349.20283018867,2466385,035420.KS
2025-10-30,252844.015625,264224.47034001956,251854.4108671722,264224.47034001956,1393179,035420.KS
2025-10-31,264719.28125,270656.90998831776,258286.85011682243,260266.05969626168,2861914,035420.KS
2025-11-03,271646.5,284511.36156648456,268677.68579234974,280552.9426229508,2760215,035420.KS
2025-11-04,264224.46875,271151.7020131086,264224.46875,269667.29488529963,1325780,035420.KS
2025-11-05,275604.9375,277089.3447037702,253833.63184470375,266203.6918761221,3470467,035420.KS
2025-11-06,261255.65625,279068.54190340906,261255.65625,278573.7395241477,2287056,035420.KS
2025-11-07,257297.234375,264224.4676081731,253338.8153846154,253338.8153846154,1648859,035420.KS
2025-11-10,257297.234375,261255.6533653846,255318.0248798077,260760.8509915865,974635,035420.KS
2025-11-11,260266.0625,267688.09850285173,258286.85289923954,258781.65529942967,1341337,035420.KS
2025-11-12,260760.859375,262740.06893382355,259276.45220588235,262740.06893382355,600486,035420.KS
2025-11-13,262740.0625,263234.86487758945,255812.82921374764,259771.24823446327,724253,035420.KS
2025-11-14,250864.8125,257297.2435897436,250370.01010848125,255318.03402366865,923411,035420.KS
2025-11-17,252349.21875,254328.42830882352,251359.61397058825,253833.62591911765,507818,035420.KS
2025-11-18,246411.59375,257792.04888303214,245916.79135291165,248885.6057354418,959645,035420.KS
2025-11-19,245916.78125,248390.79313380283,240473.9551056338,247895.99075704225,570754,035420.KS
2025-11-20,254328.421875,260266.0504012646,251854.4099890564,257297.23613813228,970537,035420.KS
2025-11-21,259771.25,262245.2619047619,246906.3880952381,248390.79523809522,1278706,035420.KS
2025-11-24,258286.84375,266698.48425526824,256307.63421934866,264719.27472461684,1673646,035420.KS
2025-11-25,250370.0,259771.24505928854,247895.98814229248,259771.24505928854,1218659,035420.KS
2025-11-26,260760.859375,261750.46415441178,249380.4044117647,252349.21875,944519,035420.KS
2025-11-27,248885.59375,258781.64121520874,247895.9890034791,256802.43172216698,2028550,035420.KS
2025-11-28,241463.5625,251359.6101434426,240968.76011782786,250864.8077612705,1580887,035420.KS
2025-12-01,240473.953125,244927.17447916666,239979.1507523148,243937.5697337963,666662,035420.KS
2025-12-02,240473.953125,242453.16261574073,238989.54600694444,240473.953125,618439,035420.KS
2025-12-03,243937.578125,245916.78768382352,242947.97334558825,243937.578125,630018,035420.KS
2025-12-04,244432.375,245916.78213562752,241958.36310728747,242947.96786437248,487370,035420.KS
2025-12-05,246906.390625,247401.19301102203,243442.7739228457,244927.1810809118,575298,035420.KS
2025-12-08,246411.59375,247896.00094126508,244432.3841616466,247896.00094126508,466382,035420.KS
2025-12-09,245421.984375,245916.78676285283,243442.77482358873,245421.984375,497708,035420.KS
2025-12-10,241958.359375,245421.97597137015,241463.55700408996,245421.97597137015,654772,035420.KS
2025-12-11,240968.765625,243442.77759240248,238494.75365759752,242947.97519892198,1056918,035420.KS
2025-12-12,241958.359375,242453.16174591,238989.54514953986,240473.95226226994,485052,035420.KS
2025-12-15,237999.953125,241463.5699064449,237505.15072765073,238989.55791969853,522965,035420.KS
2025-12-16,229093.5,237999.94276457882,228598.69762419007,237999.94276457882,1520556,035420.KS
2025-12-17,228598.703125,230577.9126758658,227114.29596185067,230577.9126758658,769339,035420.KS
2025-12-18,228103.90625,230825.3194482104,224145.487052603,225135.09185195225,744015,035420.KS
2025-12-19,233051.921875,233051.921875,229093.5028197983,230083.10758359873,1487738,035420.KS
2025-12-22,235525.9375,236515.54227941178,234041.53033088235,236020.73988970587,610805,035420.KS
2025-12-23,234536.328125,236020.73526503166,233051.92098496837,235525.93288502112,689469,035420.KS
2025-12-24,234041.53125,235525.93842494715,232062.3216834038,234536.33364164905,640875,035420.KS
2025-12-26,229093.5,235031.12850971922,228598.69762419007,234041.52375809936,738058,035420.KS
2025-12-29,239484.359375,239979.1617704029,229093.50907153924,229093.50907153924,1067392,035420.KS
2025-12-30,239979.15625,241958.36578608246,236515.53956185566,238494.74909793813,652269,035420.KS
2026-01-02,244432.375,246411.58451417004,235525.93218623483,240968.75835020244,1362199,035420.KS
2026-01-05,246906.390625,248390.7977830661,244432.37869488978,245916.78585295592,1011640,035420.KS
2026-01-06,257297.234375,259771.24624399038,245421.97740384613,246906.38452524037,2462129,035420.KS
2026-01-07,249875.203125,255318.02933168318,243937.5745358911,255318.02933168318,1886634,035420.KS
2026-01-08,248390.796875,255318.03025398406,242453.16826444224,246906.38972236056,1311262,035420.KS
2026-01-09,251359.609375,253833.62127829724,247895.99271038384,250370.0046136811,918991,035420.KS
2026-01-12,252844.015625,255812.82989848338,246411.58469911938,253338.8180039139,1328415,035420.KS
2026-01-13,261750.46875,261750.46875,253833.6303757089,256307.64236767488,1671879,035420.KS
2026-01-14,256802.4375,267193.2875722543,252844.0184248555,265214.0780346821,1574617,035420.KS
2026-01-15,244927.1875,260760.86426767675,241463.5707070707,254328.43308080808,2397110,035420.KS
2026-01-16,242947.96875,245916.7830320774,240968.7592286151,245916.7830320774,1898586,035420.KS
2026-01-19,235525.9375,240968.7637867647,235031.13511029413,239484.35661764705,1689244,035420.KS
2026-01-20,241463.5625,241958.3648821721,237999.94582479508,238989.55058913934,1205903,035420.KS
2026-01-21,236020.734375,239979.15340015723,235525.93199685536,237010.3391312893,1022540,035420.KS
2026-01-22,242947.96875,244927.17827138494,237010.3401858452,239484.35208757638,1341056,035420.KS
2026-01-23,263234.875,266698.4917763158,243937.5815319549,245421.98872180452,5042292,035420.KS
2026-01-26,269667.3125,273625.73176605505,262245.27637614676,271151.71972477064,2706664,035420.KS
2026-01-27,278573.75,288964.6003552398,267193.2948490231,267688.09724689164,4948006,035420.KS
2026-01-28,274615.3125,282532.1503378378,268182.88175675675,282037.34797297296,2822531,035420.KS
2026-01-29,284016.5625,287480.1791158537,272141.30553135887,273130.91027874564,2812259,035420.KS
2026-01-30,272141.3125,282532.16261363635,271646.5101136364,282532.16261363635,1819960,035420.KS
2026-02-02,265214.09375,275604.94443796645,262245.2792677239,267193.30340485077,1862631,035420.KS
2026-02-03,266203.6875,271646.51382434944,262245.2683550186,271646.51382434944,1894227,035420.KS
2026-02-04,261750.46875,264224.480741966,257297.24716446127,263234.8759451796,1700411,035420.KS
2026-02-05,254328.421875,261750.45753283074,252844.01474343386,259771.24802407587,1551427,035420.KS
2026-02-06,246411.59375,251359.61772088354,241463.5697791165,248390.80333835343,1919017,035420.KS
2026-02-09,247401.1875,251854.40887500002,245421.978,250864.804125,1426634,035420.KS
2026-02-10,251359.609375,256307.6331815945,249380.3998523622,251359.609375,1475536,035420.KS
2026-02-11,254823.234375,258286.85115291263,252349.2223907767,255812.83916868933,1133876,035420.KS
2026-02-12,252844.015625,259276.44655088065,252844.015625,258781.64417196673,1404228,035420.KS
2026-02-13,249875.203125,254823.22694925743,247401.1912128713,251359.61027227723,820046,035420.KS
2026-02-19,250370.0,252349.20948616602,249380.395256917,251854.4071146245,806208,035420.KS
2026-02-20,251854.421875,257297.24828094302,251359.6194744597,251854.421875,948594,035420.KS
2026-02-23,252844.015625,259276.44655088065,252349.21324608612,254823.2251406556,747019,035420.KS
2026-02-24,252349.21875,253833.62591911765,251359.61397058825,253833.62591911765,652490,035420.KS
2026-02-25,250370.0,253338.81422924902,248390.79051383398,252844.01185770752,937503,035420.KS
2026-02-26,260500.0,267000.0,258000.0,258500.0,1890166,035420.KS
2026-02-27,254500.0,261500.0,254500.0,261000.0,1259511,035420.KS
2026-03-03,236000.0,252000.0,236000.0,250500.0,1507045,035420.KS
2026-03-04,208000.0,231000.0,207500.0,225500.0,2051989,035420.KS
2026-03-05,220000.0,227500.0,218000.0,224000.0,1671549,035420.KS
2026-03-06,222500.0,225500.0,216000.0,216000.0,1042652,035420.KS
2026-03-09,218500.0,218500.0,207000.0,209500.0,940462,035420.KS
2026-03-10,220500.0,227000.0,218000.0,226500.0,935756,035420.KS
2026-03-11,222000.0,230000.0,221000.0,227000.0,757145,035420.KS
2026-03-12,222000.0,225500.0,220500.0,223500.0,700973,035420.KS
2026-03-13,223000.0,224000.0,216000.0,216500.0,706127,035420.KS
2026-03-16,218000.0,222500.0,216000.0,222000.0,531797,035420.KS
2026-03-17,224000.0,227500.0,220500.0,221500.0,614390,035420.KS
2026-03-18,226500.0,228500.0,225000.0,228500.0,687521,035420.KS
2026-03-19,220500.0,222500.0,220000.0,221500.0,474188,035420.KS
2026-03-20,221500.0,224500.0,220000.0,222000.0,673277,035420.KS
2026-03-23,209000.0,215500.0,208500.0,215500.0,692498,035420.KS
2026-03-24,213500.0,217000.0,209000.0,215500.0,468548,035420.KS
2026-03-25,215500.0,218000.0,214000.0,216500.0,465850,035420.KS
2026-03-26,211500.0,218500.0,211000.0,216500.0,414907,035420.KS
2026-03-27,211500.0,213000.0,206000.0,208000.0,439328,035420.KS
2026-03-30,207000.0,208500.0,204000.0,205500.0,379513,035420.KS
2026-03-31,201500.0,205500.0,200000.0,202500.0,890860,035420.KS
2026-04-01,210500.0,212000.0,205500.0,208500.0,575814,035420.KS
2026-04-02,195800.0,212000.0,194600.0,211500.0,1464904,035420.KS
2026-04-03,197500.0,200000.0,196600.0,198900.0,659137,035420.KS
2026-04-06,196800.0,199400.0,194200.0,197100.0,717180,035420.KS
2026-04-07,195900.0,202000.0,195100.0,197200.0,668729,035420.KS
2026-04-08,201500.0,204000.0,200000.0,202500.0,699966,035420.KS
2026-04-09,201500.0,206500.0,198600.0,200000.0,1258361,035420.KS
2026-04-10,202000.0,205000.0,201000.0,202500.0,525142,035420.KS
2026-04-13,199000.0,199500.0,196800.0,197700.0,514728,035420.KS
2026-04-14,201500.0,206500.0,201000.0,203500.0,623470,035420.KS
2026-04-15,211000.0,214500.0,205000.0,206000.0,992297,035420.KS
2026-04-16,218500.0,220000.0,216500.0,219500.0,752603,035420.KS
2026-04-17,216500.0,219000.0,214500.0,218500.0,1121630,035420.KS
2026-04-20,213500.0,217500.0,212500.0,216000.0,457862,035420.KS
2026-04-21,214000.0,215500.0,211500.0,215000.0,545889,035420.KS
2026-04-22,214000.0,216000.0,212500.0,215000.0,364648,035420.KS
2026-04-23,217500.0,221000.0,213000.0,220500.0,800536,035420.KS
2026-04-24,214000.0,216500.0,213000.0,216000.0,476096,035420.KS
2026-04-27,215000.0,218500.0,215000.0,216000.0,458738,035420.KS
2026-04-28,219500.0,223500.0,215000.0,215500.0,758420,035420.KS
2026-04-29,220000.0,227500.0,219000.0,223000.0,673160,035420.KS
2026-04-30,211000.0,223000.0,210500.0,223000.0,1387029,035420.KS
2026-05-04,209000.0,213500.0,208000.0,213500.0,875803,035420.KS
2026-05-06,208000.0,213000.0,207500.0,210500.0,839509,035420.KS
2026-05-07,207500.0,214000.0,206000.0,209000.0,1014658,035420.KS
2026-05-08,215000.0,219000.0,209000.0,210000.0,1542717,035420.KS
2026-05-11,211500.0,216000.0,210000.0,215500.0,780013,035420.KS
2026-05-12,204000.0,213000.0,200500.0,213000.0,991427,035420.KS
2025-05-12,813402.3125,869943.6927591463,807450.5882621951,868951.7387195121,285226,012450.KS
2025-05-13,787022.0625,807578.6350491607,763528.8721564589,779191.0197178611,365779,012450.KS
2025-05-14,802684.25,816388.5910499014,789958.7815969303,795832.0794750493,279650,012450.KS
2025-05-15,804642.0,810515.2979124716,793874.2768276139,806599.8073022425,167131,012450.KS
2025-05-16,823240.75,827156.302529402,805620.8566133811,805620.8566133811,162494,012450.KS
2025-05-19,821283.0,835966.2754027783,807578.6592217747,814430.8296108873,110989,012450.KS
2025-05-20,797789.8125,831071.8539632255,791916.514712203,829114.0467025421,183787,012450.KS
2025-05-21,832050.75,835966.3026343819,801705.3875756428,802684.2602349563,244255,012450.KS
2025-05-22,826297.6875,836217.2275660265,815386.193427371,830265.5035264106,152390,012450.KS
2025-05-23,823321.8125,829273.5364457831,806458.5946536144,826297.6744728915,136055,012450.KS
2025-05-26,826297.6875,826297.6875,791579.2972689077,792571.2512755103,169509,012450.KS
2025-05-27,879863.25,881847.1581172491,827289.6848928974,835225.317361894,369030,012450.KS
2025-05-28,825305.75,885814.9456129808,820345.9798677885,876887.359375,320783,012450.KS
2025-05-29,850104.625,864983.9358226372,826297.7276837807,841177.0385064178,234459,012450.KS
2025-05-30,804474.6875,845144.8011713933,804474.6875,844152.8471794081,436671,012450.KS
2025-06-02,828281.625,832249.4411676647,814394.2684131736,815386.2224550898,156208,012450.KS
2025-06-04,838201.125,838201.125,804474.6892011834,831257.4470414201,213653,012450.KS
2025-06-05,897718.375,917557.4551104973,837209.1806629834,841176.9966850829,512018,012450.KS
2025-06-09,872919.5625,887798.8732244318,855064.3896306818,883831.05703125,284593,012450.KS
2025-06-10,928469.0,942356.3568376069,875895.4348290599,896726.4700854701,337596,012450.KS
2025-06-11,897718.375,934420.6732044199,893750.5589779005,928468.9491712707,414770,012450.KS
2025-06-12,945332.1875,950291.9576337881,898710.3482423924,911605.7505902414,442140,012450.KS
2025-06-13,937396.5625,974098.8617724868,920533.3439153439,936404.6084656084,493711,012450.KS
2025-06-16,962195.4375,979058.656507732,930452.9076030928,955251.7590850516,326298,012450.KS
2025-06-17,946324.125,956243.6650943396,932436.7688679246,946324.125,270383,012450.KS
2025-06-18,919541.375,961203.4437702266,919541.375,956243.6736785329,257813,012450.KS
2025-06-19,926485.0625,930452.8786134904,903670.1198474305,918549.4302730194,198303,012450.KS
2025-06-20,930452.875,957235.6336620469,909621.8404850746,916565.5186567163,419837,012450.KS
2025-06-23,911605.75,945332.1868879216,910613.7959738846,939380.4627312296,243428,012450.KS
2025-06-24,887798.875,905654.0479050279,864983.9318435754,897718.4155027933,281041,012450.KS
2025-06-25,849112.625,892758.6010514018,849112.625,889782.7390478972,313167,012450.KS
2025-06-26,870935.625,877879.3031036446,834233.326452164,863991.9468963554,322082,012450.KS
2025-06-27,882839.0625,918549.4066011235,870935.6144662921,890774.6945224719,334673,012450.KS
2025-06-30,841177.0,869943.6662735849,841177.0,869943.6662735849,260471,012450.KS
2025-07-01,832249.4375,860024.1505512515,829273.5753873659,846136.7940256257,185116,012450.KS
2025-07-02,812410.375,831257.5021367521,778683.936965812,826297.7318376069,326459,012450.KS
2025-07-03,810426.4375,854072.4145501836,806458.6214045287,839193.1041921665,274396,012450.KS
2025-07-04,772732.1875,811418.3945763799,768764.371389602,803482.7623555841,297249,012450.KS
2025-07-07,798523.0,807450.5863354037,753885.0683229814,755868.9763975155,273998,012450.KS
2025-07-08,808442.5625,820346.0112730061,789595.4352760736,813402.3328220859,265811,012450.KS
2025-07-09,843160.9375,851096.5698529412,831257.4889705883,835225.3051470588,273305,012450.KS
2025-07-10,846136.8125,851096.5827960141,829273.5934935522,844152.9043815944,298241,012450.KS
2025-07-11,799514.9375,840185.0521867246,795547.1214330025,840185.0521867246,255773,012450.KS
2025-07-14,800506.875,812410.3229553903,784635.6110594795,801498.8289962825,183007,012450.KS
2025-07-15,841177.0,841177.0,795547.1155660377,795547.1155660377,235902,012450.KS
2025-07-16,847128.75,847128.75,823321.8530444965,833241.393442623,165528,012450.KS
2025-07-17,888790.8125,904662.0770089286,840185.0649414062,848120.6971958706,463424,012450.KS
2025-07-18,888790.8125,902678.1689453125,877879.3181501117,897718.3987862724,176796,012450.KS
2025-07-21,911605.75,918549.4281828074,873911.497007617,883831.0372687704,224163,012450.KS
2025-07-22,914581.625,915573.5790401301,897718.4063177875,908629.9007592191,207213,012450.KS
2025-07-23,902678.1875,923509.2225961538,890774.7388736263,916565.5442307693,213391,012450.KS
2025-07-24,933428.75,938388.5201912859,901686.2207757705,903670.1288522847,263357,012450.KS
2025-07-25,937396.5625,943348.2867063492,925493.1140873015,925493.1140873015,126974,012450.KS
2025-07-28,945332.1875,951283.9116605456,927477.0150183631,939380.4633394544,122549,012450.KS
2025-07-29,989970.125,989970.125,939380.4693136272,943348.2854458918,324999,012450.KS
2025-07-30,969139.0625,989970.0965967247,955251.7064355168,989970.0965967247,292494,012450.KS
2025-07-31,987986.1875,1026672.3936370482,943348.2573418675,964179.2914156627,602496,012450.KS
2025-08-01,931444.8125,981042.512846113,902678.1462992546,979058.6048322684,419450,012450.KS
2025-08-04,930452.875,937396.5531716418,914581.6106076759,922517.2428038379,118975,012450.KS
2025-08-05,953267.8125,965171.2607310093,924501.1459417273,934420.6861342351,187035,012450.KS
2025-08-06,928469.0,945332.219017094,917557.5053418804,944340.264957265,184646,012450.KS
2025-08-07,924501.125,934420.6649678111,915573.53902897,931444.8029774678,155826,012450.KS
2025-08-08,873911.5,902678.1668558456,867959.7758229284,898710.3507377979,330808,012450.KS
2025-08-11,872919.5625,888790.8272727273,867959.7922585227,867959.7922585227,157243,012450.KS
2025-08-12,844152.875,882839.0819623972,842168.9669506464,877879.3118390129,307287,012450.KS
2025-08-13,870935.625,875895.3950740319,802490.7979783599,847128.7286446469,394063,012450.KS
2025-08-14,875895.4375,887798.8862542468,867959.8049971687,872919.5753114382,241011,012450.KS
2025-08-18,880855.1875,898710.3602195946,862008.0607404279,871927.6011402027,236731,012450.KS
2025-08-19,820346.0,880855.1970979444,820346.0,878871.2889963725,256827,012450.KS
2025-08-20,809434.5,822329.9025735294,794555.1893382353,802490.8216911765,322736,012450.KS
2025-08-21,827289.6875,841177.0443645084,820346.0090677458,827289.6875,128018,012450.KS
2025-08-22,883831.0625,887798.878717733,839193.130050505,842168.9922138047,255134,012450.KS
2025-08-25,895734.5,900694.2702104098,880855.1893687707,892758.6378737541,127028,012450.KS
2025-08-26,892758.625,896726.4411111111,872919.5444444445,888790.8088888889,246639,012450.KS
2025-08-27,899702.3125,904662.0826901874,881847.1398153252,891766.6801957,112708,012450.KS
2025-08-28,900694.25,924501.1464757709,890774.7098017621,893750.5718612334,146074,012450.KS
2025-08-29,876887.375,912597.7205882353,876887.375,909621.8584558824,183497,012450.KS
2025-09-01,908629.875,919541.3691320961,885814.9327237991,887798.8407478166,185557,012450.KS
2025-09-02,925493.125,935412.6654608789,908629.9062165059,925493.125,129384,012450.KS
2025-09-03,933428.75,942356.3363443145,924501.1636556854,930452.8878852285,152150,012450.KS
2025-09-04,923509.1875,938388.4977175081,918549.4174274973,924501.1415145006,147466,012450.KS
2025-09-05,912597.6875,938388.4917119566,902678.1474184783,930452.8596467392,193204,012450.KS
2025-09-08,943348.25,944340.2039957939,913589.630126183,916565.4921135647,176069,012450.KS
2025-09-09,937396.5625,947316.1028439153,929460.9302248678,946324.1488095238,164915,012450.KS
2025-09-10,959219.5625,970131.0570062047,937396.5734875904,937396.5734875904,229210,012450.KS
2025-09-11,996913.8125,996913.8125,965171.2831467661,965171.2831467661,298028,012450.KS
2025-09-12,993937.9375,1002865.52376497,985010.35123503,991954.0294411178,169241,012450.KS
2025-09-15,978066.6875,999889.6764705883,972114.9632352941,989970.1360294118,143445,012450.KS
2025-09-16,1032624.125,1032624.125,986002.2865033621,986002.2865033621,226446,012450.KS
2025-09-17,1021712.625,1029648.257038835,1006833.3149271845,1018736.7629854368,202933,012450.KS
2025-09-18,1015760.9375,1043535.6506347656,990962.0864868164,1034608.0642700195,209665,012450.KS
2025-09-22,1013777.0,1025680.4481409002,992945.9657534247,1019728.72407045,137450,012450.KS
2025-09-23,995921.875,1015760.9561752988,990962.1047061753,996913.829058765,148757,012450.KS
2025-09-24,1049487.375,1054447.1452032137,996913.8108459357,1011793.1214555765,295040,012450.KS
2025-09-25,1039567.8125,1085197.697399809,1034608.0424021946,1053455.1687738548,209497,012450.KS
2025-09-26,1035600.0,1061390.8045977012,1016752.8735632184,1043535.632183908,192038,012450.KS
2025-09-29,1050479.375,1056431.0995042492,1035600.0637393767,1049487.4209159585,124076,012450.KS
2025-09-30,1098093.125,1117932.2058491418,1048495.4228771455,1050479.3309620598,291287,012450.KS
2025-10-01,1090157.5,1104044.856687898,1072302.3271155597,1091149.4540491356,158652,012450.KS
2025-10-02,1088173.625,1109004.6606654513,1070318.4515724704,1094125.3494758431,189175,012450.KS
2025-10-10,1033616.125,1070318.4250239923,1018736.8141794626,1060398.8844769674,290169,012450.KS
2025-10-13,985010.375,1036591.985775428,983026.4668932528,1031632.21550856,183941,012450.KS
2025-10-14,925493.125,1000881.6325026795,916565.5385852089,986002.3218113611,318501,012450.KS
2025-10-15,946324.125,948308.033018868,915573.5507075472,939380.4469339623,329226,012450.KS
2025-10-16,928469.0,961203.483974359,923509.2297008547,947316.1271367521,184356,012450.KS
2025-10-17,904662.0625,939380.4530564693,904662.0625,923509.1888020834,184363,012450.KS
2025-10-20,945332.1875,948308.0495802729,918549.4287775446,921525.2908578174,196306,012450.KS
2025-10-21,966163.25,978066.6986652977,952275.8932238193,976082.7905544147,247903,012450.KS
2025-10-22,998897.6875,1005841.3655660377,983026.4233490566,986002.2853773586,256790,012450.KS
2025-10-23,1040559.75,1054447.106053384,991954.0038131553,999889.6358436606,284405,012450.KS
2025-10-24,1004849.4375,1034608.0585513327,993937.9431145113,1034608.0585513327,189996,012450.KS
2025-10-27,1030640.25,1033616.1121270452,996913.8125601539,1001873.582771896,222929,012450.KS
2025-10-28,987986.1875,1030640.2096511044,984018.3714859438,1028656.3016440764,183625,012450.KS
2025-10-29,985010.375,1009809.2263343404,972114.972306143,1008817.2722809667,126098,012450.KS
2025-10-30,986002.3125,1005841.3932344064,986002.3125,991954.0367203219,150339,012450.KS
2025-10-31,971123.0,998897.7129724208,968147.137895812,968147.137895812,123048,012450.KS
2025-11-03,1033616.125,1047503.481765835,979058.6519913628,979058.6519913628,330523,012450.KS
2025-11-04,1001873.5625,1029648.2751237624,996913.7923886139,1029648.2751237624,180841,012450.KS
2025-11-05,942356.3125,1000881.5992763159,915573.5541447368,999889.6452631579,302267,012450.KS
2025-11-06,962195.4375,989970.1511597938,950291.9887886598,970131.0699742269,142073,012450.KS
2025-11-07,915573.5625,954259.7693661972,894742.5280335861,942356.3210996749,255527,012450.KS
2025-11-10,957235.625,976082.7512953369,919541.3724093265,927477.0045336788,150467,012450.KS
2025-11-11,940372.4375,972114.967035865,936404.6213080168,967155.196795886,118730,012450.KS
2025-11-12,952275.875,971123.0016927083,943348.288671875,951283.9209635417,167363,012450.KS
2025-11-13,948308.0625,963187.3731040795,945332.2003791841,956243.6948221758,118138,012450.KS
2025-11-14,947316.125,981042.5629581151,930452.9060209424,943348.3087696335,211727,012450.KS
2025-11-17,971123.0,972114.9540347293,942356.3329928499,957235.6435137896,151162,012450.KS
2025-11-18,913589.6875,994929.9202633008,913589.6875,977074.7472176981,209914,012450.KS
2025-11-19,897718.375,941364.351243094,879863.2029005525,931444.8111878453,309855,012450.KS
2025-11-20,908629.875,936404.5873362446,899702.2888919214,902678.1509279476,183622,012450.KS
2025-11-21,862008.0625,888790.8216340622,854072.4301639816,881847.143340046,256581,012450.KS
2025-11-24,848120.6875,878871.2621345029,806458.6186403509,874903.4460526315,301258,012450.KS
2025-11-25,852088.5,869943.6722933643,843160.9138533178,861016.0861466822,121366,012450.KS
2025-11-26,863991.9375,879863.2015642938,856056.305467853,866967.7995120551,125169,012450.KS
2025-11-27,856056.3125,894742.5189745075,855064.3584878331,893750.5649623406,198637,012450.KS
2025-11-28,845144.8125,859032.1685739437,829273.5484154929,859032.1685739437,195233,012450.KS
2025-12-01,806458.625,836217.2458487084,798522.9927736777,835225.2918204182,318566,012450.KS
2025-12-02,817370.125,820345.9871055826,784635.6418385922,789595.4120145631,300231,012450.KS
2025-12-03,859032.1875,871927.5898527714,827289.6586316398,829273.5666859123,315675,012450.KS
2025-12-04,848120.6875,875895.4000730994,838201.1472953216,866967.8138888888,110369,012450.KS
2025-12-05,887798.875,887798.875,845144.8508379888,848120.7129888268,192198,012450.KS
2025-12-08,929460.9375,935412.6617529349,891766.683898079,899702.3162353254,231159,012450.KS
2025-12-09,952275.875,955251.7371093751,930452.8861979167,933428.7483072917,231353,012450.KS
2025-12-10,915573.5625,947316.0912107258,911605.7464111592,937396.550988624,155708,012450.KS
2025-12-11,896726.4375,927477.0122372787,892758.6214048673,924501.1501659292,242560,012450.KS
2025-12-12,953267.8125,954259.7665192508,909621.8356529656,917557.4678069719,268675,012450.KS
2025-12-15,900694.25,935412.6406938325,845144.8248898678,935412.6406938325,144644,012450.KS
2025-12-16,867959.75,896726.416,857048.256,891766.646,207445,012450.KS
2025-12-17,863000.0,885814.9425287356,853080.459770115,867959.7701149426,94698,012450.KS
2025-12-18,844152.875,877879.3118390129,831257.4726792009,863000.0014688602,115140,012450.KS
2025-12-19,876887.375,899702.3180147059,858040.2481617647,858040.2481617647,208385,012450.KS
2025-12-22,878871.25,898710.3301354402,875895.387979684,892758.6060948082,107353,012450.KS
2025-12-23,892758.625,898710.3491666666,879863.2226388889,883831.03875,88326,012450.KS
2025-12-24,870935.625,895734.4753701595,862999.9928815489,892758.6133257403,103248,012450.KS
2025-12-26,863000.0,885814.9425287356,857048.275862069,871927.5862068966,102783,012450.KS
2025-12-29,949000.0,956000.0,891000.0,901000.0,339928,012450.KS
2025-12-30,941000.0,964000.0,918000.0,963000.0,187387,012450.KS
2026-01-02,946000.0,981000.0,938000.0,953000.0,144603,012450.KS
2026-01-05,1012000.0,1015000.0,968000.0,969000.0,327727,012450.KS
2026-01-06,1022000.0,1030000.0,981000.0,997000.0,279979,012450.KS
2026-01-07,1010000.0,1049000.0,988000.0,1033000.0,269662,012450.KS
2026-01-08,1090000.0,1114000.0,1025000.0,1051000.0,508382,012450.KS
2026-01-09,1214000.0,1219000.0,1099000.0,1101000.0,575132,012450.KS
2026-01-12,1212000.0,1257000.0,1186000.0,1256000.0,282589,012450.KS
2026-01-13,1282000.0,1296000.0,1212000.0,1229000.0,322326,012450.KS
2026-01-14,1269000.0,1281000.0,1249000.0,1279000.0,182382,012450.KS
2026-01-15,1294000.0,1329000.0,1269000.0,1312000.0,220568,012450.KS
2026-01-16,1299000.0,1319000.0,1279000.0,1308000.0,291401,012450.KS
2026-01-19,1330000.0,1339000.0,1292000.0,1316000.0,194888,012450.KS
2026-01-20,1309000.0,1398000.0,1294000.0,1345000.0,222510,012450.KS
2026-01-21,1315000.0,1328000.0,1281000.0,1312000.0,264111,012450.KS
2026-01-22,1289000.0,1313000.0,1270000.0,1292000.0,205157,012450.KS
2026-01-23,1255000.0,1289000.0,1234000.0,1281000.0,260134,012450.KS
2026-01-26,1262000.0,1292000.0,1258000.0,1268000.0,126918,012450.KS
2026-01-27,1230000.0,1295000.0,1230000.0,1295000.0,154527,012450.KS
2026-01-28,1288000.0,1299000.0,1251000.0,1280000.0,180905,012450.KS
2026-01-29,1300000.0,1329000.0,1268000.0,1301000.0,227097,012450.KS
2026-01-30,1300000.0,1348000.0,1271000.0,1340000.0,247057,012450.KS
2026-02-02,1239000.0,1348000.0,1207000.0,1320000.0,312729,012450.KS
2026-02-03,1299000.0,1315000.0,1268000.0,1280000.0,203785,012450.KS
2026-02-04,1324000.0,1333000.0,1287000.0,1315000.0,143922,012450.KS
2026-02-05,1227000.0,1300000.0,1208000.0,1290000.0,333625,012450.KS
2026-02-06,1181000.0,1192000.0,1110000.0,1159000.0,295504,012450.KS
2026-02-09,1193000.0,1260000.0,1173000.0,1246000.0,275049,012450.KS
2026-02-10,1146000.0,1249000.0,1112000.0,1220000.0,504416,012450.KS
2026-02-11,1130000.0,1163000.0,1125000.0,1153000.0,248096,012450.KS
2026-02-12,1131000.0,1140000.0,1120000.0,1139000.0,210941,012450.KS
2026-02-13,1105000.0,1128000.0,1097000.0,1119000.0,236946,012450.KS
2026-02-19,1149000.0,1199000.0,1131000.0,1199000.0,190403,012450.KS
2026-02-20,1242000.0,1258000.0,1192000.0,1224000.0,443593,012450.KS
2026-02-23,1236000.0,1251000.0,1215000.0,1241000.0,196612,012450.KS
2026-02-24,1241000.0,1246000.0,1201000.0,1243000.0,172787,012450.KS
2026-02-25,1212000.0,1241000.0,1205000.0,1240000.0,168169,012450.KS
2026-02-26,1194000.0,1207000.0,1182000.0,1207000.0,184947,012450.KS
2026-02-27,1195000.0,1241000.0,1195000.0,1227000.0,325910,012450.KS
2026-03-03,1432000.0,1492000.0,1304000.0,1330000.0,1295365,012450.KS
2026-03-04,1323000.0,1655000.0,1243000.0,1526000.0,1191514,012450.KS
2026-03-05,1381000.0,1486000.0,1322000.0,1361000.0,785586,012450.KS
2026-03-06,1481000.0,1540000.0,1368000.0,1414000.0,836707,012450.KS
2026-03-09,1434000.0,1550000.0,1361000.0,1516000.0,564231,012450.KS
2026-03-10,1455000.0,1484000.0,1353000.0,1365000.0,452836,012450.KS
2026-03-11,1410000.0,1496000.0,1390000.0,1459000.0,285240,012450.KS
2026-03-12,1465000.0,1474000.0,1424000.0,1430000.0,261688,012450.KS
2026-03-13,1488000.0,1489000.0,1409000.0,1462000.0,324291,012450.KS
2026-03-16,1476000.0,1522000.0,1457000.0,1478000.0,180940,012450.KS
2026-03-17,1396000.0,1470000.0,1388000.0,1470000.0,210274,012450.KS
2026-03-18,1390000.0,1415000.0,1362000.0,1415000.0,161859,012450.KS
2026-03-19,1375000.0,1417000.0,1361000.0,1416000.0,111115,012450.KS
2026-03-20,1320000.0,1360000.0,1306000.0,1347000.0,270214,012450.KS
2026-03-23,1278000.0,1314000.0,1232000.0,1300000.0,232870,012450.KS
2026-03-24,1335000.0,1348000.0,1291000.0,1310000.0,154321,012450.KS
2026-03-25,1400000.0,1400000.0,1332000.0,1362000.0,212913,012450.KS
2026-03-26,1369000.0,1425000.0,1351000.0,1425000.0,158124,012450.KS
2026-03-27,1369000.0,1349000.0,1287000.0,1349000.0,205178,012450.KS
2026-03-30,1308000.0,1327000.0,1256000.0,1276000.0,160318,012450.KS
2026-03-31,1249000.0,1289000.0,1217000.0,1263000.0,277570,012450.KS
2026-04-01,1331000.0,1364000.0,1283000.0,1323000.0,243803,012450.KS
2026-04-02,1417000.0,1478000.0,1383000.0,1415000.0,437390,012450.KS
2026-04-03,1449000.0,1480000.0,1399000.0,1418000.0,193653,012450.KS
2026-04-06,1450000.0,1474000.0,1410000.0,1449000.0,128832,012450.KS
2026-04-07,1537000.0,1545000.0,1426000.0,1426000.0,273390,012450.KS
2026-04-08,1484000.0,1512000.0,1450000.0,1507000.0,287112,012450.KS
2026-04-09,1451000.0,1495000.0,1423000.0,1485000.0,224072,012450.KS
2026-04-10,1507000.0,1517000.0,1456000.0,1465000.0,190431,012450.KS
2026-04-13,1530000.0,1559000.0,1495000.0,1526000.0,259390,012450.KS
2026-04-14,1523000.0,1531000.0,1484000.0,1515000.0,168602,012450.KS
2026-04-15,1509000.0,1542000.0,1501000.0,1514000.0,153464,012450.KS
2026-04-16,1519000.0,1570000.0,1511000.0,1570000.0,121112,012450.KS
2026-04-17,1423000.0,1516000.0,1421000.0,1515000.0,272895,012450.KS
2026-04-20,1425000.0,1450000.0,1419000.0,1447000.0,147969,012450.KS
2026-04-21,1391000.0,1434000.0,1390000.0,1427000.0,162137,012450.KS
2026-04-22,1416000.0,1444000.0,1405000.0,1410000.0,159301,012450.KS
2026-04-23,1425000.0,1429000.0,1399000.0,1421000.0,177030,012450.KS
2026-04-24,1463000.0,1525000.0,1440000.0,1469000.0,272846,012450.KS
2026-04-27,1454000.0,1472000.0,1442000.0,1466000.0,114894,012450.KS
2026-04-28,1395000.0,1450000.0,1395000.0,1449000.0,259276,012450.KS
2026-04-29,1420000.0,1446000.0,1397000.0,1406000.0,110434,012450.KS
2026-04-30,1417000.0,1458000.0,1379000.0,1416000.0,236243,012450.KS
2026-05-04,1465000.0,1482000.0,1436000.0,1440000.0,450389,012450.KS
2026-05-06,1433000.0,1473000.0,1405000.0,1473000.0,171436,012450.KS
2026-05-07,1317000.0,1413000.0,1316000.0,1412000.0,314456,012450.KS
2026-05-08,1307000.0,1338000.0,1275000.0,1335000.0,249051,012450.KS
2026-05-11,1315000.0,1370000.0,1314000.0,1349000.0,251134,012450.KS
2026-05-12,1284000.0,1360000.0,1259000.0,1360000.0,234338,012450.KS
2025-05-12,71777.75,71777.75,70298.81284340659,70496.00446428571,342148,066570.KS
2025-05-13,71974.9453125,72467.92438998287,71481.96623501713,72073.54112799658,379984,066570.KS
2025-05-14,71481.9609375,72566.51482758622,70594.5986637931,72566.51482758622,451096,066570.KS
2025-05-15,70594.6015625,71580.55968488129,70496.00575026187,70988.98481145251,233079,066570.KS
2025-05-16,70298.8125,71087.57897966339,69805.83345021038,70791.79154978962,183904,066570.KS
2025-05-19,69312.859375,70200.22172830725,69017.07192389757,69608.64682610241,218924,066570.KS
2025-05-20,69510.046875,70397.40917553191,69115.66363031915,69904.43011968085,227059,066570.KS
2025-05-21,69312.859375,69805.8384601707,69115.66774093172,69510.05100906828,240943,066570.KS
2025-05-22,69312.859375,69608.64682610241,68721.28447279516,69115.66774093172,316537,066570.KS
2025-05-23,69017.0625,69904.42473214286,69017.0625,69411.44571428571,209927,066570.KS
2025-05-26,70594.6015625,70594.6015625,68622.68531773743,69017.06856668994,239182,066570.KS
2025-05-27,68031.109375,69904.4297780797,67340.93870018116,69805.8339673913,631617,066570.KS
2025-05-28,70200.21875,70496.00618855338,68326.89830582865,68524.0899315309,561303,066570.KS
2025-05-29,71186.171875,71284.76768092105,70003.02220394736,70791.78865131579,371386,066570.KS
2025-05-30,70101.625,71284.77478902954,69805.83755274261,70791.79571026724,592255,066570.KS
2025-06-02,69805.8359375,70397.41081832627,69608.64431055791,69805.8359375,251758,066570.KS
2025-06-04,70298.8125,71580.55802945301,70101.62088008416,70496.00411991584,593895,066570.KS
2025-06-05,71383.3671875,71777.75043162984,70594.60069924034,70594.60069924034,458239,066570.KS
2025-06-09,71876.34375,72566.51440329218,71679.15213477367,71974.93955761318,452130,066570.KS
2025-06-10,72665.109375,73552.47163331072,71580.55550373135,72665.109375,640483,066570.KS
2025-06-11,73552.4765625,73552.4765625,72369.32680546246,72960.90168398124,514323,066570.KS
2025-06-12,74144.0546875,75425.80031374667,73848.26723528923,75327.20449634308,897232,066570.KS
2025-06-13,71186.171875,73651.0670230263,70791.78865131579,73158.08799342105,931983,066570.KS
2025-06-16,70988.984375,70988.984375,69608.64301215278,70397.40950520833,394654,066570.KS
2025-06-17,71186.171875,72467.91735197368,70791.78865131579,71186.171875,451460,066570.KS
2025-06-18,72763.7109375,73453.88163744919,70496.00720909552,70791.79465193089,559285,066570.KS
2025-06-19,72073.53125,73256.68087380301,71580.55224008208,73158.08507181943,388030,066570.KS
2025-06-20,72960.8984375,72960.8984375,71777.7487331081,72270.72777660473,529685,066570.KS
2025-06-23,73651.0703125,77397.71110483601,70496.00438211179,71777.74991633199,1370349,066570.KS
2025-06-24,75130.0,76510.34120734908,74735.61679790026,75524.38320209974,1168788,066570.KS
2025-06-25,75031.4140625,75918.7763838699,73946.860114159,75721.58475689882,514310,066570.KS
2025-06-26,73651.0703125,75130.00746736948,73256.68707120148,75130.00746736948,393009,066570.KS
2025-06-27,73059.4921875,74144.04605263157,72665.10896381579,73749.66282894736,434975,066570.KS
2025-06-30,72763.7109375,73749.66908028456,72665.11512322155,73256.69000889227,422420,066570.KS
2025-07-01,74341.2421875,75721.58355437666,73158.09244446286,73256.68825638264,655170,066570.KS
2025-07-02,75130.0,75130.0,73552.46719160106,74341.23359580053,419986,066570.KS
2025-07-03,76806.140625,76904.73644094994,74932.82012195123,75622.99083360076,704594,066570.KS
2025-07-04,76115.9609375,79665.40989313471,76115.9609375,77496.30219802461,922122,066570.KS
2025-07-07,73059.4921875,75918.77055921052,72960.89638157895,75918.77055921052,791075,066570.KS
2025-07-08,72566.515625,73552.47371773097,71974.9407693614,72566.515625,707380,066570.KS
2025-07-09,72665.109375,73059.49260091588,72172.13034260516,72763.70518147897,360540,066570.KS
2025-07-10,74341.2421875,74932.81705901858,73355.2840683024,73946.85893982096,623424,066570.KS
2025-07-11,74242.640625,75031.40705926294,73749.66160358566,74341.23642928287,332192,066570.KS
2025-07-14,76115.9609375,79764.0056974579,74637.02387265221,74735.61967697539,1769412,066570.KS
2025-07-15,75820.1796875,76313.15874918726,75130.00900113785,76017.3713121749,478176,066570.KS
2025-07-16,74341.2421875,75721.58355437666,74341.2421875,75524.39193053714,531088,066570.KS
2025-07-17,74932.8203125,75130.01194490131,73552.47888569078,74932.8203125,375098,066570.KS
2025-07-18,75130.0,75524.38320209974,74637.02099737532,75130.0,268217,066570.KS
2025-07-21,75524.3828125,75918.76601256528,74735.61641236945,75031.4038124184,277303,066570.KS
2025-07-22,75820.1796875,77890.69174658648,75327.20062581275,76115.96712451236,893819,066570.KS
2025-07-23,77989.2890625,78383.67231945322,76017.37277773388,76608.94766316372,1017097,066570.KS
2025-07-24,76806.140625,77989.29041639924,76313.16154525032,77890.6946004493,628366,066570.KS
2025-07-25,76017.3671875,77890.68752026588,75721.57976653696,77890.68752026588,431257,066570.KS
2025-07-28,76707.5390625,77299.11391388175,75820.17678542738,76313.1558282455,374976,066570.KS
2025-07-29,76313.15625,76707.5394864341,75327.19815891473,76313.15625,357009,066570.KS
2025-07-30,77594.90625,78383.6727684244,75918.77739834816,76115.96902795426,779571,066570.KS
2025-07-31,76313.15625,78876.64728682171,75820.17720445736,78778.05147771318,735716,066570.KS
2025-08-01,73946.859375,76411.7546875,73946.859375,75721.584,600252,066570.KS
2025-08-04,74735.625,74932.81662269129,73749.66688654353,74439.83756596305,245078,066570.KS
2025-08-05,75524.3828125,76214.55341261423,75031.4038124184,75129.99961243472,355246,066570.KS
2025-08-06,75820.1796875,76313.15874918726,75031.41318880039,75031.41318880039,254054,066570.KS
2025-08-07,76614.109375,76812.5915236399,75820.18078044041,76415.6272263601,250257,066570.KS
2025-08-08,76316.3828125,76812.58816238621,76018.65960256827,76514.86495245449,271831,066570.KS
2025-08-11,76018.6640625,77507.28019949413,76018.6640625,76415.62836569843,348955,066570.KS
2025-08-12,75323.9765625,76514.86947257906,75323.9765625,75919.42301753952,314487,066570.KS
2025-08-13,77705.7578125,78301.20423251916,75423.21320242656,75820.17748243934,838607,066570.KS
2025-08-14,76614.109375,77904.24334115932,76415.6272263601,77904.24334115932,367302,066570.KS
2025-08-18,76217.140625,77110.31024169922,76117.89955647786,76614.10489908853,287958,066570.KS
2025-08-19,75919.421875,76514.86832107844,75026.25220588235,76316.38617238562,307306,066570.KS
2025-08-20,76117.8984375,76217.13950456324,74827.76456567796,75621.69310218384,373742,066570.KS
2025-08-21,75224.734375,76316.38619310685,75125.49330062665,76316.38619310685,359488,066570.KS
2025-08-22,74728.5234375,76217.13944223107,74430.80023655378,75423.2109063745,378845,066570.KS
2025-08-25,75323.9765625,75423.21763833992,74927.01225914032,75224.73548666008,174807,066570.KS
2025-08-26,74728.5234375,76117.898375249,74728.5234375,75026.24663844622,416636,066570.KS
2025-08-27,74629.2890625,75224.7355177859,74530.04798661901,75224.7355177859,263165,066570.KS
2025-08-28,74629.2890625,74927.01229014296,74331.56583485704,74728.53013838099,280205,066570.KS
2025-08-29,73339.1484375,74927.00550786537,73041.4252368065,74827.76444096753,546283,066570.KS
2025-09-01,71652.0546875,73339.1529280644,71453.57254155124,73339.1529280644,348361,066570.KS
2025-09-02,72346.7421875,72346.7421875,71453.5725308642,71652.05467678326,401821,066570.KS
2025-09-03,73835.359375,73934.60044942876,72247.50218413978,72247.50218413978,309645,066570.KS
2025-09-04,74728.5234375,75323.96983939243,73438.38956673307,73537.63063371513,531146,066570.KS
2025-09-05,74530.046875,75125.49332140479,74133.08257739681,75026.252247004,226879,066570.KS
2025-09-08,74629.2890625,74827.77121426197,74133.08368309509,74530.04798661901,183302,066570.KS
2025-09-09,75026.25,75224.73214285714,74133.08035714286,74728.52678571429,268395,066570.KS
2025-09-10,75224.734375,75621.69867249341,74430.8057800132,75026.2522262533,332791,066570.KS
2025-09-11,75323.9765625,76018.66409337944,75026.25333498024,75323.9765625,473494,066570.KS
2025-09-12,76415.625,76812.58928571429,75621.69642857142,75720.9375,476178,066570.KS
2025-09-15,76514.8671875,77110.31362475682,76217.1439688716,76415.62611462387,375754,066570.KS
2025-09-16,76415.625,76911.83035714286,76217.14285714286,76614.10714285714,375476,066570.KS
2025-09-17,77308.796875,78201.9665436457,76614.10935494224,76812.59150353017,703739,066570.KS
2025-09-18,81476.921875,83164.02013550549,79392.859317905,80682.99328182095,3742513,066570.KS
2025-09-22,79095.1328125,80980.7131430364,79095.1328125,79492.09709261292,641705,066570.KS
2025-09-23,78797.4140625,80286.03019718199,78102.72653298173,80087.54804589106,729541,066570.KS
2025-09-24,77408.0390625,78499.6908954327,76415.62830528847,78499.6908954327,635037,066570.KS
2025-09-25,77308.796875,77606.5200978819,76812.59150353017,76911.83257782413,424766,066570.KS
2025-09-26,75720.9375,76812.58928571429,75423.21428571429,76614.10714285714,548336,066570.KS
2025-09-29,76117.8984375,77110.30910813234,75820.1752363103,76415.6216386897,318695,066570.KS
2025-09-30,75026.25,75919.41964285714,74430.80357142857,75919.41964285714,846132,066570.KS
2025-10-01,74530.046875,75720.93976780958,74430.8058005992,75522.45761900798,305645,066570.KS
2025-10-02,75820.1796875,76415.62612483639,75075.87164082951,75323.97432305301,814910,066570.KS
2025-10-10,78400.4453125,78499.68638251582,76316.38284216772,77011.07033227848,955851,066570.KS
2025-10-13,80385.265625,80682.98883101852,76415.62287808642,77209.55142746914,1378387,066570.KS
2025-10-14,82370.0859375,83164.01447665662,80484.50565700301,80881.46992658133,1742436,066570.KS
2025-10-15,83660.2265625,83858.70871330072,81973.12828069396,82866.29795929715,788790,066570.KS
2025-10-16,83263.2578125,83759.46316299165,82469.32925171335,82469.32925171335,628316,066570.KS
2025-10-17,83560.984375,84057.18974539786,82469.3325601247,82667.81470828384,556190,066570.KS
2025-10-20,90309.375,90706.33928571429,85049.59821428571,85148.83928571429,2111530,066570.KS
2025-10-21,88523.0390625,91202.54809241871,87927.59261140694,90706.34271650785,1062670,066570.KS
2025-10-22,88920.0,89416.20535714286,86935.17857142857,89316.96428571429,605113,066570.KS
2025-10-23,89515.4453125,90507.85601441242,87629.8649788664,87927.58818944014,756369,066570.KS
2025-10-24,87332.140625,89813.16734730115,85744.28352272727,89713.9262784091,1159776,066570.KS
2025-10-27,88324.5546875,90110.89399578652,87431.38503335674,87530.62610603933,579322,066570.KS
2025-10-28,88423.796875,88523.03794893378,87431.38613566218,88423.796875,460279,066570.KS
2025-10-29,88126.0703125,89019.2399440456,87431.38282129786,89019.2399440456,705875,066570.KS
2025-10-30,86935.1796875,89515.44757776827,86438.97432398687,88423.79577803938,752690,066570.KS
2025-10-31,86935.1796875,87828.34934182363,85645.04574236587,86141.251105879,1104075,066570.KS
2025-11-03,87927.5859375,89515.44301989277,87232.89846395316,88026.82700514955,927485,066570.KS
2025-11-04,87828.3515625,90607.1016684322,87629.86941207627,87927.59263771186,932443,066570.KS
2025-11-05,86438.9765625,87332.14623995408,82767.05677741102,87332.14623995408,912444,066570.KS
2025-11-06,91004.0625,92591.91964285714,88026.83035714286,88423.79464285714,2254077,066570.KS
2025-11-07,87629.8671875,90408.61722289071,86935.17967865232,90408.61722289071,1113728,066570.KS
2025-11-10,88920.0,89713.92857142857,86042.00892857142,88324.55357142857,702948,066570.KS
2025-11-11,89912.4140625,91797.99448985927,89118.48546150663,89614.69083712748,971144,066570.KS
2025-11-12,92194.953125,93782.81022941334,91301.7835037675,93782.81022941334,1023036,066570.KS
2025-11-13,91797.9921875,95469.91187499999,91103.30467905405,92194.95647804053,1173916,066570.KS
2025-11-14,89515.4453125,91599.50778651607,89316.96317211752,89912.40959326497,586352,066570.KS
2025-11-17,90706.3359375,91301.7823440919,89713.92525984682,91301.7823440919,480706,066570.KS
2025-11-18,86935.1796875,90309.37615938927,86835.93861479737,90011.65294128138,632417,066570.KS
2025-11-19,86438.9765625,87927.59269159012,84354.91398177382,87828.35161631745,613143,066570.KS
2025-11-20,86637.453125,88523.03343356244,86637.453125,88225.31022694732,355910,066570.KS
2025-11-21,85744.2890625,86042.01228841147,84255.67293294272,84553.39615885417,311895,066570.KS
2025-11-24,83362.5,86835.9375,83362.5,86835.9375,759352,066570.KS
2025-11-25,84553.390625,87034.41734521714,84454.14955619132,85148.83703785212,485683,066570.KS
2025-11-26,85843.5234375,85843.5234375,84057.18422145954,85545.80023482659,455906,066570.KS
2025-11-27,84751.875,86438.97321428571,84354.91071428571,85942.76785714286,548757,066570.KS
2025-11-28,84950.359375,85446.56474518107,84255.67185674648,85148.84152307242,322741,066570.KS
2025-12-01,84751.875,85744.28571428571,84454.15178571429,85148.83928571429,428509,066570.KS
2025-12-02,86538.2109375,86538.2109375,84851.1127884891,85148.83599125574,400432,066570.KS
2025-12-03,88820.7578125,89813.16851431565,86141.24891759777,86538.21319832403,568024,066570.KS
2025-12-04,94080.5390625,94874.46766218355,88324.55671479431,89217.72638943829,1757147,066570.KS
2025-12-05,98943.3515625,101722.1016565321,96660.8068424022,97454.7354406971,2776901,066570.KS
2025-12-08,96363.078125,99042.5869915036,95370.66743370236,98943.34592237383,851551,066570.KS
2025-12-09,94775.2265625,96263.84268651833,94080.53903795812,96263.84268651833,691477,066570.KS
2025-12-10,93782.8125,95172.1875,93286.60714285714,95072.94642857142,538045,066570.KS
2025-12-11,93981.296875,96065.35942449841,93981.296875,95172.18976042766,785399,066570.KS
2025-12-12,95668.390625,95668.390625,94080.53351919087,94973.7031412085,481346,066570.KS
2025-12-15,94973.703125,96363.07809234587,93485.087088558,93981.29243403867,581279,066570.KS
2025-12-16,92393.4375,95469.91071428571,92095.71428571429,95370.66964285714,559341,066570.KS
2025-12-17,95569.1484375,95767.63057340342,92691.1574669003,93286.60387461059,668159,066570.KS
2025-12-18,92294.1953125,93485.08815524193,90805.57925907258,93286.60601478495,681180,066570.KS
2025-12-19,93584.328125,93584.328125,91996.47102001592,93385.845986877,775883,066570.KS
2025-12-22,93187.3671875,94179.77791367145,92294.19753394568,94080.53684105432,475361,066570.KS
2025-12-23,91996.4765625,93981.29806330906,91797.9944124191,93385.85161306635,426912,066570.KS
2025-12-24,91797.9921875,93385.84934966215,91797.9921875,92492.67969594595,288895,066570.KS
2025-12-26,90904.8203125,92691.15957628275,90805.57924228985,92691.15957628275,368644,066570.KS
2025-12-29,91103.3046875,91202.54576014433,89614.68859783497,90607.09932427833,373276,066570.KS
2025-12-30,91202.546875,91500.27009657236,90210.13613642547,91301.78794885745,418596,066570.KS
2026-01-02,90706.3359375,91500.26447962254,90110.8895309081,91500.26447962254,467181,066570.KS
2026-01-05,92294.1953125,93981.2935063844,91698.74889112903,91797.98996135753,753679,066570.KS
2026-01-06,93286.609375,95668.3951462766,92294.19863696808,93286.609375,870410,066570.KS
2026-01-07,91599.5078125,93286.60600622969,90110.8917592091,93286.60600622969,1018835,066570.KS
2026-01-08,91500.265625,92194.95310805315,90408.61386591649,91301.78348698482,767354,066570.KS
2026-01-09,88423.796875,91500.27016694724,87232.9039877946,91301.78801907969,1547720,066570.KS
2026-01-12,87332.140625,88324.55131392046,85942.76566051137,88225.3102450284,1165681,066570.KS
2026-01-13,90110.890625,90110.890625,87530.62283177313,87927.58710765418,1125930,066570.KS
2026-01-14,91797.9921875,96462.32260135135,90408.61717060811,91202.54575168919,2215408,066570.KS
2026-01-15,93286.609375,93683.57367021278,91004.06467752659,91500.27004654256,1123935,066570.KS
2026-01-16,97653.2109375,102912.98754287348,93584.3271484375,94378.25569264482,4653041,066570.KS
2026-01-19,106088.703125,106783.39061038355,94576.73908150141,96958.52474567354,3808484,066570.KS
2026-01-20,104203.125,108470.49107142857,101325.13392857142,108371.25,1913232,066570.KS
2026-01-21,108470.4921875,109661.38505689615,100729.68853642498,101722.09926092178,2536425,066570.KS
2026-01-22,105394.015625,110753.03336864406,104600.08707038606,110753.03336864406,1726668,066570.KS
2026-01-23,104798.5703125,107775.80242365056,103905.40067915483,105394.0167347301,1221871,066570.KS
2026-01-26,101722.1015625,104203.12842987805,100928.17296493903,104103.88735518293,1442337,066570.KS
2026-01-27,100531.203125,100630.44419422507,98744.86387894867,100531.203125,1125191,066570.KS
2026-01-28,99141.828125,101325.13164727228,99042.58705580581,101225.89057807808,1273383,066570.KS
2026-01-29,100134.2421875,100729.68862270813,96760.04572132062,99340.3136072225,1479925,066570.KS
2026-01-30,98347.8984375,101424.37154704843,98050.17523335015,99241.06804994955,1139046,066570.KS
2026-02-02,95866.875,99439.55357142857,94675.98214285714,97553.97321428571,1073877,066570.KS
2026-02-03,99538.796875,99935.76116961615,97355.49325461117,97950.9396965354,1037039,066570.KS
2026-02-04,102019.8203125,103012.23101592899,99439.55248358463,99538.79355392752,1383130,066570.KS
2026-02-05,99538.796875,101821.34156904287,98744.86828576769,101027.41297981056,824988,066570.KS
2026-02-06,98447.140625,98447.140625,95271.42641129032,97553.97100239416,802143,066570.KS
2026-02-09,101821.3359375,102416.78234649124,99340.30923336989,100431.96098318713,899239,066570.KS
2026-02-10,103210.7109375,103905.39841496394,101722.09491436298,102516.02346003606,1117921,066570.KS
2026-02-11,126929.328125,127723.25668246677,105592.49814308053,105691.73921276387,13160492,066570.KS
2026-02-12,120478.6640625,126830.09281044069,118096.87828202224,126830.09281044069,5121457,066570.KS
2026-02-13,116310.5390625,118791.56591963524,115218.8872453605,117005.22658249787,2261854,066570.KS
2026-02-19,120180.9375,121669.55357142857,118096.875,119089.28571428571,1916025,066570.KS
2026-02-20,122661.96875,125142.99562601132,119387.01327366506,119387.01327366506,1906702,066570.KS
2026-02-23,131593.65625,138441.28994626697,123555.12973699094,124448.29934954751,5519357,066570.KS
2026-02-24,133479.234375,134769.3682388476,127624.01145446097,133677.71650789963,1918668,066570.KS
2026-02-25,132288.34375,133379.99549887472,130204.28132033008,133379.99549887472,1265443,066570.KS
2026-02-26,145586.65625,147968.44203732107,139433.70963275392,140922.3257498296,4568151,066570.KS
2026-02-27,144594.234375,150747.180518617,142510.1719715168,143601.82370667468,2611013,066570.KS
2026-03-03,126631.609375,140227.63640037226,126036.1629359326,139036.74352223746,2709473,066570.KS
2026-03-04,108172.765625,122165.7564076835,105890.22102924313,117104.46186926606,2558128,066570.KS
2026-03-05,114524.1953125,119783.97204695625,113035.57925557843,117799.15063772746,1954025,066570.KS
2026-03-06,117104.46875,118493.8438029661,111646.20961334746,111646.20961334746,1179043,066570.KS
2026-03-09,112539.375,112837.09821428571,107180.35714285714,109959.10714285714,1042771,066570.KS
2026-03-10,115020.40625,118394.60280953407,112440.13829270923,118394.60280953407,1051235,066570.KS
2026-03-11,117005.2265625,121570.31597884861,115615.85152274174,117699.91408237914,1047058,066570.KS
2026-03-12,113134.8203125,116509.0167077851,112936.33817160089,115417.36493283992,956070,066570.KS
2026-03-13,112241.65625,113531.79022988505,108966.70076259946,109760.62936560565,733098,066570.KS
2026-03-16,113333.3046875,115814.33149764668,111447.72431178854,112043.17074622374,648220,066570.KS
2026-03-17,113631.03125,116509.02243449782,113631.03125,116012.81705786026,691353,066570.KS
2026-03-18,119089.2890625,119783.97658203126,114921.16394531251,115516.610390625,933385,066570.KS
2026-03-19,115318.125,117005.22321428571,114325.71428571428,115020.40178571428,560434,066570.KS
2026-03-20,117005.2265625,119387.01234494275,115615.85152274174,116112.05689408397,797591,066570.KS
2026-03-23,108668.9765625,112638.61954195205,108172.7711900685,110455.31590325343,932229,066570.KS
2026-03-24,113432.546875,115119.64512248468,110058.35038003062,113333.30580161854,655877,066570.KS
2026-03-25,113829.5078125,116409.77564434394,113333.30246022232,115218.88279887752,757815,066570.KS
2026-03-26,112142.4140625,114325.71769911505,110356.07472345133,113432.5480295907,580950,066570.KS
2026-03-27,111150.0,111348.48214285714,106882.63392857142,108272.00892857142,552035,066570.KS
2026-03-30,108300.0,108900.0,104600.0,105700.0,462366,066570.KS
2026-03-31,105600.0,107900.0,103600.0,105300.0,759539,066570.KS
2026-04-01,112400.0,113100.0,109200.0,110700.0,676738,066570.KS
2026-04-02,108800.0,116400.0,107200.0,115300.0,882435,066570.KS
2026-04-03,108300.0,111500.0,107300.0,110800.0,439721,066570.KS
2026-04-06,109400.0,110200.0,107800.0,108100.0,351253,066570.KS
2026-04-07,107100.0,114400.0,105000.0,111400.0,1090464,066570.KS
2026-04-08,116700.0,117300.0,112900.0,114200.0,1193144,066570.KS
2026-04-09,117200.0,120700.0,115700.0,117100.0,1188521,066570.KS
2026-04-10,118400.0,119900.0,117200.0,119000.0,608715,066570.KS
2026-04-13,115300.0,116800.0,114700.0,115300.0,469084,066570.KS
2026-04-14,120000.0,121400.0,117600.0,118200.0,679271,066570.KS
2026-04-15,122200.0,126300.0,121000.0,124000.0,970337,066570.KS
2026-04-16,126000.0,127000.0,122500.0,123300.0,862043,066570.KS
2026-04-17,124200.0,125600.0,123200.0,125400.0,519561,066570.KS
2026-04-20,124500.0,125800.0,123000.0,123700.0,448899,066570.KS
2026-04-21,126600.0,127000.0,125300.0,125800.0,600138,066570.KS
2026-04-22,132800.0,133900.0,125600.0,126000.0,1430607,066570.KS
2026-04-23,129900.0,135900.0,126600.0,135900.0,1201334,066570.KS
2026-04-24,127500.0,132900.0,126100.0,130800.0,815555,066570.KS
2026-04-27,130000.0,131200.0,127300.0,128700.0,628169,066570.KS
2026-04-28,140000.0,149000.0,138800.0,141600.0,3412120,066570.KS
2026-04-29,135800.0,142100.0,134600.0,141200.0,1519252,066570.KS
2026-04-30,140900.0,151700.0,138800.0,140300.0,4601367,066570.KS
2026-05-04,143200.0,146200.0,140300.0,146200.0,1517270,066570.KS
2026-05-06,154900.0,157000.0,147000.0,147400.0,3976159,066570.KS
2026-05-07,148700.0,155700.0,145000.0,155000.0,1943210,066570.KS
2026-05-08,154100.0,158400.0,145800.0,148000.0,2029897,066570.KS
2026-05-11,156700.0,158600.0,152000.0,157600.0,1761737,066570.KS
2026-05-12,184900.0,194900.0,160400.0,161400.0,10296997,066570.KS
2025-05-12,187628.03125,187628.03125,183411.67099719102,183890.80284410113,569602,005380.KS
2025-05-13,188490.46875,189736.21155312657,186957.24683845957,189161.25333629892,462830,005380.KS
2025-05-14,188873.765625,190023.68200627854,186190.62740201675,188969.59199010654,557318,005380.KS
2025-05-15,184849.0625,188682.11719155003,184178.27792897876,187053.06894764127,469355,005380.KS
2025-05-16,185711.5,186573.93730650155,184944.8890608875,185232.3681630547,311743,005380.KS
2025-05-19,183028.375,184944.90248691099,182070.1112565445,184944.90248691099,378893,005380.KS
2025-05-20,181590.96875,185998.98171174142,181590.96875,184753.2389182058,422756,005380.KS
2025-05-21,180153.578125,182405.49785156248,179578.6198969415,181590.97369514627,558502,005380.KS
2025-05-22,174787.296875,179195.3098444353,174308.16503049617,179195.3098444353,982354,005380.KS
2025-05-23,172391.640625,174883.12625938022,171816.6824016815,174787.29988882714,829741,005380.KS
2025-05-26,174308.171875,175362.26197429906,172199.99167640187,172583.2971670561,623947,005380.KS
2025-05-27,174308.171875,174308.171875,172774.9499123832,173158.2554030374,502985,005380.KS
2025-05-28,178141.21875,178524.52422337278,174787.29585798818,174787.29585798818,611926,005380.KS
2025-05-29,185523.296875,187465.94919829845,180958.0639152487,184163.4402486911,1093538,005380.KS
2025-05-30,179986.75,182123.66770102538,179986.75,182026.53507825147,781444,005380.KS
2025-06-02,178724.015625,180181.0048828125,177849.8220703125,179306.811328125,538182,005380.KS
2025-06-04,180666.671875,181152.3349714382,178821.15210853497,179792.4783014113,577325,005380.KS
2025-06-05,184163.453125,187465.96230551158,180666.67869857594,180666.67869857594,797915,005380.KS
2025-06-09,192128.3125,192711.108190091,186786.01867416583,187368.81436425683,1665140,005380.KS
2025-06-10,191351.265625,195722.23362151015,190185.67415926396,195236.5705107868,998951,005380.KS
2025-06-11,195236.5625,195722.225590796,193293.91013681592,193391.04275497512,649618,005380.KS
2025-06-12,195722.234375,198636.21305055832,194750.90814981388,195722.234375,885521,005380.KS
2025-06-13,193293.921875,194070.9828674623,191157.00414572863,193682.45237123113,933606,005380.KS
2025-06-16,195722.234375,196207.89748759306,190574.20538151366,192613.99045440447,500547,005380.KS
2025-06-17,199121.859375,202035.83780487804,194750.89173018292,196693.5440167683,950447,005380.KS
2025-06-18,200093.203125,201064.52935376213,194750.90886680825,196693.56132433252,575644,005380.KS
2025-06-19,201064.53125,205435.4993206522,199607.54189311594,203492.84684480677,538891,005380.KS
2025-06-20,203978.515625,204464.17875744047,199607.5474330357,202035.8630952381,662635,005380.KS
2025-06-23,195722.234375,200093.20238833746,194750.90814981388,199607.5392757444,935001,005380.KS
2025-06-24,200093.203125,202035.85558252427,197179.2244387136,200578.86623938108,718116,005380.KS
2025-06-25,210777.78125,215148.74906394008,200093.19326036866,200578.85635080645,1789517,005380.KS
2025-06-26,203492.84375,208835.13797732696,202035.85441527446,208349.47486575178,814616,005380.KS
2025-06-27,199121.859375,204949.81623475612,197179.20708841464,204949.81623475612,764378,005380.KS
2025-06-30,197664.875,201064.51658476656,197664.875,198636.20116707616,492507,005380.KS
2025-07-01,203978.515625,208349.4838169643,197664.89490327382,198150.5580357143,1059697,005380.KS
2025-07-02,207378.140625,211749.10846018736,203978.49897540984,208835.1299033958,1058819,005380.KS
2025-07-03,208349.484375,210777.8000437063,205435.50557255244,208835.14750874127,562758,005380.KS
2025-07-04,204464.171875,210292.12926811163,203978.50875890735,208349.4768037411,415693,005380.KS
2025-07-07,202521.515625,204464.16805305754,201064.52630395684,203978.50494604316,398058,005380.KS
2025-07-08,204949.828125,205435.4912248223,199607.534026955,201064.5233264218,499225,005380.KS
2025-07-09,203492.84375,203492.84375,199607.53885739855,202521.51752684964,524731,005380.KS
2025-07-10,202035.859375,205435.5012394832,199607.54375751203,203978.51186899038,719453,005380.KS
2025-07-11,202035.859375,205435.5012394832,201550.1962515024,203007.1856219952,592335,005380.KS
2025-07-14,210777.78125,211749.10743087556,202035.8456221198,202521.50871255758,1241993,005380.KS
2025-07-15,204949.828125,211263.44842268957,203492.8388255332,210777.7853228673,1111748,005380.KS
2025-07-16,201550.1875,204949.82921686748,201550.1875,204949.82921686748,492782,005380.KS
2025-07-17,203978.515625,205921.16815476192,199607.5474330357,202521.52622767858,611349,005380.KS
2025-07-18,204464.171875,206406.82433937053,202521.51941062944,203978.50875890735,317353,005380.KS
2025-07-21,203007.1875,204464.1768839713,202035.86124401912,203492.8506279904,460835,005380.KS
2025-07-22,200578.859375,203492.83796156175,198636.20698395884,203007.17486380145,441603,005380.KS
2025-07-23,215634.421875,216605.74809966216,206892.48585304053,206892.48585304053,2832242,005380.KS
2025-07-24,211263.453125,219034.06289511494,208349.4744612069,214663.09489942528,1417925,005380.KS
2025-07-25,210292.125,214663.0929561201,207863.80946882218,208835.1356812933,665815,005380.KS
2025-07-28,212234.765625,216120.0702588673,209806.45022883295,215148.74410040045,692799,005380.KS
2025-07-29,211749.109375,212234.7724698968,207863.80461582568,211263.4462801032,646415,005380.KS
2025-07-30,216605.734375,221462.36519058296,209320.78815162557,209320.78815162557,1239327,005380.KS
2025-07-31,206892.484375,226319.0087294601,205921.15815727698,226319.0087294601,2956498,005380.KS
2025-08-01,203978.515625,209320.81008184524,203978.515625,204949.84188988095,1083280,005380.KS
2025-08-04,204949.828125,206406.81742446683,201064.5233264218,203978.50192535546,651682,005380.KS
2025-08-05,204464.171875,208835.13991983372,203492.84564281473,206892.48745546318,480510,005380.KS
2025-08-06,204464.171875,205435.49810718527,202521.51941062944,203007.18252672208,385330,005380.KS
2025-08-07,206406.8125,208835.12794117647,204949.8232352941,207378.1386764706,421547,005380.KS
2025-08-08,206406.8125,207863.8017647059,205435.48632352942,206406.8125,440664,005380.KS
2025-08-11,206406.8125,207378.1386764706,205435.48632352942,206892.4755882353,298656,005380.KS
2025-08-12,206892.484375,209806.463028169,205435.49504841547,205921.15815727698,347183,005380.KS
2025-08-13,209806.453125,209806.453125,207863.80078125,209320.7900390625,377571,005380.KS
2025-08-14,211263.453125,212720.44245689656,209806.46379310347,209806.46379310347,546695,005380.KS
2025-08-18,210292.125,211749.11431870668,208835.1356812933,211263.45121247112,405813,005380.KS
2025-08-19,212720.421875,212720.421875,208835.11736586757,210292.10655679222,442222,005380.KS
2025-08-20,214177.4375,215634.42687074828,211263.4587585034,212234.78500566893,784564,005380.KS
2025-08-21,215148.765625,218062.74439193003,214177.43936935667,214663.10249717833,601284,005380.KS
2025-08-22,213691.78125,217091.4232244318,213206.11811079545,215634.43380681818,401067,005380.KS
2025-08-25,215634.421875,215634.421875,211263.45386402027,215148.7587626689,419600,005380.KS
2025-08-26,212234.765625,215634.40717963388,211263.4394665332,214177.41794193364,806670,005380.KS
2025-08-27,213691.78125,214663.1075284091,212234.79183238637,212720.45497159092,337163,005380.KS
2025-08-28,218112.96875,221060.44130067568,214183.00534909908,214674.25077421172,734689,005380.KS
2025-08-29,216148.0,220569.20909090908,214674.26363636364,219095.47272727272,606655,005380.KS
2025-09-01,216639.25,219095.47732426305,215165.5136054422,216639.25,504672,005380.KS
2025-09-02,216148.0,217130.4909090909,213200.52727272728,217130.4909090909,365383,005380.KS
2025-09-03,217621.734375,219586.71617522574,214674.2616746614,214674.2616746614,459718,005380.KS
2025-09-04,217621.734375,217621.734375,215656.75257477426,217130.48892494355,249504,005380.KS
2025-09-05,216148.0,218604.22727272726,215656.75454545455,218112.9818181818,245652,005380.KS
2025-09-08,214674.25,214674.25,211726.77745995423,214183.00457665903,382254,005380.KS
2025-09-09,215165.484375,216639.22056934933,214674.23897688356,215656.72977311644,407652,005380.KS
2025-09-10,216639.25,218112.98639455784,215165.5136054422,215656.7590702948,427432,005380.KS
2025-09-11,219095.453125,219095.453125,215165.48984024665,217621.7168932175,569436,005380.KS
2025-09-12,219586.71875,220077.96420581656,216639.24601510068,218604.2278383669,666184,005380.KS
2025-09-15,211235.53125,217621.72172965118,211235.53125,217621.72172965118,1712249,005380.KS
2025-09-16,211235.53125,212709.26751453488,211235.53125,212218.02209302326,492855,005380.KS
2025-09-17,212218.015625,212709.26103153935,211235.5248119213,212218.015625,412548,005380.KS
2025-09-18,212709.28125,214674.26306293302,211235.54489030023,212709.28125,652885,005380.KS
2025-09-22,214183.0,215165.4908256881,210744.28211009176,211235.5275229358,499195,005380.KS
2025-09-23,215165.484375,216147.9751712329,213691.7481806507,213691.7481806507,473760,005380.KS
2025-09-24,213691.765625,215656.74737787354,212709.2747485632,214183.01106321838,383310,005380.KS
2025-09-25,213200.515625,213691.76105270738,211726.77934187787,213200.515625,509882,005380.KS
2025-09-26,210744.296875,211726.78776952214,209270.56053321678,211235.54232226108,448652,005380.KS
2025-09-29,211235.53125,212709.26751453488,210253.04040697674,211726.77667151164,339105,005380.KS
2025-09-30,211235.53125,212218.02209302326,210253.04040697674,210253.04040697674,339691,005380.KS
2025-10-01,211726.78125,213200.51754640372,211235.53581786543,211726.78125,297048,005380.KS
2025-10-02,216148.0,219095.47272727272,212709.28181818183,212709.28181818183,1099674,005380.KS
2025-10-10,213200.515625,216393.61090509794,212709.27019729264,215165.4973358295,779161,005380.KS
2025-10-13,214674.25,215656.74084668193,210253.04118993136,210744.28661327233,544349,005380.KS
2025-10-14,219095.453125,221060.4347673767,214182.9990190583,214674.2444296525,885802,005380.KS
2025-10-15,219586.71875,220077.96420581656,216148.00055928412,219095.47329418344,670710,005380.KS
2025-10-16,237762.796875,240710.26956353305,229902.86970557852,232850.34239411156,2115204,005380.KS
2025-10-17,238745.28125,241692.7538580247,235306.56320730454,236780.29951131687,994190,005380.KS
2025-10-20,243657.734375,247587.6978326613,237271.5437563004,247096.45240045365,1155423,005380.KS
2025-10-21,252008.90625,262325.0603070175,247096.4519371345,247587.69736842104,2002410,005380.KS
2025-10-22,256430.125,260360.08860153257,250043.9341475096,260360.08860153257,1060973,005380.KS
2025-10-23,247587.6875,253973.87785218254,246605.1966765873,252008.89620535716,909720,005380.KS
2025-10-24,248078.953125,249552.68948019802,243657.74405940593,249061.44402846534,775983,005380.KS
2025-10-27,250043.921875,254956.3761358055,248570.18559675835,249061.4310228389,763121,005380.KS
2025-10-28,246113.96875,249061.44142964072,244640.23241017965,249061.44142964072,677447,005380.KS
2025-10-29,253482.640625,254956.3769077035,246605.20463905038,250043.9226320252,937830,005380.KS
2025-10-30,260360.09375,284431.12128537736,258395.11191037737,282466.1394457547,2958411,005380.KS
2025-10-31,284922.375,288852.3387931034,265763.8015086207,268711.27435344824,3631736,005380.KS
2025-11-03,286396.09375,292782.28451972554,282957.3756432247,292291.0390759005,1498016,005380.KS
2025-11-04,271167.5,283448.6367753623,271167.5,281483.6548913043,1416294,005380.KS
2025-11-05,263798.8125,266746.2852653631,254465.14874301676,265272.5488826816,1420277,005380.KS
2025-11-06,264290.0625,270185.00813197024,259868.8532760223,269693.7626626394,686561,005380.KS
2025-11-07,259377.59375,262325.06640625,254956.384765625,256430.12109375,666772,005380.KS
2025-11-10,265763.78125,269202.4993068392,260360.08144639555,261833.8177564695,692464,005380.KS
2025-11-11,264290.0625,269202.51719330857,262816.32609200745,267728.78078531596,494203,005380.KS
2025-11-12,270676.21875,273623.6911864791,264781.2738770417,266746.25550136116,807526,005380.KS
2025-11-13,273623.71875,274114.9642055655,267728.77328321367,268220.0187387792,681153,005380.KS
2025-11-14,267728.75,273132.4495412844,267237.504587156,267728.75,579023,005380.KS
2025-11-17,266746.25,270676.21316758747,266746.25,270676.21316758747,384305,005380.KS
2025-11-18,259868.828125,266746.26403000945,258886.33728142723,264290.0369210775,475705,005380.KS
2025-11-19,259377.59375,267237.5208333333,256921.3665364583,267237.5208333333,413452,005380.KS
2025-11-20,257412.609375,262816.30919012404,257412.609375,262325.0637523855,501196,005380.KS
2025-11-21,254956.390625,256430.12698699423,250043.9360850193,250535.18153901736,538414,005380.KS
2025-11-24,252991.40625,257412.61529126213,252991.40625,257412.61529126213,610389,005380.KS
2025-11-25,252991.40625,257412.61529126213,252008.91535194175,256430.12439320388,390393,005380.KS
2025-11-26,256921.359375,257412.6048040153,254956.3776589388,255938.8685169694,402781,005380.KS
2025-11-27,259401.296875,260393.2712416348,257417.34814173038,259401.296875,289061,005380.KS
2025-11-28,259401.296875,263369.1943415392,256921.360958413,259401.296875,511004,005380.KS
2025-12-01,252457.46875,259401.28910854616,251465.49441306485,258905.30194007859,555473,005380.KS
2025-12-02,263865.1875,265353.1490836466,254937.4179981203,255433.4051926692,1084944,005380.KS
2025-12-03,264361.15625,265353.13056988746,260889.246130394,264361.15625,483994,005380.KS
2025-12-04,281224.75,282216.7244268078,267833.09523809527,270809.01851851854,1994134,005380.KS
2025-12-05,312471.9375,313959.8991071429,277752.8333333333,279736.78214285715,3892799,005380.KS
2025-12-08,312967.90625,318423.7651545166,306024.0858260697,318423.7651545166,1913789,005380.KS
2025-12-09,304536.125,309495.996742671,299080.26608306187,305528.0993485342,1229611,005380.KS
2025-12-10,300072.25,303544.1603305785,295112.37809917354,302056.19876033056,1173271,005380.KS
2025-12-11,293128.40625,304040.12357233505,293128.40625,301560.1878172589,1465528,005380.KS
2025-12-12,299080.28125,300568.2428482587,293128.43485696515,296600.34525290213,827283,005380.KS
2025-12-15,291144.46875,295112.36610945483,291144.46875,294120.39176959114,798990,005380.KS
2025-12-16,283704.65625,299080.25824956293,282216.69476617133,294120.3866368007,1264096,005380.KS
2025-12-17,283704.65625,286184.5920563811,281720.7076048951,285688.6048951049,686802,005380.KS
2025-12-18,280232.78125,282712.71736725664,277752.84513274336,278248.8323561947,705877,005380.KS
2025-12-19,286184.59375,286184.59375,276264.8504657712,283208.67076473136,1210816,005380.KS
2025-12-22,286680.59375,288168.5553092561,282712.6962586505,288168.5553092561,676748,005380.KS
2025-12-23,284696.625,290152.4836672474,283208.6635452962,288168.53506097564,699584,005380.KS
2025-12-24,286680.59375,297592.31185121107,284696.64500432526,286680.59375,1295368,005380.KS
2025-12-26,283704.65625,289656.50218531466,282712.68192744756,289656.50218531466,847245,005380.KS
2025-12-29,291144.46875,291640.4559199318,280232.75101149915,282216.6996912266,697450,005380.KS
2025-12-30,294120.375,295112.34928330523,287176.5550168634,288664.51644182124,628188,005380.KS
2026-01-02,296104.34375,299576.2539782245,290648.484819933,297096.3181009213,955205,005380.KS
2026-01-05,302056.21875,307512.07820197043,299576.282635468,300072.2698583744,1292161,005380.KS
2026-01-06,305528.09375,327351.52901785716,301560.1964285714,315447.8370535714,3346949,005380.KS
2026-01-07,347687.0,359094.70470756065,310487.9629101284,311479.937232525,7764177,005380.KS
2026-01-08,337767.28125,358102.7563325991,335287.3452643172,358102.7563325991,3053301,005380.KS
2026-01-09,363062.625,366038.5481557377,337271.29098360654,346199.06045081967,3104258,005380.KS
2026-01-12,364054.59375,380422.17085320165,355622.8116059264,379926.18366825616,3027809,005380.KS
2026-01-13,402741.59375,410181.40151631774,374966.3114224138,377446.2473445197,5463622,005380.KS
2026-01-14,408197.46875,410181.41756530985,394805.8142466586,403237.5967117254,2861932,005380.KS
2026-01-15,418613.1875,421589.11063388624,401749.62307464454,406213.50777547393,2864894,005380.KS
2026-01-16,409685.40625,423077.0599651937,404725.53450363193,423077.0599651937,2589883,005380.KS
2026-01-19,476147.6875,483091.5079427083,416133.2393880208,416629.2265625,5990850,005380.KS
2026-01-20,475155.71875,492515.27006132563,456804.1930780271,490035.3341597077,5235613,005380.KS
2026-01-21,544593.875,546577.8235428052,463747.9718806922,464243.95901639346,7830202,005380.KS
2026-01-22,524754.4375,585264.8735822306,520786.5400519849,581296.9761342155,7176207,005380.KS
2026-01-23,505906.90625,538642.0590073529,495987.1629901961,525746.3927696078,4774169,005380.KS
2026-01-26,488547.375,510866.79822335026,486067.43908629444,494995.2083756345,3680159,005380.KS
2026-01-27,484579.46875,494995.1993986694,465235.9689738997,469203.866363869,4492400,005380.KS
2026-01-28,488547.375,501939.02893401013,486563.42626903555,500947.0545685279,2514604,005380.KS
2026-01-29,523762.46875,524754.4431226326,490035.3400804924,496979.1606889204,5431226,005380.KS
2026-01-30,495987.1875,512850.75187499996,495987.1875,511858.77749999997,3032673,005380.KS
2026-02-02,474163.75,502931.0067991632,469203.8781380753,482099.5449790795,2652237,005380.KS
2026-02-03,487555.40625,491027.31656917604,469203.88027721265,483091.5215539166,2275995,005380.KS
2026-02-04,499955.0625,513842.703125,493507.2293526786,497971.11383928574,1706630,005380.KS
2026-02-05,484579.46875,503922.96852610033,479619.5970125384,488547.3661399693,1653286,005380.KS
2026-02-06,463748.0,469203.85882352944,448372.3978609626,465731.9486631016,2023516,005380.KS
2026-02-09,474163.75,481107.57060669456,469203.8781380753,480115.5962343096,1518143,005380.KS
2026-02-10,476643.6875,500947.0597034339,475155.72593652445,494995.2134495317,1738747,005380.KS
2026-02-11,504914.9375,510866.783521611,473171.75871807465,476643.66889734776,3270111,005380.KS
2026-02-12,501939.03125,507890.8774703558,494003.2362895257,507890.8774703558,1733637,005380.KS
2026-02-13,494995.21875,505410.94980586175,493507.25717059115,495491.20594313624,1147006,005380.KS
2026-02-19,508882.84375,518802.587292885,491523.29254995123,499955.0745614035,1907584,005380.KS
2026-02-20,504914.9375,511858.75785854616,499955.0658153242,511858.75785854616,1251835,005380.KS
2026-02-23,518802.59375,536658.1323494264,512850.7475501912,519794.5681166348,2094265,005380.KS
2026-02-24,519794.5625,525746.4086354962,500947.04973759543,517810.61378816795,1490869,005380.KS
2026-02-25,567409.3125,579313.0043706293,527730.3395979021,530706.2625655595,4149696,005380.KS
2026-02-26,606764.3125,615731.2727832512,560933.1821633826,571892.8002873564,2894222,005380.KS
2026-02-27,671525.6875,684477.9633716617,587834.0587908012,589826.7166172107,4354409,005380.KS
2026-03-03,592815.75,655584.4764705882,591819.4210084034,651599.1605042017,3763225,005380.KS
2026-03-04,499160.8125,590823.0774700599,495673.66111526947,557944.2215568862,4855346,005380.KS
2026-03-05,545988.25,579863.4333941606,538017.6186131387,562925.8416970803,2663493,005380.KS
2026-03-06,550969.9375,561929.5565099458,528054.3704792043,530047.0284810127,1582300,005380.KS
2026-03-09,505138.78125,509124.09707840235,489197.51793639053,502149.7943786982,1913094,005380.KS
2026-03-10,523072.6875,539013.9503571428,517094.7139285714,536024.9635714286,1270933,005380.KS
2026-03-11,528054.3125,558940.5081367925,521080.01025943394,547980.8903301887,1415825,005380.KS
2026-03-12,519087.375,526061.6775431862,511116.7435220729,522076.36180422263,1146292,005380.KS
2026-03-13,515102.0625,527556.1742625725,499160.79944390716,500157.12838491297,950437,005380.KS
2026-03-16,504142.4375,518091.0424901186,497168.13500494073,509124.08213932806,1348089,005380.KS
2026-03-17,520083.71875,542002.9559386973,518091.06082375476,526061.6925287356,1346937,005380.KS
2026-03-18,542999.25,542999.25,528054.3165137615,534032.2899082568,930616,005380.KS
2026-03-19,520083.71875,528054.3504549809,519087.3897868774,519087.3897868774,770000,005380.KS
2026-03-20,515102.0625,526061.6808510638,515102.0625,525065.3519100581,1049264,005380.KS
2026-03-23,483219.53125,499160.79413659795,483219.53125,498164.4652061856,1603262,005380.KS
2026-03-24,490193.84375,507131.4359120935,482223.21214430896,506135.10696138215,1082455,005380.KS
2026-03-25,499160.8125,516098.40494011977,496669.9900823353,507131.44423652696,1102731,005380.KS
2026-03-26,488201.1875,497666.3125637755,484215.87168367347,494179.1612244898,954455,005380.KS
2026-03-27,493182.84375,496669.99517045455,465285.63238636364,470765.44176136365,1151726,005380.KS
2026-03-30,467776.4375,470765.42432108626,459307.64150692226,466780.1085596379,942256,005380.KS
2026-03-31,443864.5625,462296.6487093154,443366.39800785633,457813.16828002245,1271113,005380.KS
2026-04-01,485710.375,490692.0198717949,464289.3020512821,470267.2758974359,974266,005380.KS
2026-04-02,463791.125,497666.3092105263,455322.3289473684,497168.1447368421,1331860,005380.KS
2026-04-03,469270.9375,483219.54286093416,465285.6216825902,473754.417794586,659219,005380.KS
2026-04-06,467278.28125,475747.0773920576,463292.9654184435,467776.44572894456,553057,005380.KS
2026-04-07,471263.59375,479732.38983218814,463791.1266186575,475248.90955338266,704114,005380.KS
2026-04-08,506135.09375,508127.75159940944,488201.17310531496,498164.4623523622,1291522,005380.KS
2026-04-09,487703.03125,512113.09103677224,485212.20882277837,508127.77515321755,990889,005380.KS
2026-04-10,487703.03125,497666.32095888664,487703.03125,496171.82750255364,814112,005380.KS
2026-04-13,476743.40625,484714.037911442,472758.090419279,474750.7483346395,637565,005380.KS
2026-04-14,489695.6875,499658.9771744659,487204.8650813835,490692.0164674466,778907,005380.KS
2026-04-15,506135.09375,517094.71192175196,500157.1202017717,508127.75159940944,867909,005380.KS
2026-04-16,532039.6875,542002.9775280899,525065.384480337,528054.3714887641,1524311,005380.KS
2026-04-17,536025.0,545988.2899628252,529050.6970260224,544991.9609665427,724452,005380.KS
2026-04-20,525065.375,539013.9807874763,524069.04601518024,531043.3489089184,835506,005380.KS
2026-04-21,543995.625,545988.282967033,528054.3612637363,532039.6771978022,946609,005380.KS
2026-04-22,539013.9375,540010.2664048059,529050.6484519409,538017.6085951941,747125,005380.KS
2026-04-23,530047.0,548977.25,523072.69736842107,544991.9342105263,1089561,005380.KS
2026-04-24,511116.75,524069.02631578944,508127.7631578947,523072.69736842107,1228355,005380.KS
2026-04-27,522076.375,531043.335639313,513109.414360687,518091.05916030536,930365,005380.KS
2026-04-28,552962.5625,571892.8123873874,523072.69425675675,531043.3257882883,2585417,005380.KS
2026-04-29,553958.875,562925.8352068345,543995.5858812949,562925.8352068345,971755,005380.KS
2026-04-30,529050.6875,557944.2278719398,529050.6875,553958.9119585687,1150241,005380.KS
2026-05-04,537021.3125,544991.9442254175,530047.0097402597,542999.2862940631,854165,005380.KS
2026-05-06,547980.9375,561929.5431818182,539013.9767045454,542999.2926136364,1690524,005380.KS
2026-05-07,569900.1875,593812.083479021,555951.5815122378,576874.4904938812,2082177,005380.KS
2026-05-08,610749.625,644624.8081158238,578867.0997145188,587834.0599510603,5020568,005380.KS
2026-05-11,643628.5,651599.1315789473,607760.6578947369,628683.5657894737,2569392,005380.KS
2026-05-12,643628.5,699921.0855263157,603775.3421052631,670529.3815789473,4856178,005380.KS
