Date,ticker,target,next_return,weighted_trend,Open,date_trend_rank,return_lag2,Volume,kor_glb_spread,rsi_14,volume_change,return_lag3,return,bb_high_gap,ma20_gap,bb_low_gap,return_lag1,trend_earnings,ma5_gap,rsi_5,trend_ma_interaction,trend_change,macd_hist,date_return_rank,volatility_7,rolling_std_5,trend_forecast,trend_lag3
2025-05-12,000660.KS,1,0.01794882335966,-1.1253115977653874,-0.5516196182868798,-1.4638501094227996,0.390826529020634,-0.3956383362546899,0.7974286339073496,0.559919779726919,1.778681661300989,0.3976265127106882,0.3917865841670969,0.6166095640970904,0.6723949363059302,0.2220790400739301,0.3783202438982673,-0.2872428823497172,0.2370383253970395,0.6132400096208551,-0.1834220786578771,-0.9651070925226134,-0.0639991524041028,1.464707917940265,-0.3843080689475453,-0.5030578357657072,-0.4369241172448026,-1.127065943668324
2025-05-13,000660.KS,1,0.0377833104891882,-1.1624871624990227,-0.5334865494017915,-1.4638501094227996,0.390826529020634,-0.1968233001884718,0.7317746043642098,0.559919779726919,1.778681661300989,0.3976265127106882,0.3917865841670969,0.6166095640970904,0.6723949363059302,0.2220790400739301,0.3783202438982673,-0.2872428823497172,0.2370383253970395,0.6132400096208551,-0.1834220786578771,-0.9651070925226134,-0.0289895232187386,1.464707917940265,-0.3843080689475453,-0.5030578357657072,-0.4369241172448026,-1.127065943668324
2025-05-14,000660.KS,0,-0.0266991630286811,-1.1624871624990227,-0.5164047565271765,-1.4638501094227996,0.390826529020634,-0.2026402601926409,0.6780971236555635,0.559919779726919,-0.2278908875420692,0.3976265127106882,0.9899270981971108,0.6166095640970904,0.6723949363059302,0.2220790400739301,0.3783202438982673,-0.2872428823497172,0.2370383253970395,0.6132400096208551,-0.1834220786578771,-1.5167139445884612,0.0660588499040073,1.464707917940265,-0.3843080689475453,-0.5030578357657072,-0.4369241172448026,-1.127065943668324
2025-05-15,000660.KS,1,0.0199502773770374,-1.1624871624990227,-0.5150908449486682,-1.4638501094227996,0.390826529020634,-0.2200979175091259,0.7618521604852375,0.559919779726919,-0.2847941569316751,0.3976265127106882,-0.954644475750244,0.6166095640970904,0.6723949363059302,0.2220790400739301,0.9734005631210734,-0.2872428823497172,0.2370383253970395,0.6132400096208551,-0.1834220786578771,2.628503368765661,0.0634241642162599,-1.464707917940265,-0.3843080689475453,-0.5030578357657072,-0.4369241172448026,-1.127065943668324
2025-05-16,000660.KS,0,-0.0249388952638804,-1.1624871624990227,-0.5190327231605032,-1.4638501094227996,0.9937169944052432,-0.3058816426084736,0.7714799088129508,0.559919779726919,-0.636506177018254,0.3976265127106882,0.4521436141696179,0.6166095640970904,0.6723949363059302,0.2220790400739301,-0.961222231746356,-0.2872428823497172,0.2370383253970395,0.6132400096208551,-0.1834220786578771,-0.116606163224091,0.094437479586625,0.8788247507641588,-0.3843080689475453,-0.5030578357657072,-0.4369241172448026,-1.1644530524628758
2025-05-19,000660.KS,1,0.0130391326910241,-1.149957470770471,-0.5269166537703038,-1.4638501094227996,-0.9662968045128736,-0.2987467228907497,0.749943762013086,0.559919779726919,-0.1524090538797277,0.9979076886222372,-0.9015608008968188,0.6166095640970904,0.6723949363059302,0.2220790400739301,0.4383684764435692,-0.2872428823497172,-0.6029372566716947,0.0569183075955343,-0.2222985563934809,0.5427134803421657,0.0535289845709936,-1.464707917940265,-0.3843080689475453,-0.5680864120427931,-0.4369241172448026,-1.1644530524628758
2025-05-20,000660.KS,0,-0.0074258858771369,-1.1624871624990227,-0.5282306323006486,-1.4638501094227996,0.4516628660583669,-0.2605822557757429,0.6663935236275519,0.559919779726919,0.0485057455775716,-0.9536232370938504,0.2437270512390028,0.6166095640970904,0.6723949363059302,0.2220790400739301,-0.908410142552694,-0.2872428823497172,-0.3365243253958234,-0.0006626054584563,-0.2053658200729604,-1.694115980593315,0.0464387195306409,1.464707917940265,-0.3843080689475453,-0.598274023764861,-0.4369241172448026,-1.1644530524628758
2025-05-21,000660.KS,0,-0.0179549125314901,-1.1624871624990227,-0.5229747634586037,-1.4638501094227996,-0.9127915817666664,-0.3846957012520901,0.6992915905497096,0.559919779726919,-0.9117335326557876,0.4581995521464083,-0.3734281414339774,0.6166095640970904,0.6723949363059302,0.2220790400739301,0.2310182102587124,-0.2872428823497172,-0.3930428046971386,-0.8322999596720712,-0.2054553344971806,-1.126447656575159,0.0196536782676066,-0.878824750764159,-0.3843080689475453,-0.6408646662421631,-0.4369241172448026,-1.1644530524628758
2025-05-22,000660.KS,1,0.0157439362530922,-1.1521963777400728,-0.5350633316867687,-1.4638501094227996,0.241591226248337,-0.3545562397772285,0.8189475979324051,0.559919779726919,0.0829963623322977,-0.9003495831358084,-0.6909476907998269,0.6166095640970904,0.6723949363059302,0.2220790400739301,-0.3829795050798293,-0.2872428823497172,-0.7992059164735457,-0.679957463473427,-0.2323394883356333,4.648913285754266,-0.0392671727020207,-0.878824750764159,-0.3607504945474022,-0.5928630500092407,-0.4369241172448026,-1.1518520616998835
2025-05-23,000660.KS,1,0.0149999756361212,-1.1511077266964975,-0.5350633814666031,-1.4638501094227996,-0.3804649170786654,-0.4053731427333746,0.8270227531785966,0.559919779726919,-0.6133703249447806,0.2490370952639856,0.3252947057188126,0.6166095640970904,0.6723949363059302,0.2220790400739301,-0.6988745671331416,-0.2872428823497172,-0.2355498321335406,-0.8111227746489853,-0.2024569772392848,-0.1544880971145728,-0.0482803182263068,1.464707917940265,-0.6376485320639024,-0.646832549727062,-0.4369241172448026,-1.1644530524628758
2025-05-26,000660.KS,0,-0.0024630244351164,-1.1624871624990227,-0.5348005967706837,-1.4638501094227996,-0.7005059515775971,-0.4142631582712231,0.6999400040746341,0.559919779726919,-0.2935367681273186,-0.3703268101862738,0.3028593897488495,0.6166095640970904,0.6723949363059302,0.2220790400739301,0.3121685498989145,-0.2872428823497172,0.0858146585024018,0.2267402634307131,-0.1999958594243893,-1.694115980593315,-0.0265757546388445,0.2929415835880526,-0.7380202995046676,-0.6211873820525174,-0.4369241172448026,-1.1644530524628758
2025-05-27,000660.KS,1,0.027160475427665,-1.1624871624990227,-0.5334865945258969,-1.4638501094227996,0.3238066255001521,-0.4182257349519924,0.8100080848986125,0.559919779726919,-0.2439928353542181,-0.6889827179495676,-0.2237651592452112,0.6166095640970904,0.6723949363059302,0.2220790400739301,0.2898480170540181,-0.2872428823497172,0.0010788976993219,-0.189510031268339,-0.191990219885974,4.648913285754266,-0.0218503253909801,0.2929415835880526,-0.8426553290019293,-0.6161763208011725,-0.4369241172448026,-1.154103708959398
2025-05-28,000660.KS,1,0.0210716570097841,-1.1543736798272233,-0.5177187654231042,-1.4638501094227996,0.3011931462776043,-0.2221050160821594,0.763455721154292,0.559919779726919,2.025797792157304,0.3308966690580961,0.669578607073475,0.6166095640970904,0.6723949363059302,0.2220790400739301,-0.2340822257153703,-0.2872428823497172,0.5586157289753314,0.6405215431189148,-0.1612617408421037,0.1540878155320807,0.0319051888313859,0.2929415835880526,-0.8838696186538489,-0.5232124103511354,-0.4369241172448026,-1.1530088630492663
2025-05-29,000660.KS,0,-0.0353773911321279,-1.144464931646634,-0.4956768512533657,-1.4638501094227996,-0.2296134317400447,-0.1468203514400627,0.7969451970575689,0.559919779726919,0.1850478571983319,0.3083810602061587,0.485960600995325,0.6166095640970904,0.6723949363059302,0.2220790400739301,0.6546910326865044,-0.2872428823497172,0.7233417621781092,1.5213985617307464,-0.1479857507329629,0.0332271112856173,0.1021813473090925,0.2929415835880526,-0.8345666061086943,-0.4753174463769313,-0.4369241172448026,-1.1644530524628758
2025-05-30,000660.KS,1,0.0146699253372224,-1.1624871624990227,-0.507524108226815,-1.4638501094227996,0.6708245529661488,-0.0339851304682841,0.790445273887086,0.023818183080863,0.2766374442087119,-0.2201282049565439,-1.2163502503824333,0.6166095640970904,0.6723949363059302,0.2220790400739301,0.4720124494622325,-0.2872428823497172,-0.4451825376217269,0.1736026035806268,-0.2126518578882292,-0.5421520731473707,0.0597529661318447,-0.878824750764159,-0.470715484397198,-0.5233324751835221,-0.4369241172448026,-1.1644530524628758
2025-06-02,000660.KS,1,0.0481928676540033,-1.1617792051689415,-0.5206877065520852,-1.4638501094227996,0.4857484002213859,-0.378597031312576,0.8252542158343985,0.0019781036406824,-1.3211300755919388,0.6764127147112454,0.2929061979093102,0.6166095640970904,0.6723949363059302,0.2220790400739301,-1.2215890724094185,-0.2872428823497172,-0.1672398158638932,0.1739823211584177,-0.1993256075458305,-0.1435818724118472,0.0538437062967823,0.8788247507641588,-0.5747469594477083,-0.5440427282908027,-0.4369241172448026,-1.1562934007796608
2025-06-04,000660.KS,1,0.0321837820095476,-1.119056328349696,-0.4864622998904399,-1.4638501094227996,-1.2300808361257582,-0.0021266058394467,0.8192660581070422,0.1093762485413868,3.2285214414893986,0.4921375652743775,1.3038438550422071,0.6166095640970904,0.6723949363059302,0.2220790400739301,0.2799457475400329,-0.2872428823497172,0.7644897266493842,0.6945263211108094,-0.1330474101618061,0.796511509754904,0.1410106226462604,1.464707917940265,-0.2874462813667962,-0.4697902111293801,-0.4369241172448026,-1.1463282677978253
2025-06-05,000660.KS,1,0.0200445772073918,-1.1378590995262412,-0.4667169741486699,-1.4638501094227996,0.2911609141858971,0.0724047614655144,0.7864868757549784,0.7175387457473965,0.0358404520783379,-1.2162656203703166,0.8210644086168121,0.6166095640970904,0.6723949363059302,0.2220790400739301,1.2857112651903106,-0.2872428823497172,1.2287584354508196,0.7391784477377771,-0.1145831617607427,-0.4781459487647348,0.2514164459637276,0.8788247507641588,-0.2267001113729617,-0.3066934121026786,-0.4369241172448026,-1.1644530524628758
2025-06-09,000660.KS,1,0.0065502520004951,-1.1197944166885698,-0.4469715580131395,-1.4638501094227996,1.3101266259000777,-0.1650744549290088,0.7329966633585493,0.732568599491164,-0.8658834644365618,0.2983922472744668,0.4549873755753327,0.6166095640970904,0.6723949363059302,0.2220790400739301,0.8054018055327795,-0.2872428823497172,1.3488011166732898,0.7426863440635686,-0.0933704755001448,0.1556203362355746,0.3448298609262883,0.2929415835880526,-0.29103284230074,-0.1644681039651095,-0.4369241172448026,-1.1637410665680736
2025-06-10,000660.KS,1,0.0412146886732833,-1.119468495936849,-0.4522369767362426,-1.4638501094227996,0.8235133330260133,-0.1591362941387029,0.7924635403066844,1.1557215469643736,-0.1739045684811867,1.3129479099703916,0.0480445308710172,0.6166095640970904,0.6723949363059302,0.2220790400739301,0.4411976886527615,-0.2872428823497172,0.8392983316476937,1.637167324696159,-0.1281135275487737,-0.1719011375228182,0.3917018010846675,-0.292941583588053,-0.2914111483596799,-0.2256825204701726,-0.4369241172448026,-1.120775079229294
2025-06-11,000660.KS,0,-0.0187499007098616,-1.0899696043348794,-0.4390734155639453,-1.4638501094227996,0.4545292103321945,-0.1013297316800911,0.7680332761239699,1.3029516990700856,0.0512985276475264,0.8284406629130202,1.0934057663100103,0.692025468579756,1.0206190362378482,0.3003470747157659,0.0363368369768133,-0.2872428823497172,1.1791898239285397,1.6371673246963068,-0.0842632482854256,0.2964411832379287,0.4860725585961323,1.464707917940265,-0.1877071947853325,-0.2917762116976106,-0.4369241172448026,-1.1396848458099351
2025-06-12,000660.KS,0,0.0,-1.110574472940893,-0.4219606744606154,-1.4638501094227996,0.0443547525351247,-0.0150527318062239,0.7655255358983183,1.0881897849781563,0.1297244097299061,0.4610534909794979,-0.7149218240634472,0.5012656213049596,0.6918142408791459,0.2711466022123586,1.0763498156946671,-0.2872428823497172,0.1693245460606597,1.001094635943182,-0.1722592216399747,-0.4514262313880616,0.4637236190817951,-1.464707917940265,-0.4825492588359515,-0.4177701955005549,-0.4369241172448026,-1.1215173675905654
2025-06-13,000660.KS,1,0.0530784919011111,-1.1624871624990227,-0.4272261139170437,-1.4638501094227996,1.0980174069548525,-0.1159925417911865,0.6948382623921711,1.3475838425921702,-0.5269615135641078,0.0526542543151182,-0.1494887389844721,0.4253613183717126,0.609894740264152,0.275382477266944,-0.7227260444047335,-0.2872428823497172,-0.1004568011850371,0.778469793690133,-0.1971962953878647,-1.1564909748125616,0.4132789895436246,0.8788247507641588,-0.4086465493625282,-0.5057371667469767,-0.4369241172448026,-1.1211895922174058
2025-06-16,000660.KS,1,0.0040322787284359,-1.0862791626405106,-0.4338079515334028,-1.4638501094227996,-0.7246704681443037,-0.1543825801735886,0.7994076592948466,1.4994434505184977,-0.3515049758750486,1.1017566925261182,1.4511776267419083,0.5731969560973643,1.0884894325210908,0.3703525788273816,-0.1601858170242346,-0.2872428823497172,0.9306119259899442,1.0238116704422804,-0.1027304992704132,2.1692786107591484,0.4720404424162827,1.464707917940265,-0.3475675375305211,-0.3857737134414483,-0.4369241172448026,-1.0915228399422567
2025-06-17,000660.KS,0,-0.0100402118882636,-1.099890673491959,-0.3943171443152864,-1.4638501094227996,-0.1547471678309379,-0.0093562948577938,0.7476404728744607,1.4705838967266678,0.4235552352867838,-0.7130426513086778,-0.0278889589857075,0.4844105071412203,1.012066707914642,0.383811955016559,1.4322912507268843,-0.2872428823497172,0.5963209898235314,1.0126596731021449,-0.1366697458708068,-0.3545427252191843,0.4797095077675431,0.2929415835880526,-0.3576803299341055,-0.3857737134414483,-0.4369241172448026,-1.1122449586186
2025-06-18,000660.KS,0,-0.0020283443717039,-1.1517965311294105,-0.4140625749341559,-1.4638501094227996,1.4586304040314575,-0.1182074776862067,0.7801636558150705,1.334248112227881,-0.5490562988055722,-0.1455859596967962,-0.452267301424626,0.3581426474778247,0.7636665736489594,0.3559281006583001,-0.0392081634432287,-0.2872428823497172,0.149448027954584,0.3339902510062844,-0.1819956027262115,-0.9102106573397266,0.4186407722507765,-0.878824750764159,-0.2670511127209986,-0.3723090468519737,-0.4369241172448026,-1.1644530524628758
2025-06-19,000660.KS,1,0.0447153564081832,-1.161016474877087,-0.4101134610448098,-1.4638501094227996,-0.0321817400852383,-0.31737041535662,0.7804194218467433,1.202518674609932,-0.9893463820149851,1.460808968789996,-0.2106566904015125,0.2878614933949091,0.6227968575316069,0.3395553761838419,-0.4614153097010474,-0.2872428823497172,-0.1541313094203255,0.94326709668469,-0.1986491121885312,-0.3683423878066496,0.3366315821177942,-0.292941583588053,-0.2422378164545515,-0.4483168648538238,-0.4369241172448026,-1.0878113981359006
2025-06-20,000660.KS,1,0.0097276769396577,-1.1624871624990227,-0.4048480787360099,-1.4638501094227996,-0.4599301543304406,-0.1727787811359365,0.6788589655312042,1.3199566884899836,0.8087788892722684,-0.0235509909627083,1.1989739710600118,0.4233552499749434,0.98765717120154,0.403679574433046,-0.2210408221637644,-0.2872428823497172,0.6035940589027226,1.220826950343842,-0.1922155393760017,-1.694115980593315,0.360121631442615,0.8788247507641588,-0.2012310455972421,-0.5024568653407353,-0.4369241172448026,-1.1015003640119423
2025-06-23,000660.KS,1,0.0732177399109299,-1.11390203095407,-0.3956335276128032,-1.4638501094227996,-0.2164008659694863,-0.1952727659934112,0.793669578000004,1.8826969385029635,-0.301208977502617,-0.4494481245881445,0.1438648348693521,0.3997650601533997,0.9371110202814144,0.397070560120469,1.18137791445886,-0.2872428823497172,0.6180849061647069,0.9829187515915097,-0.1409373948116691,4.648913285754266,0.362362416846775,0.8788247507641588,-0.3770919202242969,-0.4041714176432132,-0.4369241172448026,-1.1537015870591365
2025-06-24,000660.KS,1,0.026929951095864,-1.0723047681078706,-0.3495609269136434,-1.4638501094227996,1.2044239495625852,0.034881766172009,0.8254532107020469,2.0034993932366474,0.8950488882776007,-0.2069728227222275,2.058508689960457,0.6237339078594267,1.591087424607612,0.5220491477642372,0.1316669070086422,-0.2872428823497172,2.0358629985702943,1.3146504468982687,0.0062431565735416,0.4656779715995157,0.5155377674479292,1.464707917940265,0.0520109972978639,-0.0173627783548564,-0.4369241172448026,-1.162973996031102
2025-06-25,000660.KS,1,0.0244755409722385,-1.066449345302842,-0.2995392781743235,-1.4638501094227996,0.1409359843958912,0.0383027233098836,0.8664037938762092,1.9876755385734697,-0.1899228247146287,1.2077027112287104,0.6626267791073954,0.6077894401636007,1.7013143681464349,0.571179147083863,2.036515098630096,-0.2872428823497172,1.9246346090592608,1.5900518696937285,0.0022505204923893,-0.1064358125352378,0.6387265489328895,0.8788247507641588,-0.0891151251590274,0.1600602374373885,-0.4369241172448026,-1.1644530524628758
2025-06-26,000660.KS,0,-0.0307167743584838,-1.056854196897483,-0.2850593085368775,-1.4638501094227996,2.07078440256162,0.0865822036567312,0.8273297201775835,1.987675743142712,-0.057270694549823,0.1488174858822016,0.588610137114156,0.5842433141092772,1.7660682046444247,0.6088178808298038,0.6477747715267912,-0.2872428823497172,1.6026961761536005,1.6371673246964884,-0.019432878562412,-0.0647335791614624,0.7300506685414555,0.8788247507641588,-0.1443975843447108,0.135923552751907,-0.4369241172448026,-1.1155914517882457
2025-06-27,000660.KS,1,0.0281691603736986,-1.0833637722144869,-0.3021720251926494,-1.4638501094227996,0.6638175191681788,0.0008315743918085,0.8231442319642627,1.3957097253752573,-0.4353860028089363,2.070313585590034,-1.075801937008894,0.3332774381573964,1.1820927121498417,0.5222829859640008,0.5741368120306602,-0.2872428823497172,0.1138537067618727,0.8738766383851525,-0.1713009603549244,-0.4732364425728157,0.6344731424563301,-1.464707917940265,0.131168706999432,-0.0469128966361767,-0.4369241172448026,-1.0737574836231485
2025-06-30,000660.KS,0,-0.0222603326750217,-1.0800362142013096,-0.3008555574310667,-1.4638501094227996,0.5892130964768394,-0.0849651405401632,0.7950001898625767,1.4738683231249337,-0.4703167415595531,0.6694360071177456,0.6999971063356341,0.375823858095924,1.32297536775821,0.5533443788788799,-1.0817598295697406,-0.2872428823497172,0.2530639075218644,0.9570076429628708,-0.1584931998767861,-0.1344831706881884,0.5955211139607071,1.464707917940265,0.0417860213285316,-0.4188124198018061,-0.4369241172448026,-1.0678687410843797
2025-07-01,000660.KS,0,-0.0227671367122951,-1.1499821127234515,-0.2942738040250245,-1.4638501094227996,-1.0884164009784294,-0.1626010778423008,0.7761371073206209,1.008663722230764,-0.4870628292098493,0.5951544698358614,-0.8207844847108365,0.2217001366636142,0.856586417987183,0.458336640449961,0.6849539054172687,-0.2872428823497172,-0.5246229859140934,0.080457270220151,-0.218062007437664,-1.0575735863910931,0.4472980117635769,-1.464707917940265,0.2202526849492384,-0.5228490104111883,-0.4369241172448026,-1.058218992387853
2025-07-02,000660.KS,0,-0.0017920677298799,-1.110574472940893,-0.3140192479485231,-1.4638501094227996,0.7014846115080856,-0.0480561689870489,0.8114240298983364,0.9116153292455486,0.3021943881837392,-1.0752143040904445,-0.8360679667281721,0.1017027608320866,0.4260459467034769,0.3599811669406765,-0.8280470925768073,-0.2872428823497172,-1.028724449099878,-0.6320721827093237,-0.2596618532831891,0.6268997833789325,0.2371906677851347,-0.292941583588053,0.3914346528200217,-0.427034851041815,-0.4369241172448026,-1.0848794179543666
2025-07-03,000660.KS,0,-0.0287253487752107,-1.0918333066467991,-0.3206010117357627,-1.4638501094227996,-0.8313738049815655,-0.1677790510364271,0.8506742260906426,0.8879996181689437,-0.6118750123776011,0.7069400775603654,-0.2035313923753535,0.0842096294788788,0.2716820095221265,0.3126102710637921,-0.8432523815421619,-0.2872428823497172,-0.7974259266282269,-1.178243621393066,-0.2475346547359951,0.1061330895516827,0.0587480417556576,-0.878824750764159,-0.2895949158785428,-0.4447709707764912,-0.4369241172448026,-1.0815329247847207
2025-07-04,000660.KS,1,0.0018484963826477,-1.128626834802074,-0.3245501172854302,-1.4638501094227996,-0.8467786561327557,-0.166334016873288,0.8190329310695565,0.2636403871423202,-0.1936832795019292,-0.8192841797254462,-1.015747330390999,-0.0497883895608052,-0.147164754588515,0.22854264633598,-0.2139519784481026,-0.2872428823497172,-1.3354821613870205,-1.144310022901016,-0.2728082133351353,-0.6722652323210065,-0.1659291788579051,-0.878824750764159,-0.3481310566512888,-0.3016079309023448,-0.4369241172448026,-1.1518768438755842
2025-07-07,000660.KS,1,0.0405903811212549,-1.0799746093188578,-0.3600917828853242,-1.4638501094227996,-0.2092189845516035,-0.2941278772747942,0.7557445374508928,0.2508970878615796,-0.765559207474251,-0.8346223592036697,-0.0937443897971668,-0.0344388046729442,-0.2136084636804953,0.1987234198915598,-1.022012473156455,-0.2872428823497172,-0.8718329637060322,-2.092541658211576,-0.2570590938383336,0.6573201869441768,-0.3223983493199612,0.2929415835880526,-0.5589462255492581,-0.4030618788518543,-0.4369241172448026,-1.1122449586186
2025-07-08,000660.KS,0,-0.0035461174426202,-1.1212336304368462,-0.3469282016504982,-1.4638501094227996,-1.027884888928845,-0.226825747167915,0.7965588199003708,0.6051548511698964,0.2312062386524257,-0.1998220242433798,1.0745787788691703,0.1526042229423063,0.1143957705394718,0.2271683911264737,-0.1047266659867166,-0.2872428823497172,0.3241017252529118,-0.5230869897379549,-0.1640034720466308,-0.6963088946842603,-0.3221069996987685,1.464707917940265,-0.2520387886826844,-0.4642750864626439,-0.4369241172448026,-1.0933971474772104
2025-07-09,000660.KS,1,0.0569395709302311,-1.0969259991599738,-0.3166519399982114,-1.4638501094227996,-0.0985601418131513,-0.2825025418514946,0.7845596320716902,0.5840652622129741,-0.4887518457027802,-1.014944770370669,-0.2564275519766144,0.1250672753234024,-0.0093604248232489,0.1980736682816855,1.057619150518998,-0.2872428823497172,0.1801637257965873,-0.089320892738945,-0.1685237504490412,0.2179704422628404,-0.3432372775012823,0.2929415835880526,-0.4382907721341189,-0.4455277316655975,-0.4369241172448026,-1.1304000457501195
2025-07-10,000660.KS,0,-0.0084176039370904,-1.0509618111629837,-0.3127028117779534,-1.4638501094227996,1.0790409107073022,-0.0645465920708318,0.84210414081902,0.6786263259492438,1.141938620826762,-0.0896421092207181,1.567614607446602,0.371203292270871,0.4829951108143387,0.2565155430772848,-0.2665775117514684,-0.2872428823497172,1.4146859076940297,0.6961246375748313,-0.0332334587262662,0.4603910583578709,-0.2056969505562838,1.464707917940265,0.0309506786616111,-0.1523854675386858,-0.4369241172448026,-1.0814709693454692
2025-07-11,000660.KS,1,0.0186756582437761,-1.1043068825487112,-0.2718957322766981,-1.4638501094227996,-0.2625352029501827,-0.1575687037286315,0.8070509260156848,0.5315312805007842,-0.5302922123083897,1.082862325910296,-0.4033349772538115,0.3221604558644017,0.2644023644383165,0.2064758713512132,1.5481325188266604,-0.2872428823497172,0.6625167360304138,1.2062746316684283,-0.1334760339513294,-0.7563809292648813,-0.160976609616256,-0.292941583588053,-0.0713333478284744,-0.1585910530273434,-0.4369241172448026,-1.1229647710495567
2025-07-14,000660.KS,0,-0.0049997646455823,-1.057192438625694,-0.2903248163156353,-1.4638501094227996,1.5759920336794182,-0.2474308974067693,0.8071872267403691,0.2297830886769085,-0.5894533938758483,-0.252907491858196,0.4137054464175307,0.3805143105416822,0.3665532930379924,0.2159035128845822,-0.4127333321307719,-0.2872428823497172,0.6147802053453368,1.2661203486648342,-0.1171123633993794,0.5068113334813256,-0.0963911548430488,0.2929415835880526,-0.0789507935898495,-0.2618125794128911,-0.4369241172448026,-1.0985188194790072
2025-07-15,000660.KS,0,-0.0083753037661323,-1.1624871624990227,-0.2811101144718945,-1.4638501094227996,-0.4106092489583416,-0.10519561882411,0.6216784283266664,-0.044509798724765,0.5831096779486641,1.5776626612879034,-0.3002645959858665,0.334699029759038,0.2098946560356367,0.1847200480745914,0.4001269652940601,-0.2872428823497172,0.1436579850418367,0.917086873596249,-0.1927151136765052,-1.694115980593315,-0.092810892272997,-0.878824750764159,-0.3246768085467206,-0.3257378307545162,-0.4369241172448026,-1.052293076585534
2025-07-16,000660.KS,0,-0.0895271115528894,-1.126763132490154,-0.2745283894920363,-1.4638501094227996,0.4129194532631843,-0.2263849964992236,0.782290475102902,-0.3830551888675814,-0.6671672874782673,-0.4003406784206245,-0.4020593483033279,0.3007375210650128,0.0188835014988525,0.1390730082782543,-0.3101902775329566,-0.2872428823497172,-0.3836501244291563,0.7512072988779902,-0.2117144708101943,2.879733150406865,-0.1376112712055736,-0.292941583588053,-0.2603184212009821,-0.6315270379401544,-0.4369241172448026,-1.1059417030917196
2025-07-17,000660.KS,0,-0.0018553554029104,-1.0049113763305608,-0.3140192537112424,-1.4638501094227996,-0.3067203655397502,0.4745040137510625,0.4735686275612735,-0.9534284572170064,3.429066961826999,0.4196238195269147,-2.6155589853821524,-0.1056198865028514,-1.0059383035021403,-0.0221818353762604,-0.4114642295281925,0.7351059483109726,-2.256570635605031,-1.6340768295493713,-0.4702941365485567,1.884143584794036,-0.450717594983896,-1.464707917940265,0.742829907618026,-0.0518488752474075,-0.4369241172448026,-1.0585591588488634
2025-07-18,000660.KS,1,0.0130112790471685,-1.0428674813883527,-0.3495610141544258,-1.4638501094227996,-0.4093234899877053,0.0262059134398598,0.8665063097881696,-1.2811934374475695,-0.977302420366682,-0.2969014225636486,-0.2054399328398002,-0.0915145488598584,-1.0454681812613018,-0.0382110740575492,-2.6136392030267053,-0.2872428823497172,-2.005460049861524,-1.6042024003977378,-0.387312199677752,-0.5156394342843742,-0.6541581237113846,-0.878824750764159,0.7438649027973807,0.1317500723075169,-0.4369241172448026,-1.1644530524628758
2025-07-21,000660.KS,0,-0.0146789743051157,-1.128614513825584,-0.3561427242160838,-1.4638501094227996,-2.640400962630117,-0.3052734925315299,0.7206961981300407,-0.9561670995448458,-1.2003366540305014,-0.3990604841711764,0.2428870802962404,-0.0064173524071066,-0.939421254119146,-0.0355410972184821,-0.2158507544751276,-0.2872428823497172,-1.134354938402573,-1.7921027642481595,-0.2598823236348375,-1.0739165768635526,-0.7367689217534031,0.8788247507641588,0.282371940181858,0.0722093677973179,-0.4369241172448026,-1.128525738215166
2025-07-22,000660.KS,1,0.0018621486411387,-1.1624871624990227,-0.3416628214645337,-1.4638501094227996,-0.2111426811109004,-0.224514347646277,0.6122603539255763,-0.8791585792847373,0.3385053740769525,-2.620481929231141,-0.5921565619010598,-0.0842409729823511,-1.0691432599009016,-0.0472786309404253,0.2301825367588701,-0.2872428823497172,-0.947705479262149,-1.8182643964884768,-0.2134006756471695,-1.694115980593315,-0.8129382449682092,-0.292941583588053,0.2814639901484458,-0.0965432520562379,-0.4369241172448026,-1.0059805960771089
2025-07-23,000660.KS,1,0.0018588041452243,-1.1381603783249814,-0.3561428122507044,-1.4638501094227996,0.2407445849312665,-0.2271777151544968,0.6942697257850201,-0.8428705490271472,-0.2138177332641565,-0.2017373951092553,-0.0933326842230236,-0.0759643827207125,-1.0208959179700694,-0.0362733570747193,-0.6005888714771711,-0.2872428823497172,-0.3428833375562219,-1.7431152913757555,-0.2086557919121788,4.648913285754266,-0.8342767831826445,-0.292941583588053,0.1700995860726401,-0.6611510464420436,-0.4369241172448026,-1.0441526867872508
2025-07-24,000660.KS,0,-0.0129871385002896,-1.0781601909128995,-0.3311319299245348,-1.4638501094227996,-0.6009303029121066,-0.1649547225587339,0.6795917840992717,-0.5379943405096789,0.1228132892243546,0.2481941181818018,-0.0934335428180741,-0.051413504178535,-0.9608156677283934,-0.0271531849985595,-0.1043170667725849,-0.2872428823497172,-0.2904745121176085,-0.2710573950435451,-0.2061294763675292,0.9307811347385592,-0.8183739131852343,0.8788247507641588,0.1949999476698362,-0.6611510464420436,-0.4369241172448026,-1.130387654662269
2025-07-25,000660.KS,0,-0.0150373788853684,-1.1547242425319246,-0.3416628989916915,-1.4638501094227996,-0.098145166804145,-0.3339446510995952,0.7236252617994037,-0.6899065130878012,-0.9453528160435078,-0.5898380293120653,-0.541136561668911,-0.1137865803500266,-1.0590451907393446,-0.0347832013702862,-0.1044174093568628,-0.2872428823497172,-0.5951622811420152,-0.7481123274623841,-0.2211334647528941,-1.1310769012934194,-0.8183266866251859,-1.464707917940265,0.1903351155407577,-0.6209769253370749,-0.4369241172448026,-1.1644530524628758
2025-07-28,000660.KS,1,0.0019083467743843,-1.0377131839927267,-0.3732553779233692,-1.4638501094227996,-0.0982468263371172,-0.2541651655043373,0.8409098296811317,-1.3398266689458596,0.3941784402662059,-0.0892289302094672,-0.6029648222035873,-0.1720286363607604,-1.155531973762729,-0.0432138849776818,-0.5498298987730227,-0.2872428823497172,-0.7988777316119221,-1.8739646266648784,-0.2613995122507646,2.315187538819663,-0.8315101424980224,-1.464707917940265,-1.1828827478706003,-0.5781001124149605,-0.4369241172448026,-1.1399878390073943
2025-07-29,000660.KS,1,0.0038097227097835,-1.0914457810126268,-0.3903680892503502,-1.4638501094227996,-0.5495051428328487,-0.2466175079743637,0.7725315349127689,-1.2821440604424297,-0.1576778658171742,-0.0893301497634309,-0.0919395060185012,-0.1587236581261982,-1.096137225340699,-0.0304566524629595,-0.6113418347695864,-0.2872428823497172,-0.6204714489906211,-1.5432083171176876,-0.2330991785066263,-0.726220744218033,-0.8054532207053815,0.2929415835880526,-1.170271041526313,-0.5554604782182292,-0.4369241172448026,-1.079646226161917
2025-07-30,000660.KS,1,0.0379503753343639,-1.1624871624990227,-0.3679898360845888,-1.4638501094227996,-0.6118243937334846,-0.2987315869118659,0.5942673187703803,-2.043127004137857,-0.4863606364474863,-0.5386354355803439,-0.0346004897920191,-0.1412451512049461,-1.0308356332682562,-0.0173332344645566,-0.1029310163191629,-0.2872428823497172,-0.3976593357695382,-1.375798838099304,-0.2063617174916543,-1.694115980593315,-0.749466179570929,-0.878824750764159,-1.2825553654839423,-0.5785478876946517,-0.4369241172448026,-1.156645958328521
2025-07-31,000660.KS,0,-0.0566727121628981,-1.1172172679907566,-0.3469282742224006,-1.4638501094227996,-0.0967409250977455,-0.1869244829535237,0.7628184534479043,-1.4923875241272937,0.5281786279108619,-0.6006849708780961,0.9949652043864547,0.0381994762795504,-0.6445618961251027,0.0343145490399987,-0.045885356846806,-0.2872428823497172,0.5822605058360508,0.1306742907784871,-0.1448486048114426,4.648913285754266,-0.5859065739388205,1.464707917940265,-0.7943164010166226,-0.4878359990321662,-0.4369241172448026,-1.0389690593462024
2025-08-01,000660.KS,0,0.0,-1.047283690445105,-0.3600918349036398,-1.4638501094227996,-0.038946568476477,-0.2146267129628923,0.7947782086436276,-2.043127004137857,-0.329110299487493,-0.0878307660135153,-1.858544534741632,-0.2435245057144417,-1.2073547128003137,-0.0338986248289076,0.9784128934500012,-0.2872428823497172,-0.901506608586964,-0.7635018920478055,-0.2695724247994112,0.9282130904782736,-0.6178355556309951,-0.878824750764159,-0.1530040697030392,-0.4307450193845666,-0.4369241172448026,-1.0930074166647992
2025-08-04,000660.KS,1,0.0213180612854351,-1.1120731098346193,-0.3903681085764303,-1.4638501094227996,0.9987951091858084,-0.321463681049095,0.6518187518358678,-2.043127004137857,-0.7354530299829045,-0.030286541406257,-0.1494887389844721,-0.2504049971794383,-1.1843377930232424,-0.024608791371628,-1.8604977749226836,-0.2872428823497172,-0.8174733626114192,-0.5537593249241742,-0.2438562048147063,-0.8686307640770539,-0.6140353093799,-0.878824750764159,-0.157209941364296,-0.3986603676658999,-0.4369241172448026,-1.1644530524628758
2025-08-05,000660.KS,0,-0.0189754853956447,-1.154980550333741,-0.3653571160371822,-1.4638501094227996,-1.87737491148616,-0.3399190704661825,0.5474425445933925,-1.802483146764265,-0.3309162303897038,1.002963825494375,0.4933913139315634,-0.1445170794188187,-0.9422125262179308,0.0101241343321822,-0.1601858170242346,-0.2872428823497172,-0.2480358428585344,-0.2114223024715843,-0.2031649652376891,-0.8321608951066779,-0.5316714771584433,0.8788247507641588,-0.0710293131099062,-0.3990980531386154,-0.4369241172448026,-1.1189255538700411
2025-08-06,000660.KS,1,0.0135396601731516,-1.1024470093376304,-0.3745717433925605,-1.4638501094227996,-0.1547471678309379,-0.4239138132255164,0.53490864073889,-1.1153710318847618,-0.8414008641665631,-1.8607582289406688,-0.721724689145386,-0.2260499540146998,-1.091934160204417,-0.0055715571484424,0.4794051455301799,-0.2872428823497172,-0.6790408087424008,-0.5360907084279051,-0.2357479579100749,0.9444820642563104,-0.5085362166163806,-0.878824750764159,-0.0510724439753232,-0.3799135112714323,-0.4369241172448026,-1.048594025867028
2025-08-07,000660.KS,0,-0.0209924732709582,-1.1057869631525,-0.3811535368961182,-1.4638501094227996,0.493238121909162,-0.2714381412874265,0.4889915247977463,-0.8702428509298183,1.5938411412502909,-0.1455859596967962,0.2588212537505552,-0.1100411189528833,-0.8938323262952589,0.0123132396007469,-0.7294941048013024,-0.2872428823497172,-0.0520638571255398,-1.0149371008331136,-0.1879109344855865,-0.2250684176319792,-0.4375469908138972,0.2929415835880526,-0.0200591147222674,-0.6074051752183502,-0.4369241172448026,-1.1137521233648715
2025-08-08,000660.KS,1,0.0409357018479557,-1.1052912006116271,-0.3706227335545033,-1.4638501094227996,-0.7315273561145993,-0.2768898046071907,0.5830759951093563,-1.3198550098929172,-0.2324607769219388,0.4995948717008779,-0.7825501673467473,-0.1571791667861966,-1.0358065118306492,-0.0132837266251602,0.2460351881063918,-0.2872428823497172,-0.6178343756959801,-0.4178436757297653,-0.2305686850621003,-0.1698806712624533,-0.4296209411307344,-0.292941583588053,0.0333382885063899,-0.5877528240615999,-0.4369241172448026,-1.1569037246258205
2025-08-11,000660.KS,1,0.0074905579104054,-1.1306228383784125,-0.3745717932834845,-1.4638501094227996,0.2568052947879958,-0.3063373033459162,0.4789989135781637,-0.567515943200058,-0.3780525698549091,-0.7198698629005498,1.0849924747527675,0.1282038378724724,-0.5658099538865402,0.0268976144180448,-0.7900083888799255,-0.2872428823497172,0.3250385139243918,0.3014073262368956,-0.1666183261873186,-0.5471836688758099,-0.3004713503480312,1.464707917940265,0.0717422749671159,-0.520661250032033,-0.4369241172448026,-1.104071246446744
2025-08-12,000660.KS,1,0.0334573080493663,-1.116693998758579,-0.3548264526314487,-1.4638501094227996,-0.792835861390368,-0.2393351818951221,0.4120702097964531,-0.4981240126542837,0.248498284152603,0.2641853178313456,0.0764009515148288,0.2806885816000313,-0.4299848541893893,0.0168114181151117,1.0679795680552515,-0.2872428823497172,0.4194304663821052,0.1249825085479873,-0.1560357896884986,0.0653693917686343,-0.1867491874894651,1.464707917940265,-0.5255771960427658,-0.4531957323368223,-0.4369241172448026,-1.107430205955228
2025-08-13,000660.KS,0,-0.0053957679100754,-1.122079264315985,-0.3284992184775071,-1.4638501094227996,1.0895373037961689,-0.1869188352002088,0.5081845004133778,-0.1569835377482534,0.0816518558466643,-0.7809130270461961,0.8594696123971364,0.5708177834516295,-0.0406886661084363,0.03676750785484,0.0645481810555539,-0.2872428823497172,0.9503196088503068,0.9489522983667776,-0.1220158429375581,-0.2619589481724375,-0.0182326989132294,1.464707917940265,-0.4110817372314117,-0.3039286201136924,-0.4369241172448026,-1.1069316223241608
2025-08-14,000660.KS,0,-0.0325496735453905,-1.1518973754876451,-0.3298156402090651,-1.4638501094227996,0.072936357087214,-0.3418529741562555,0.5529541021814175,-0.0652477759848967,-0.9216249739297414,1.0933132909661043,-0.3122067044273205,0.5187220812333431,-0.1139144816698744,0.0321297671395277,0.8436105213601537,-0.2872428823497172,0.4754927965883938,0.6997885807215266,-0.164693933384828,-0.6647495675182822,0.0704712396186439,-0.878824750764159,-0.3993209241268074,-0.2725566669917171,-0.4369241172448026,-1.1324074073974155
2025-08-18,000660.KS,0,-0.0168222831038229,-1.1201188323839903,-0.3442955547539532,-1.4638501094227996,0.8622235200760558,-0.3540329189550739,0.5368246484407928,-0.285823228464454,-0.2938515510120673,0.0811121586527193,-1.1310759279450853,0.3486189909790838,-0.4641178313855109,-0.0123251234493826,-0.3220712879926113,-0.2872428823497172,-0.6962426301633425,0.3848943260679529,-0.2334517750035309,0.4824562063444592,0.0290384366839688,-1.464707917940265,-0.2357953839814037,-0.459739645695334,-0.4369241172448026,-1.1183993070234246
2025-08-19,000660.KS,0,-0.0285171355588133,-1.1486783579581057,-0.3535099668097411,-1.4638501094227996,-0.3187573086109236,-0.3860640389252134,0.5488079489313464,-0.4797589096324921,-0.4599886555581191,0.8669833135872712,-0.6567914485110194,0.2766644509016097,-0.6222855710512156,-0.0337801166619798,-1.1367510287938358,-0.2872428823497172,-1.0837355314402752,-0.56462892295817,-0.2487893733061302,-0.637743710232393,-0.0469079849992028,-0.878824750764159,-0.1857609621131322,-0.4001951754077473,-0.4369241172448026,-1.123815216928893
2025-08-20,000660.KS,0,-0.0410959156480054,-1.1292191457095138,-0.3903680601735146,-1.4638501094227996,-1.144129333537806,-0.1757531139416722,0.6363933309125185,-0.7704969217998562,1.789320786627488,-0.3088862701537243,-1.009468329604617,0.1311494869081881,-0.8925502422110394,-0.0640474468923668,-0.6648930743435474,-0.2872428823497172,-1.5980458877431007,-1.0888658166550191,-0.2893115758500648,0.2153436143480805,-0.1706073361227981,-1.464707917940265,-0.1216488992922061,-0.2286969669717593,-0.4369241172448026,-1.1538030052627242
2025-08-21,000660.KS,1,0.0244898573464191,-1.1215225250528889,-0.4114298343733665,-1.4638501094227996,-0.6660784678571827,0.1325673406969516,0.4226071295121287,-1.463024956187125,1.196002330512516,-1.1306861129685104,-1.3888014547459704,-0.0949816673972812,-1.262500952230038,-0.0974895691072753,-1.0157655968711732,-0.2872428823497172,-2.0531699275404103,-2.179282114781857,-0.3250300976218386,-0.0445497206353349,-0.3475720651422745,-1.464707917940265,-0.2938628032110948,-0.0873184470903749,-0.4369241172448026,-1.1218436293430432
2025-08-22,000660.KS,1,0.033864463257931,-1.1343985951710478,-0.4140625151901917,-1.4638501094227996,-1.0215560253634148,-0.2330758898513335,0.6378054751785885,-0.7632592664485116,-1.1385473273159978,-0.6547042352102821,0.5890418701534578,0.0227721945547102,-0.9899365302735657,-0.0585129801999361,-1.3931579852917544,-0.2872428823497172,-0.8648647702199201,-1.5686482243918975,-0.2409022766302776,-0.3868721514527407,-0.382656661013337,0.8788247507641588,-0.1339210278684964,-0.248993647447157,-0.4369241172448026,-1.1505656702161478
2025-08-25,000660.KS,1,0.0077071687044498,-1.1065409159313822,-0.3864190092631436,-1.4638501094227996,-1.403901509389252,-0.219561155034082,0.6766556612379291,-0.4467656147653164,-0.128768265048266,-1.0086432979119588,0.8717480254536725,0.1913579045395686,-0.6394082770581082,-0.0135172814891477,0.5745663362458246,-0.2872428823497172,0.2519188148469283,-0.6836457362992294,-0.1652245061788946,0.3221663778964959,-0.301196507307886,1.464707917940265,-0.1280404458465211,-0.3577369440771885,-0.4369241172448026,-1.1309957271471691
2025-08-26,000660.KS,0,-0.0057361669221513,-1.1624871624990227,-0.3772044640592432,-1.4638501094227996,0.5896482579930405,-0.3475487333742878,0.5019705315250906,-0.5694227096994815,-0.8502374717946315,-1.3893340036591175,0.0829331946148437,0.2300401356479778,-0.5588450427759502,-0.0031563418570702,0.8558261158397918,-0.2872428823497172,0.5080045540028676,-0.3540240645284204,-0.1904643202508055,-1.694115980593315,-0.2155526537940259,1.464707917940265,-0.0862775063904699,-0.3807447143357492,-0.4369241172448026,-1.1232553095932891
2025-08-27,000660.KS,1,0.0341838980782709,-1.1343985951710478,-0.3785208439384391,-1.4638501094227996,0.8745994384233424,-0.2627229801922059,0.672346993903141,-0.4423549964912251,0.4688792094347594,0.595587747987789,-0.3224719781764611,0.2028571760350042,-0.613600776044717,-0.0099295986952515,0.0710470040210934,-0.2872428823497172,0.2396262437347993,0.0302404708288808,-0.1729502656203351,4.648913285754266,-0.1665035446250869,-0.878824750764159,-0.2087085216175856,-0.3553932727449278,-0.4369241172448026,-1.1362046497795957
2025-08-28,000660.KS,1,0.0018621469728323,-1.0956252777452178,-0.3907185755537019,-1.4638501094227996,0.0795204740132508,-0.1458788709624763,0.6400662798913681,-0.2579181894440178,0.4743857302587246,0.8793056693799693,0.8813810906491296,0.3634682804604722,-0.2707685978057918,0.0353681328081923,-0.3322840427488316,-0.2872428823497172,0.6768557682969332,1.4242567223225853,-0.1284448048596735,0.5178146998202332,-0.0386350705169668,1.464707917940265,-0.0586831048066084,-0.3968762799469403,-0.4369241172448026,-1.108188449031614
2025-08-29,000660.KS,0,-0.0483270546189903,-1.108150424696152,-0.3538073006334601,-1.4638501094227996,-0.3291041009159994,-0.3654518854722487,0.6916818073846716,-0.0212073422552125,-1.125796135858663,0.0876677797441545,-0.0933327345334566,0.3856858860293788,-0.2424640236903711,0.0364087561243498,0.8654098965353746,-0.2872428823497172,0.3232960587252186,1.369514243630099,-0.1603368948218463,-0.3495198387815237,0.0478298144716027,1.464707917940265,-0.2556509003433905,-0.4794378686655093,-0.4369241172448026,-1.1644530524628758
2025-09-01,000660.KS,1,0.0175781380292907,-1.112567318798719,-0.3762176783931967,-1.4638501094227996,0.884309001682383,-0.37167265983843,0.4696375359929479,-0.8797379555150457,-0.2532695046376594,-0.319188281892857,-1.6068679544180633,0.1354937089957092,-0.7574270894671742,-0.0289366217329425,-0.1043171168256207,-0.2872428823497172,-1.0061516747790995,-0.5016171989952375,-0.2573107283262366,-0.2428606334812201,-0.0319190510374366,-1.464707917940265,-0.1248400786676256,-0.4334919552720678,-0.4369241172448026,-1.1362046497795957
2025-09-02,000660.KS,1,0.0076775153649846,-1.0989894023461109,-0.3854454977107542,-1.4638501094227996,-0.0981452175141031,-0.4001761930881104,0.4885732332541508,-0.7813458779411866,-0.451026882852221,0.8889732099787516,0.3806079783073865,0.2213395817179039,-0.583707576284412,-0.0073270370971747,-1.6101088174003408,-0.2872428823497172,-0.5089133851882186,-0.3129465269367974,-0.2230701946882039,0.0308145439750894,-0.0361236547690129,-0.292941583588053,-0.1590114560877358,-0.4305097032762867,-0.4369241172448026,-1.097210696431158
2025-09-03,000660.KS,1,0.0114286198597681,-1.124886649653782,-0.3762176885224508,-1.4638501094227996,-1.6236997179846056,-0.3038045118943359,0.5042693342656397,-1.0714479820225926,0.7833917416156582,-0.0892289806999543,0.0820389509878408,0.2604117034003843,-0.5027765097507545,0.0030170727777914,0.3671988298033702,-0.2872428823497172,-0.3554011999696234,-0.0810606626863129,-0.2099503409611565,-0.5408772689795017,-0.0179098880331223,-0.292941583588053,-0.3160956997327596,-0.4443310114073516,-0.4369241172448026,-1.1098071165549022
2025-09-04,000660.KS,1,0.0301317169420594,-1.1218734482201136,-0.3564437380505991,-1.4638501094227996,0.3795591516552317,-0.3318102521668449,0.5084715305550422,-0.893222351489587,-0.3858813493192271,-1.608180933067265,0.1951594746513887,0.3120512141479384,-0.3980833823257294,0.01606960982577,0.0701573355058569,-0.2872428823497172,0.0317878049037215,-0.5199550281580659,-0.1839265119249891,-0.1268675307056948,0.0233308687815856,0.2929415835880526,-0.3060810959313714,-0.4762492534801196,-0.4369241172448026,-1.1142491445786833
2025-09-05,000660.KS,1,0.0127971872218775,-1.0929629994787735,-0.3406246806010971,-1.4638501094227996,0.0786191290218899,-0.2286294136665474,0.6265083210500273,-0.2572033656733726,0.5618635362176744,0.3864079001721268,0.7591811218811978,0.4404249387192855,-0.1042937342104551,0.0576791760313669,0.1826991141571812,-0.2872428823497172,0.7921551383379917,0.0104845676940959,-0.1178501160675376,0.2949245463714102,0.1268192918670076,1.464707917940265,-0.2152996350664598,-0.3878982464282476,-0.4369241172448026,-1.100593964267254
2025-09-08,000660.KS,1,0.0397112444263847,-1.1620504583148423,-0.326123727765574,-1.4638501094227996,0.1926379649916683,-0.3512001188474085,0.5560654208552223,0.0511648559402184,-0.8388279021097529,0.086770335743326,0.2364308007064046,0.4730159234024675,-0.008783257568339,0.0740069931184057,0.7438351248592514,-0.2872428823497172,0.7016174099548639,1.637167324695985,-0.1574112892309811,-1.1130254517109144,0.2183054466165402,0.8788247507641588,-0.3510947091857311,-0.3537519150551462,-0.4369241172448026,-1.1266385774293854
2025-09-09,000660.KS,1,0.0555555676448003,-1.129570068876738,-0.3274419515252059,-1.4638501094227996,0.761138618950565,-0.1094714199037212,0.609997796100637,0.7042345060537838,1.736829099063846,0.2002957020606416,1.0480670132188532,0.6033768256815294,0.380322645018842,0.1417447298054513,0.2237592886604836,-0.2872428823497172,1.2509575386623646,1.6371673246962004,-0.1072072558436711,0.5650809814925034,0.3720936186888257,1.464707917940265,-0.1677683525082974,-0.1897707529276333,-0.4369241172448026,-1.123608229655851
2025-09-10,000660.KS,1,0.0098683586640928,-1.0368967178322177,-0.2839393212621541,-1.4638501094227996,0.2342370347565697,0.0155936720061791,0.4974489765898611,1.537537384137372,0.2862927810405555,0.766335904483194,1.525877786566851,0.744526694823045,0.9311745098424818,0.2539611529133322,1.0312430238459276,-0.2872428823497172,1.9791032474991597,1.6371673246964351,0.0392611726432887,1.423622880878295,0.6060517753438003,1.464707917940265,-0.7782863638243334,0.0775985393781547,-0.4369241172448026,-1.0945332687201847
2025-09-11,000660.KS,1,0.070032611191916,-1.0968838633427629,-0.2430732724243175,-1.4638501094227996,1.0523186099164792,0.0023254051435879,0.46560346882154,1.502685863874503,-0.2408509648599703,0.2417147324634054,0.1481073160799199,0.675394255016629,0.9827613334438502,0.2949257552391858,1.5066092310541468,-0.2872428823497172,1.397916750976213,1.6371673246964351,-0.0716754498836201,-0.7879166712082989,0.7460090090556686,-0.292941583588053,-0.7340532973699702,0.0967044513036316,-0.4369241172448026,-1.164013863254535
2025-09-12,000660.KS,1,0.0076102385710252,-0.9590598688378508,-0.2114349738577028,-1.4638501094227996,1.53392377250391,-0.0999635401532274,0.4160215204576447,1.6388439155108727,-0.5214314775050841,1.0562556783303845,1.9624560662247788,0.8265519573802025,1.695830153933083,0.4635325871755026,0.1358876829197599,-0.2872428823497172,2.3233915111241688,1.6371673246965486,0.1733836629861881,1.7340271778070877,1.003517440433936,1.464707917940265,-0.4325967988233288,0.3416706751093371,-0.4369241172448026,-1.1313486472097307
2025-09-15,000660.KS,1,0.0513595460751414,-1.077775574261396,-0.1652959297220548,-1.4638501094227996,0.145212155983386,-0.1023649648627042,0.3281795833246545,1.6433862940017556,-0.2092538106248204,1.5357764701190346,0.0800101122355028,0.6774728701865423,1.6435696419436443,0.5143784143857247,1.9409538974506229,-0.2872428823497172,1.4808152682814315,1.637167324696542,-0.0490359107806095,-1.0759458001679325,1.1281026696935967,0.8788247507641588,-0.3971528391810809,0.2501324093157404,-0.4369241172448026,-1.0381479471616606
2025-09-16,000660.KS,0,-0.0416666178928127,-0.996513891641618,-0.1863880826424464,-1.4638501094227996,1.9739690060668256,0.080608574975608,0.3206114212142743,1.84319334188552,0.5008995420727878,0.153075150344192,1.3993400806929075,0.7223237734602527,2.087878179373936,0.6566318781849168,0.06813887665869,-0.2872428823497172,1.8525728428684127,1.6371673246965772,0.0666740225048911,0.8332082167084265,1.3056375374210083,0.8788247507641588,-0.3392514845322587,0.2639107566756108,-0.4369241172448026,-1.0984764438918846
2025-09-17,000660.KS,1,0.0659670104344278,-1.092406260215678,-0.1613410755095721,-1.4638501094227996,0.0765741788623593,-0.0710075089079607,0.4718479126996733,1.1431997694087372,-0.6198770203380531,1.9739172028455116,-1.4060118888670006,0.3758218696696928,1.3704930812113232,0.5721558659673982,1.380718914917813,-0.2872428823497172,0.0649734859845664,0.6912100683522375,-0.176956326517899,-1.0053311651433343,1.1878221131240456,-1.464707917940265,0.4189461072558363,0.0677593578816246,-0.4369241172448026,-0.9598681748857462
2025-09-18,000660.KS,0,-0.0126582367741134,-1.006521867397462,-0.1679323865416912,-1.4638501094227996,1.406381205843371,-0.0679102809900937,0.427549661688539,1.3542205401617982,-0.1889659547633586,0.0847342360586836,1.839851407428005,0.5484525132105957,1.931049487973328,0.6959481945395058,-1.410280367726113,-0.2872428823497172,1.0801676065424466,0.923122483291255,-0.0384277174921888,0.9824656099436636,1.2544955832864075,1.464707917940265,0.569068563988888,-0.0946584301689934,-0.4369241172448026,-1.0792594208854676
2025-09-22,000660.KS,1,0.0284899694824296,-1.017170980463237,-0.1402489099824899,-1.4638501094227996,-1.421248614949432,-0.0847092973150003,0.3177092831122789,1.6662576806296865,-0.260122018049458,1.408785903358414,-0.5312180068670833,0.3631081569208097,1.5497300688610156,0.653243127447221,1.818976506212874,-0.2872428823497172,0.3224941307745181,0.4386129879461674,-0.1345542112230578,-0.2727119118681968,1.1643691801058025,-0.292941583588053,0.6470508527279464,-0.1441620475767275,-0.4369241172448026,-0.9975353262899348
2025-09-23,000660.KS,0,-0.0096952886947004,-1.0241657547854124,-0.1231115685117301,-1.4638501094227996,1.850390719583127,-0.204693218522591,0.4374850995570842,1.7006375842540542,-0.6433628067744029,-1.4066060315351658,0.7096716153838766,0.3773110988521551,1.6862808083224623,0.7022092391701085,-0.5399620890874136,-0.2872428823497172,0.6355888128819662,0.5708068139807895,-0.1007189706517254,-0.2426408210397924,1.1233992313764452,1.464707917940265,0.6314655702074361,-0.1755072947211973,-0.4369241172448026,-1.0939733613845817
2025-09-24,000660.KS,0,-0.0027972146883529,-1.0191921214197492,-0.1138837387636759,-0.8783100656536796,-0.5395078228383756,-0.1086968870141218,0.5912227594098349,1.558038499077581,0.268172136265926,1.8508737589916675,-0.4418655937852286,0.2312455388066847,1.3643045161010685,0.6602065390551102,0.6945789179314072,-0.2872428823497172,0.1966682221358411,0.0615689121200712,-0.1498246696838218,-0.1292090699997121,0.9772055600845538,-0.292941583588053,0.4066219779549996,-0.1505577878393695,-0.4369241172448026,-1.007600251492226
2025-09-25,000660.KS,0,-0.0561009572348829,-1.0656013504776862,-0.1323394052300651,-1.4638501094227996,0.7112359477336903,-0.3365254484543519,0.5437714301781643,1.5000077311689866,-1.084692408564068,-0.528681383647514,-0.2338431979940468,0.1451929334375713,1.1362954746674006,0.618806262796359,-0.4510668190749729,-0.2872428823497172,-0.2536455368085798,0.7994092058184217,-0.2027742662114868,-0.6153043759963002,0.7954383261097153,-0.878824750764159,0.4318438561232592,-0.5493348937327913,-0.4369241172448026,-1.0183099623361178
2025-09-26,000660.KS,1,0.0371470271157188,-1.0461421382290943,-0.1442037311762811,-1.4638501094227996,-0.4494458446867767,-0.1629011994534522,0.5363676356668173,0.7745326422153256,1.1069845545863115,0.7166492103337301,-1.8413023552837584,-0.1566862111926095,0.3326420701346296,0.4722333080928494,-0.2441087033993347,-0.2872428823497172,-1.5526117318353174,-1.2007067506918243,-0.3375479833580269,0.0498476551285169,0.4082746963014846,-1.464707917940265,0.5873663120397267,-0.2149645963844597,-0.4369241172448026,-1.0253445397648742
2025-09-29,000660.KS,0,-0.0042978781134768,-1.0430682277709082,-0.1652959741547947,-1.4638501094227996,-0.239771502174887,-0.3220930666785025,0.4456653199785628,0.8740119039546579,-0.8986796928479226,-0.4390091906807979,0.9707389608084122,-0.0229197865370818,0.603544420595848,0.5009236724810202,-1.8433438095663532,-0.2872428823497172,-0.5183965628703419,-0.3522601522788468,-0.2304925248403879,-0.1445112683009591,0.237736644396597,0.8788247507641588,0.5157458590785237,-0.2083783928539995,-0.4369241172448026,-1.02034260440549
2025-09-30,000660.KS,1,0.0359712385911241,-0.9910072080351766,-0.1297028179705053,-1.4638501094227996,-1.8599958084931791,-0.3263144234161585,0.2851141173950399,0.7078497086843284,-0.2300950083143889,-0.2302423116072926,-0.2790980909805841,-0.0497831017043783,0.3889947749039679,0.4292244150544408,0.9543105957058502,-0.2872428823497172,-0.4232306008347345,-0.9401753556156296,-0.224307104018767,0.3678237791442549,0.0707348845039229,-0.292941583588053,-0.0360658446203905,-0.2804057885862079,-0.4369241172448026,-1.0670159208242846
2025-10-01,000660.KS,1,0.0986111314210429,-0.9030779852381302,-0.1349758487682878,-1.4638501094227996,0.974376480247134,-0.2626277590713175,0.5631766246819567,0.6641198177230613,0.2599875927244201,-1.8434543421156235,0.935281187290052,0.1023868420581031,0.6171395594874166,0.4319042127110538,-0.2891320641868823,-0.2872428823497172,0.5464644998053468,-0.1706233224706616,-0.0635095877469723,0.5668694944702073,0.054889933527922,1.464707917940265,0.1263914338516258,-0.2444433307264737,-0.4369241172448026,-1.0474459777553062
2025-10-02,000660.KS,1,0.0821743687517029,-0.8504972462415031,-0.0361062401118044,-1.4638501094227996,-0.2853857731590709,0.260165111103366,0.5933285730758208,1.00421229705852,2.816826900824287,0.9786508795530184,2.8242868092349576,0.4893010247034363,1.5037728418743213,0.5600749595756545,0.9190342305553416,-0.2872428823497172,2.7177447019151644,0.6365144902951123,0.3864220506839009,0.1589619416268873,0.3651571712941079,1.464707917940265,1.0245421447951997,0.5110936859797031,-0.4369241172448026,-1.0443545754982493
2025-10-10,000660.KS,0,-0.0303738143276529,-0.9701206140953688,0.0627632539245806,-1.4638501094227996,0.9386371295819262,0.1929668996574801,0.6423868891624408,1.092896792853153,-0.3463494837034807,-0.2756591655747313,2.3286100817337987,0.7360317367797207,2.205323663049263,0.6948720606533895,2.7983753588579185,-0.2872428823497172,3.555485352199674,1.5765903490626805,0.3443911834199037,-0.8442464441891686,0.8324762161084396,1.464707917940265,1.294438044610062,1.1898078685521285,-0.4369241172448026,-0.991997307417422
2025-10-13,000660.KS,0,-0.0084337328474016,-1.0011973108645742,0.0087145678088516,-1.4638501094227996,2.842643716354212,-0.0870846294041624,0.7026720328456904,0.7745330821519797,-0.8626460086146518,0.943066207584554,-1.065459431664879,0.4722616498207291,1.5445981631336343,0.5854840050357849,2.3052346029419857,-0.2872428823497172,1.6043866920233398,1.0546581446348462,0.0307747412157865,-0.4213250919219743,0.915088748817958,-0.878824750764159,1.4963204554234777,1.1740056291852965,-0.4369241172448026,-0.9035677316332192
2025-10-14,000660.KS,1,0.0267315070562734,-1.020656523113166,0.0601267542400254,-1.4638501094227996,2.3430307225610867,-0.1159174266720989,0.675534308632485,0.533584479706402,-0.3071324275048447,2.838832318468184,-0.4038213702036919,0.3719712179916792,1.2029669763249042,0.508928646830916,-1.071470238349422,-0.2872428823497172,0.3985188515179126,0.9879776177561465,-0.1267180460517523,-0.3482180679094742,0.8453471093021517,0.2929415835880526,0.9791402336803652,0.703670437650525,-0.4369241172448026,-0.8506877868778355
2025-10-15,000660.KS,1,0.0710059180374726,-1.0472556167552864,0.0218972202100034,-0.8783100656536796,-1.0779917637672085,-0.2755518518469014,0.647074719701349,0.9755483863942032,-0.8295748698388131,2.341381632756141,0.6566423833893842,0.4338143137818194,1.2948134825869977,0.5104874914017792,-0.4132172366065488,-0.2872428823497172,0.2760764463442112,0.9777809821268094,-0.1478961002944003,-0.429792738075079,0.8272072308632156,0.8788247507641588,0.973753902295553,-0.0607229743957297,-0.4369241172448026,-0.9709918602757222
2025-10-16,000660.KS,1,0.0287292636330471,-0.8831227427509605,0.0495807058992029,-0.8783100656536796,-0.4110995044502117,-0.0993515496040296,0.591006110290432,1.0407405357687494,0.8599964637711053,-1.0648347843552783,1.9918076825841184,0.6355861723787778,1.899899872977704,0.6321071585054188,0.6418209930571872,-0.2872428823497172,1.4960118916234473,0.9374850824826612,0.1172013309976397,1.5743852640432767,1.030999302176913,0.8788247507641588,0.9638599047574112,0.1494563652306214,-0.4369241172448026,-1.00224539607028
2025-10-17,000660.KS,1,0.0429645330575556,-1.0031577427965688,0.1299946169590713,-1.4638501094227996,0.6577856001878564,-0.0661824073409467,0.6567611254559991,1.2409762082333786,-0.073821772328091,-0.4008288121033642,0.7168879111882513,0.6214220726590938,1.9900254754400208,0.6758955253424754,1.9701553456440235,-0.2872428823497172,1.824193288465004,0.7439562229463056,0.0563763969420492,-0.904089256418895,1.1901161328058627,1.464707917940265,0.9733856482255376,0.5907617800330984,-0.4369241172448026,-1.0218153391392586
2025-10-20,000660.KS,0,-0.013388283854285,-0.9046030959560648,0.198544171593541,-1.4638501094227996,2.0035537093791733,-0.2025959818066524,0.751028065563402,1.3026008131512812,-0.6858591675571462,0.6634301940780565,1.146175107541071,0.6405908518822246,2.269780357165158,0.7796268564814549,0.7017582938642303,-0.2872428823497172,2.1309226037390983,1.464811583380658,0.2080696280914226,0.6958281257279695,1.3802784494523277,0.2929415835880526,0.5295406385595088,0.9419930865821264,-0.4369241172448026,-1.0485657924265133
2025-10-21,000660.KS,1,0.0052192615827204,-0.9295926808334154,0.2499563233933689,-0.8783100656536796,0.7185095495610263,-0.1130276972110197,0.7075423304855233,1.2344001413134984,0.2343827595822779,2.00337386456598,-0.5532337379998453,0.4245212561740499,1.845215527655196,0.7396178926086696,1.1288491794534998,-0.2872428823497172,0.8342374662576343,1.3290062942244074,-0.0279072893751518,-0.3375648350559622,1.3107053630537304,-0.292941583588053,0.2666410321975775,0.6378837253381463,-0.4369241172448026,-0.8834989357121593
2025-10-22,000660.KS,0,-0.0062304906695249,-0.9908384119415056,0.1919529034573263,-1.4638501094227996,1.1512057998936345,-0.1420099340316673,0.6653062255889978,1.271814805996389,-0.3136748446756155,0.7238913322592118,0.0079063973534837,0.3235167150365964,1.69570131670089,0.7431842622640553,-0.5618651837668522,-0.2872428823497172,0.2506533762987272,1.2926262312469818,-0.1364428848519634,-0.5998107424377569,1.1691665399899005,-0.292941583588053,-0.0670903388977598,0.0055884225985623,-0.4369241172448026,-1.00421698365613
2025-10-23,000660.KS,1,0.0658306345772878,-1.0540445749815903,0.178770340289499,-1.4638501094227996,-0.561698385218083,-0.1743470492764057,0.7066899085198521,1.6860346418766203,-0.3352230066772894,1.154714887905389,-0.3373790971970024,0.2054100238815052,1.3913239325306734,0.6899261084242001,-0.0035959426065187,-0.2872428823497172,-0.2399415387742433,0.8314730631234488,-0.2013148303503092,-0.7116337044788094,0.9319361967062204,0.2929415835880526,-0.0880569265296188,-0.3327208577588931,-0.4369241172448026,-0.90510152085051
2025-10-24,000660.KS,1,0.0490195698937812,-0.9354739766293988,0.2394102511110807,-1.4638501094227996,0.0038978742123145,-0.0986435472484793,0.707975683214659,1.7604490869317029,0.1415018012305607,-0.5507759060263538,1.835738776495917,0.3839310651641801,1.957883270423657,0.8190031476963333,-0.3471148942584,-0.2872428823497172,1.071619488920886,1.0662025962158004,0.0062392576931702,1.129354874293626,0.9911092765740857,1.464707917940265,0.1655991321391123,-0.0167251516831935,-0.4369241172448026,-0.9302333066144766
2025-10-27,000660.KS,0,-0.0261681604734199,-0.2800047254786036,0.3448710894963346,-0.2927700218845597,-0.3441296002978836,-0.1972500444289423,1.527460592871591,1.8741102629023891,-0.5749504318068996,0.0123724719886484,1.328774376281365,0.4609963336786065,2.295365442332576,0.9194566435723344,1.8148849162427796,-0.2872428823497172,1.904094358864172,1.1078787927617542,0.8204940798130119,4.427657594424172,1.1653267074015092,1.464707917940265,-0.0588636339813627,0.6435095134046673,1.5326241436156598,-0.9918275508054272
2025-10-28,000660.KS,1,0.0710172125959824,-0.9176042746261232,0.3132329139028053,-0.8783100656536796,1.8462454294406887,0.0600364076161124,0.6029850162017271,1.5261569556231307,1.0304892860900206,-0.3341487514233575,-0.9386312489256226,0.2121963333180998,1.7078322798106882,0.8326217591765388,1.3105142373839724,0.7351059483109726,0.6145713057880124,0.7834895632958062,-0.0579222298842575,-1.6684640571002052,1.0083435344805731,-0.878824750764159,0.2546453398265668,0.620078557161335,-0.4369241172448026,-1.0553933825822277
2025-10-29,000660.KS,1,0.0179211111259613,-0.8026163647438052,0.3580537111899335,-1.4638501094227996,1.3352551253071627,-0.0366505311676973,0.6325389456128246,1.5323785600171558,-0.476410868110479,1.8467464095242807,1.992148287964468,0.403721004192704,2.298119273820492,0.9673749476184488,-0.945290931479836,-0.2872428823497172,1.7671066749812994,1.0500223393456236,0.245231704799667,0.5888286064356433,1.16135166906497,1.464707917940265,0.5282271284953672,0.8904053586899764,-0.4369241172448026,-0.936148069372026
2025-10-30,000660.KS,0,-0.0158449731018212,-0.8289034672850472,0.4107841025224087,-1.4638501094227996,-0.9501564135074906,-0.0270007798539343,0.7516474998478975,1.4301435660242745,-0.1676080508729394,1.337967654084863,0.3909508776725854,0.3516374619310544,2.2185469920056065,0.971368302581162,1.9704942084257828,-0.2872428823497172,1.2846121241914,1.1824420013969024,0.1191380585843797,-0.3084816737538841,1.2268914191664573,0.2929415835880526,0.3668461189388046,0.6047736261754626,-0.4369241172448026,-0.2769489319858034
2025-10-31,000660.KS,1,0.1091235010896172,-0.7850443496782166,0.408147725680215,-1.4638501094227996,2.003897019573776,-0.2005734083895362,0.7482524640298982,1.5219669966704887,-0.7743219636324464,-0.93755270115296,-0.6273191106004651,0.1986677472682229,1.69667559307065,0.8380773362905433,0.3774888130289891,-0.2872428823497172,0.2873980624434468,0.713186895972252,-0.0766621622174584,0.0552652822440537,1.0405611237808878,-1.464707917940265,0.5192591001000009,0.3319527922046102,-0.4369241172448026,-0.9181766815071843
2025-11-03,000660.KS,0,-0.0548388358664908,0.4056745663265552,0.4081478135774743,0.8783100656536802,0.389984186016636,0.0745003038554586,1.5648797057241612,1.8118699734124384,1.1271137472409465,2.003715688925712,3.1413040406950845,0.5616041268657408,2.67739372041788,1.025240110084768,-0.6355715222321734,-0.2872428823497172,2.4712936088348973,0.9671057941655414,1.989596795979806,4.648913285754266,1.4060798989148822,1.464707917940265,1.0433943130991463,1.2239436904978636,2.6342358827410037,-0.8025344437192361
2025-11-04,000660.KS,0,-0.0119453901189341,-0.1724641612227605,0.5505198124978301,-0.8783100656536796,-0.6363720843200612,0.0951384369736717,1.4496497894941904,1.1727928399047864,-0.1424252364507452,0.3967878153386237,-1.803241077513968,0.2119993306893006,1.6133530338358193,0.7873563164137731,3.11377067295456,-0.2872428823497172,0.111829752722814,0.5503632912135658,-0.0048103287506064,-0.9736099617663584,1.1416269738088674,-0.878824750764159,1.5764817687482042,0.6896313216138659,1.1654202305738783,-0.8289711305495437
2025-11-05,000660.KS,1,0.0241797234135179,0.0880638529900465,0.4239667538519293,0.2927700218845601,3.162178443942228,0.4347325349078466,1.5648797057241612,0.903381967964869,0.7198700676432762,-0.625126419892923,-0.509720981914077,0.1264618832535056,1.189622622523617,0.6551207586932661,-1.80547726016198,-0.2872428823497172,-0.4345410719960877,0.0601219057364946,-0.3112224719656409,0.3721069575871303,0.7643872973149302,0.8788247507641588,1.56201818994953,0.5501900812371654,1.6661528392672162,-0.7848624367516525
2025-11-06,000660.KS,0,-0.0219224670041158,-0.8019072676630112,0.5267912773525303,-1.4638501094227996,-1.8216322786377,0.021884252603332,0.8119853073673161,0.9093154350505822,-0.9439196788776718,3.156984110599689,0.5796892880154736,0.1878366050150558,1.2412525187314682,0.635825173524766,-0.518575046793312,-0.2872428823497172,-1.4390448564425664e-05,0.1105883142785366,-0.1447011208844897,-1.6915046632464656,0.5450829988693756,0.8788247507641588,1.4136068219331834,0.4832490727446353,-0.4369241172448026,0.4126321534548789
2025-11-07,000660.KS,1,0.0448275590073876,-0.3299985362068196,0.4608781571548563,-0.2927700218845597,-0.5178400857861214,-0.0381905605415922,1.494122350297238,0.5723344339304791,-0.3826784321742836,-1.8052568483153624,-0.8105956078949657,0.0350400081681959,0.7975292170902589,0.5457489377562383,0.5652616036057784,-0.2872428823497172,-0.8237923632355789,0.0395832778612948,-0.4522995034813663,2.176985278004452,0.1639254957126441,-0.292941583588053,1.2264762213937788,0.1845526993562841,1.232184578399657,-0.1687964182454289
2025-11-10,000660.KS,1,0.0214520810482503,-0.8857619419706279,0.4793337731549147,-1.4638501094227996,0.5802214051625464,-0.02641522079025,0.6590189011875788,0.8427366106250509,-0.1603381214432726,-0.5071074238258542,1.202357618941873,0.1998401847864925,1.1010465240172378,0.568575055452999,-0.8179103438933599,-0.2872428823497172,0.5562595415697509,-0.5552618346293544,-0.0549591596770336,-1.5467347088355146,0.092157114390207,0.8788247507641588,1.3376372672829766,-0.1325057837411243,-0.4369241172448026,0.093214106172776
2025-11-11,000660.KS,0,-0.0032309304283848,-0.8346966108272615,0.5795215148376534,-0.8783100656536796,-0.8211040162928184,0.043058018645926,0.7422420604401362,0.902357655945754,0.0294919268440782,0.5862016942564131,0.4974328930909835,0.2663096180202863,1.1208534865872262,0.5365256401506153,1.1847442509875614,-0.2872428823497172,0.8509621567036577,0.591563975534247,0.0257813907208044,0.1342768516614655,0.0872558848337816,0.8788247507641588,1.2679643355233732,0.2041407207364123,-0.4369241172448026,-0.8018213115880769
2025-11-12,000660.KS,0,-0.0081037110876973,-0.805503163070673,0.5347007795318761,-1.4638501094227996,1.2078344676571522,-0.2593467532605851,0.8189781818402471,0.9173012462620832,-1.0878906174894372,-0.809058838333604,-0.246922586132064,0.2296448207487932,0.866737062607814,0.4578848865282163,0.4834260472412974,-0.2872428823497172,0.3867999172909582,0.7953048743456919,-0.0603273635915785,-0.0203543280670804,-0.0263496733551262,-0.878824750764159,0.1350418007382112,0.1665609237404627,-0.4369241172448026,-0.3272272278003364
2025-11-13,000660.KS,0,-0.0849673697896959,-0.8680420120412929,0.5399738509474002,-0.8783100656536796,0.4973117960428444,-0.141415225607613,0.7797925745115408,0.6465937560957521,0.473476543937764,1.2110984687167117,-0.3938690390089643,0.1666450067936669,0.60152774872786,0.3914270508011594,-0.2571211750273971,-0.2872428823497172,-0.0272649155327347,0.3434561999776641,-0.1584117341392691,-0.4915765770032156,-0.2323255581173255,-1.464707917940265,-0.4083847770499115,0.1273739153188984,-0.4369241172448026,-0.886153153047207
2025-11-14,000660.KS,1,0.0821428707321565,-0.3342802632187497,0.4661511428401435,0.8783100656536802,-0.2529547563041657,0.0735194020597344,1.5001587672992516,-0.2430621127997756,0.6968023200167733,0.5036509151111637,-2.6155589853821524,-0.230397388345547,-0.4708647362288102,0.2002375035245802,-0.403315823334161,-0.2872428823497172,-2.256570635605031,-0.660491783344948,-1.0982759419421046,2.931823527472799,-0.9566724835595578,-1.464707917940265,0.6483113179675611,0.6075030585464475,1.232184578399657,-0.8347972394312001
2025-11-17,000660.KS,0,-0.059405985646973,-0.7876534595868511,0.4898798620707191,-1.4638501094227996,-0.4010681398378657,-0.07416110140391,0.7958405208859679,0.2847370839692371,-0.6134216370652796,-0.2433685090601181,2.327660208844252,0.1267356145860017,0.2696303585582513,0.2915525460059872,-2.6136392030267053,-0.2872428823497172,-0.1194483531880382,-0.2710573950425616,-0.1700759633592303,-1.2995636324744542,-0.982465106278175,1.464707917940265,1.2703650904530186,0.6075030585464475,-0.4369241172448026,-0.805437669100958
2025-11-18,000660.KS,0,-0.0140350379531281,-0.9352888725191376,0.4766971773017542,-1.4638501094227996,-2.640400962630117,-0.1788202958119042,0.6860104249292155,-0.38726559838879,-0.5786719749534108,-0.3908408628966122,-1.9409707450122915,-0.1361339452261117,-0.4823543482955729,0.1528583916020046,2.304289589773552,-0.2872428823497172,-1.3659227402622296,-0.9341991504958834,-0.3764718262899481,-0.8915275262532238,-1.3898613742649697,-1.464707917940265,1.5465355852613316,0.6990244159714473,-0.4369241172448026,-0.8683323895202317
2025-11-19,000660.KS,1,0.0160142469792357,-0.8602941631761882,0.4239668101709876,-0.8783100656536796,2.342073306544277,-0.0675205860113686,0.7425669154830087,-0.55389298638628,0.3077361516435009,-2.620481929231141,-0.5727376367700383,-0.1596596486955306,-0.7021859873377729,0.0905072500534208,-1.9425022778273788,-0.2872428823497172,-1.2409309320773576,-0.985019069151002,-0.3917950239366507,0.3494094315586744,-1.7310740476175652,-0.878824750764159,1.3370881935428252,0.6392727736524942,-0.4369241172448026,-0.3315333195778411
2025-11-20,000660.KS,0,-0.0875656601277361,-0.8007951515634486,0.508335540403085,-1.4638501094227996,-1.960455684489064,-0.051650286241557,0.7775131801899637,-0.3865855041144787,-0.1434388312752897,2.3404283604033598,0.3334463557023698,-0.0191720339841821,-0.6214816480518771,0.0615833906650618,-0.5812692970713614,-0.2872428823497172,-0.4074537918557995,-0.7891846997652263,-0.2348400394623409,0.1627408482126874,-1.8385188602836409,0.2929415835880526,1.3092881659686746,0.2846076706554672,-0.4369241172448026,-0.7874863935552677
2025-11-21,000660.KS,0,-0.0019193938773903,-0.7781076630179155,0.3053233469788781,-1.4638501094227996,-0.5813571682808634,0.1716025784180429,0.7971453500789273,-1.4504519055717089,0.5729885434976804,-1.943479431177643,-2.6155589853821524,-0.4243658601424113,-1.5361114916340348,-0.0678645665241897,0.3202784945701501,-0.2872428823497172,-2.256570635605031,-0.7705253032355689,-0.7267477114888129,-0.0642408586392048,-2.381844295761439,-1.464707917940265,1.7235022249758771,0.9346872864287764,-0.4369241172448026,-0.9359619119442036
2025-11-24,000660.KS,0,-0.0019230850350322,-0.0454367131435352,0.3395981256476766,0.8783100656536802,0.3320230093380018,0.1436405517561909,1.5648797057241612,-1.2073038576536173,-0.2681347475648777,-0.5703496065432256,-0.2073711149164002,-0.4445196820025121,-1.541963428282143,-0.0623028295433013,-2.6136392030267053,-0.2872428823497172,-1.752978725254294,-1.849012208501813,-1.0706261650156257,3.2982738187858693,-2.6728801292715483,0.8788247507641588,1.7399621503788825,0.6976390492461949,2.200267621873443,-0.8605404522485611
2025-11-25,000660.KS,1,0.0096339520842427,-0.8954375120940506,0.3791459482471239,-0.8783100656536796,-2.640400962630117,-0.1593537326413249,0.7415869413329216,-1.1568483915639254,-0.9658413569510664,0.3390774926655462,-0.2074824276473449,-0.4546870789285656,-1.558450775736918,-0.063584765676949,-0.2177720562757323,-0.2872428823497172,-1.2982134663268494,-1.68148383431551,-0.3855070777819848,-1.694115980593315,-2.7845829811549736,-0.878824750764159,1.3517952448887347,0.6757477777611303,-0.4369241172448026,-0.80070286709626
2025-11-26,000660.KS,1,0.0389114156378334,0.0113342235457451,0.2921407680401779,0.8783100656536802,-0.2130891990838418,-1.2199953430917932e-05,1.5648797057241612,-1.281192460796667,0.4932285984194946,-2.620481929231141,0.1410384127476622,-0.4268297490878371,-1.4397448408280296,-0.0375330722934407,-0.2178827995106586,-0.2872428823497172,-0.6421631413420709,-1.3697309707962773,-0.4320546643338455,4.648913285754266,-2.7116153350966234,-1.464707917940265,0.4411633492090134,0.4959339334379202,2.433942839263668,-0.7778862775271566
2025-11-27,000660.KS,0,-0.0257352890387815,-0.8263927039123753,0.3511544081862937,-1.4638501094227996,-0.2132013957710555,-0.1664290120840439,0.8018534212088119,-0.891376198954829,-0.7249936090083774,-0.2036754886184714,1.0239469036543425,-0.2582011904381913,-1.0487775499927443,0.0196453092791081,0.1288549453725689,-0.2872428823497172,0.7367065183743107,-0.9272000033456574,0.0063314224206612,-1.6884612738970683,-2.366252600445641,1.464707917940265,0.5044098084518716,-0.1600454359982737,-0.4369241172448026,-0.0410461323987868
2025-11-28,000660.KS,1,0.015094235283469,-0.9359747041234056,0.3933689837420379,-1.4638501094227996,0.1380871171007502,-0.276442050724389,0.7571001253862251,-1.3713722312147218,-0.6869950460037954,-0.2037871997222306,-0.9255773221599496,-0.381198064222138,-1.2797774873176109,-0.0051546418655158,1.0072463171145425,-0.2872428823497172,-0.1180987954696062,0.1612732221360086,-0.1805436377647782,-0.7544818159826746,-2.2082231388553444,-0.292941583588053,0.5415935122804573,-0.1715053417579988,-0.4369241172448026,-0.8958837810940333
2025-12-01,000660.KS,1,0.0371748172560399,-0.9199229483434148,0.3696231421427999,-1.4638501094227996,1.0280069578223927,-0.2250965180579724,0.7194473621864297,-1.4471073070729654,0.1097253019230305,0.145980948388028,0.305701939372077,-0.270406186476859,-1.0629677320187056,0.0199019974064649,-0.932303790959142,-0.2872428823497172,0.111191396387913,0.453722412275059,-0.1416757013205191,-0.0642058666584759,-1.950074937778777,1.464707917940265,0.5365083627480463,-0.1764189607297372,-0.4369241172448026,0.0160478539758263
2025-12-02,000660.KS,0,-0.0107526700700084,-0.9193668902936336,0.3854537375087654,-0.8783100656536796,-0.9369988229443168,-0.2757143941873029,0.732230531067723,-1.1428381571138695,-0.4612426564943419,1.032049246241463,0.9715770167010662,-0.0895031420566654,-0.6698895788356402,0.0730599182550747,0.292676023680421,-0.2872428823497172,0.7418968485737245,0.8440969433255467,-0.0376999988952651,-0.1734163803455427,-1.5178979664952084,0.8788247507641588,-0.4699519450477972,-0.0128869729127207,-0.4369241172448026,-0.826446079913621
2025-12-03,000660.KS,0,-0.0181158733819825,-0.8865775471293832,0.3907305850336461,-0.8783100656536796,0.3040582691459417,-0.2870054955694293,0.7179199270789883,-1.151504806931534,-0.2680681612767435,-0.9244520561951964,-0.4737526113431926,-0.1303079310748754,-0.7566101652713558,0.0616756441498779,0.955144363953326,-0.2872428823497172,0.1251229764240896,0.5208386830165989,-0.1330711621881598,0.0423971711813662,-1.2570881453636171,-1.464707917940265,-0.4122334923333614,-0.1343159530710413,-0.4369241172448026,-0.9366516462088272
2025-12-04,000660.KS,1,0.0036899533322294,-0.9776240122523234,0.3696234007409762,-0.8783100656536796,0.9752211913063068,-0.25631718542743,0.5909469628331009,-0.7257645164588752,-0.0082277585337106,0.3112337829199595,-0.695801721318663,-0.1920163986512584,-0.8964479879625744,0.041747832442257,-0.4827906968969395,-0.2872428823497172,-0.3734374759177349,-0.3368568264698907,-0.2184852783187213,-0.733597500893143,-1.154810126059024,-1.464707917940265,-0.3007427466914862,-0.1313145238978891,-0.4369241172448026,-0.9205085494195772
2025-12-05,000660.KS,1,0.0606617198425698,-0.9127311575280912,0.3379623556934076,-0.8783100656536796,-0.4815860833168646,-0.2171637967069919,0.741484692204531,-1.478459465746229,0.0214298902260653,0.9794919347313952,-0.0382123259129848,-0.1617169878373271,-0.8272230393198777,0.0517081108595223,-0.7037037635559094,-0.2872428823497172,-0.4142657471482035,0.3097077796260626,-0.2285752447899777,0.3461623715314488,-1.034263968572264,-1.464707917940265,-0.3018181273352389,-0.3014122088650593,-0.4369241172448026,-0.9199493271736688
2025-12-08,000660.KS,0,-0.0190640753115959,-0.819756971146833,0.372261631577145,-0.8783100656536796,-0.7053985289065846,-0.0947769823740626,0.6429998805137911,-0.3782925509268052,0.4174709177054247,-0.4710103274488824,1.6798619294561568,0.1519081174350854,-0.1848485622224187,0.1317479759590443,-0.0494787141624031,-0.2872428823497172,0.8722272898520655,0.7771241348660428,0.0383315433775505,0.4335619191973086,-0.5950602756502352,1.464707917940265,0.0104053267759657,0.0314316632318818,-0.4369241172448026,-0.8869733993305456
2025-12-09,000660.KS,1,0.0371024658741958,-0.9527122915076648,0.4408603773517697,-1.4638501094227996,-0.0425870868977934,-0.3090819985018699,0.6016733433072988,-0.428037979580844,-1.008273281643928,-0.6938541203699213,-0.7243962589983834,0.1266590830965605,-0.3404048358120614,0.0936126190938745,1.6598055632812267,-0.2872428823497172,0.2285624025683262,-0.0248340422579038,-0.1302124207471869,-0.8671292680843359,-0.4198075316703528,-0.878824750764159,-0.0561897591344963,0.081955824862325,-0.4369241172448026,-0.978537955815438
2025-12-10,000660.KS,0,-0.037478713096388,-0.9109332098242604,0.4461371873169041,-1.4638501094227996,1.6891307337292878,-0.1289289466689968,0.5638767066422429,-0.2523898202910399,1.0183325664852274,-0.0339113037873992,0.9693951456779124,0.3632607170949974,0.0830931072371054,0.1361036149455081,-0.7321520064208338,-0.2872428823497172,0.9250634765871733,0.5963188884789518,-0.0026995358736882,0.1326865845727017,-0.097013110080716,1.464707917940265,0.0446947755027685,0.3553071762840568,-0.4369241172448026,-0.9132758343938152
2025-12-11,000660.KS,1,0.0106194511741006,-0.7912493549945129,0.4777981008351377,-0.8783100656536796,-0.7342201414287542,-0.1248824443739687,0.7908257023709111,0.272970688442526,-0.1836822934583079,1.6903117008837012,-1.2797189572028869,0.2444202181515979,-0.2861377761729107,0.0688009517493318,0.952973655776056,-0.2872428823497172,-0.4089120629883553,0.2220788173248555,-0.2358016298820648,0.6049872316206988,-0.1304126472621586,-1.464707917940265,0.2129265188010231,0.1419588887157645,-0.4369241172448026,-0.8197725871337672
2025-12-12,000660.KS,0,-0.0297722614428633,-1.0485965416923164,0.4303066858760674,-1.4638501094227996,0.9730219936166274,-0.2802813934278281,0.6600767149899359,0.3697130696431526,-0.824965844389823,-0.7225509939312538,0.1707577056305197,0.2877310336814515,-0.1838659740220268,0.0838704040655357,-1.2846335734905805,-0.2872428823497172,-0.3780091936512081,0.2829434129456677,-0.2154158428259494,-1.4319030898676737,-0.1039777318763225,-0.878824750764159,0.1897368731038736,-0.2462984789410618,-0.4369241172448026,-0.9534844772627004
2025-12-15,000660.KS,0,-0.0433213375920381,-0.936660535727674,0.3511544715432799,-1.4638501094227996,-1.2939527662988195,-0.2988086222670806,0.7681513609032956,0.0504738829071538,-0.3133311994316094,0.9773022550946796,-1.0473186474149747,0.2142543791249744,-0.4558350632177109,0.0302921509142343,0.1584221889900435,-0.2872428823497172,-0.9953588348605344,-0.8410459520544544,-0.3177949132502363,1.0248543777293269,-0.2723095421669942,-0.292941583588053,0.2808305694982241,-0.0825808839792066,-0.4369241172448026,-0.9114676556373744
2025-12-16,000660.KS,1,0.0396226334833438,-0.9680782156833876,0.3775385206680497,-0.8783100656536796,0.1680424167281357,-0.2077811841250217,0.6522902569659993,-0.4080150982721686,0.3929889613607363,-1.2798611149972987,-1.4559125938868331,0.0141821917903289,-0.8747838401917672,-0.0239199332741653,-1.053422265625335,-0.2872428823497172,-1.8506027227166049,-1.034347548503033,-0.4277195102320907,-0.3986644818226797,-0.6237159027478905,-1.464707917940265,0.5212299590261528,0.4291104362913902,-0.4369241172448026,-0.7911027510681489
2025-12-17,000660.KS,1,0.0018148979159702,-0.9103771517744792,0.3379623521874856,-0.8783100656536796,-1.05970691998497,-0.2750314678564705,0.7087444983914017,-0.3994684325662906,-0.530875336886909,0.1758066024952605,1.0453948092605128,0.2122722748800611,-0.4648879071099455,0.0283761250273935,-1.4599257717342338,-0.2872428823497172,-0.4327360423567978,-1.034347548503033,-0.2318603714762787,0.2730864850594797,-0.618263767305957,0.8788247507641588,0.225361438869691,0.1262424452092566,-0.4369241172448026,-1.0499143477710058
2025-12-18,000660.KS,0,-0.0090580501435231,-0.9979574950442446,0.3590696586281294,-1.4638501094227996,-1.471545591273155,-0.24493651067773,0.6466438360228978,-0.1681091025365016,-0.0193453930575694,-1.0466290767563713,-0.0947576050115487,0.2405356134415608,-0.4279648352586977,0.0297921839657957,1.0285844913652509,-0.2872428823497172,-0.2490129984825592,-0.6305777936086787,-0.2016710297038099,-0.7485786973183194,-0.5890104336877907,1.464707917940265,0.2017477042440653,0.0595728500483051,-0.4369241172448026,-0.9373413804734508
2025-12-19,000660.KS,1,0.060329141526185,-1.0325447859123256,0.4408602652969562,-1.4638501094227996,1.0496251854614262,-0.1906112233623954,0.658447030754104,-0.3610824949010285,0.0968065648474019,-1.4566853242523574,-0.4226486514931574,0.2009290310226143,-0.5484995114987637,0.0085848946180973,-0.1057346974092219,-0.2872428823497172,-0.2591746155401987,-0.9445487827292414,-0.2031329813897107,-0.4774920254195682,-0.6054309168171136,-0.878824750764159,-0.0808810059422088,-0.2093446656027114,-0.4369241172448026,-0.9689378397873266
2025-12-22,000660.KS,1,0.0068966120414941,-0.9967156053901948,0.4540524224403142,-1.4638501094227996,-0.0995814031686441,-0.2540401242459464,0.6723911553630961,-0.1836759861329678,-0.498293801993762,1.0535739109249622,1.6698325012275097,0.474966372261928,0.0194043355421025,0.0811989328648588,-0.4319481941274608,-0.2872428823497172,1.164386656839904,0.3195823024646272,-0.0213324873983457,0.1807563044742876,-0.2667712696804136,1.464707917940265,0.3204351285923387,0.2493829428535753,-0.4369241172448026,-0.9109084333914662
2025-12-23,000660.KS,1,0.0068492673264608,-0.958662192668939,0.4830750304772128,-1.4638501094227996,-0.430076296879897,-0.3520033423238473,0.749475648485249,-0.0363888438403109,-0.7504930551053982,-0.0906589505917243,0.0584895689307188,0.4880276886424882,0.0299958895389702,0.0801016352638536,1.6498274474172576,-0.2872428823497172,0.7953218587739087,1.3390051699348835,-0.0489773370862393,0.1517565109782137,-0.0140754197411345,0.2929415835880526,0.3158132596520751,0.2325578618998195,-0.4369241172448026,-0.9989871443821924
2025-12-24,000660.KS,1,0.018707539869095,-1.0426466405310426,0.4883517783698923,-1.4638501094227996,1.6790216598403265,-0.3351155433168312,0.6923898046318022,0.1851409911059715,-0.0643023338677614,-0.4197234736194554,0.057061813728293,0.4973010426837489,0.0414447689912253,0.0804151825122826,0.0467284363369423,-0.2872428823497172,0.6129423624701142,1.2311593602466142,-0.1111348228210846,-0.8121624978851139,0.1713788382965796,0.8788247507641588,0.1352790335737355,0.316204931113914,-0.4369241172448026,-1.033771250981756
2025-12-26,000660.KS,1,0.0684473790164279,-0.9193668902936336,0.5068207396491118,-0.8783100656536796,0.0548827366944746,-0.0998469705248088,0.7802613030196741,0.2843053008329078,1.5608258549315586,1.6802463787234458,0.414666887549424,0.5388915847078057,0.192345576131996,0.1093971942697549,0.0453079857877776,-0.2872428823497172,0.676667219573852,1.302388851171882,-0.0484430027714413,1.110860826677515,0.3747266295690249,0.8788247507641588,-0.4003218370683871,0.3364310972140464,-0.4369241172448026,-0.9977381878716602
2025-12-29,000660.KS,1,0.0171874539786021,-0.8543442620149141,0.6018034725249931,-1.4638501094227996,0.0534436434074371,-0.1074598031280358,0.8229107770768262,0.3656702186948848,-0.2291123915031834,0.0631366737163292,1.9146508680307817,0.7523783409649938,0.8401809787747551,0.2244883147474108,0.4010834875196259,-0.2872428823497172,1.705770874232494,1.637167324696691,0.1826697296386775,0.2582167637005375,0.878902051609465,0.8788247507641588,-0.0513046334864477,0.6067697196801439,-0.4369241172448026,-0.9594682357779306
2025-12-30,000660.KS,1,0.0399385208979212,-0.9264289075544702,0.6255490916904772,-1.4638501094227996,0.4138885293880261,-0.1166710628744333,0.7824203405551602,0.6673116128424151,-0.2357705707332313,0.0617038087761974,0.3688262792205296,0.7024296883376668,0.924441741783763,0.2670076123014945,1.893393279277272,-0.2872428823497172,1.512256304570763,1.6371673246966267,0.0831372302596673,-0.5829260916265712,1.2417789215652135,1.464707917940265,-0.1194390580566633,0.970163534472226,-0.4369241172448026,-1.0439305892557758
2026-01-02,000660.KS,1,0.0280650542388463,0.0186923474217842,0.6572099594289706,0.8783100656536802,1.925784177400403,-0.1068109892272251,1.5648797057241612,0.7085658317317817,-0.1611558065004116,0.420588701523177,1.0549208967916432,0.7361211514499109,1.2719426238410891,0.3623520997939237,0.3554774080151079,-0.2872428823497172,1.7912486160308578,1.637167324696691,1.0626282697524758,4.648913285754266,1.6447302148428156,0.8788247507641588,-0.3326858821860023,1.3048876961679214,2.467325013176557,-0.9199493271736688
2026-01-05,000660.KS,1,0.0431033745856777,-0.1994020651417869,0.7812153584443543,-0.2927700218845597,0.3676838917808602,-0.0892333736303325,1.5648797057241612,1.2819093395660577,-0.1321233531602423,1.9259409164822416,0.6968576202169556,0.7034710654291436,1.4605333453270055,0.4384018296421302,1.038061841713542,-0.2872428823497172,1.610419849138618,1.637167324696715,0.754740948129668,-0.5683430559732856,1.9774851725492812,0.2929415835880526,-0.5347952383146412,1.3129867103062418,1.566006317528549,-0.8545566937333309
2026-01-06,000660.KS,1,0.0220386751416801,-0.2215700551437673,0.760107945399159,-0.2927700218845597,1.0592269215254868,-0.0335731833414985,1.465220795912243,1.4033763549121496,0.0074275137843646,0.3745840360194645,1.1503620947042532,0.7267890372124113,1.795424968703782,0.544764816695366,0.6818304814761094,0.7974442916439415,1.7317810352199,1.637167324696715,0.7953652041962932,-0.2250648017429038,2.354611603224822,1.464707917940265,-0.6033913452529532,1.17532306129632,1.5326241436156598,-0.927051530180716
2026-01-07,000660.KS,1,0.0188678353495266,-0.7446324882493969,0.9447968823638292,-1.4638501094227996,0.69832019411324,0.0638889660623083,0.7477681245971469,1.8175866959838871,0.1262138299885989,1.0631340910012048,0.5151225711895264,0.6515800432021525,1.8629327083612992,0.608985933466642,1.1330147452347925,-0.2872428823497172,1.4952335663710024,1.637167324696709,0.2343222926818273,-1.331895720259518,2.593674529261966,0.8788247507641588,-0.7420116698537775,1.2866247689818882,-0.4369241172448026,0.02344784856497
2026-01-08,000660.KS,0,-0.0158729895751237,-0.0923355602028972,0.8682828048194688,-0.2927700218845597,1.1554260367446083,0.154621704436398,1.5493890597587563,2.051762696552607,0.0576421949753252,0.7037893556566094,0.4195008527755435,0.5683605343099344,1.9141687965826537,0.6768812317858437,0.5010252217544978,-0.2872428823497172,1.1686567058556654,1.637167324696714,0.6032622264325397,2.7170607911587243,2.707526202808856,0.8788247507641588,-0.743296123388448,1.0589760401630477,1.1988024044867676,-0.1958876097776613
2026-01-09,000660.KS,1,0.0067204047646785,-0.8190711395425648,0.9025821926693756,-1.4638501094227996,0.5151419513511326,-0.0885339558598207,0.8000563468285493,2.051762696552607,-0.8054182337670451,1.1589168597145003,-0.6281639919242445,0.3574994745259128,1.5284133131011837,0.6478503145823695,0.4058927213073355,-0.2872428823497172,0.1625356625503349,1.133900017161809,-0.1123270964308733,-1.6043669588589242,2.469510676766532,-0.878824750764159,-0.672501887254795,0.5378808219544481,-0.4369241172448026,-0.2181817446455226
2026-01-12,000660.KS,0,-0.0146862100412485,-0.8382925062349232,0.9316046578640726,-1.4638501094227996,0.4187608820818648,-0.2030602271291335,0.7972657068650183,2.051762696552607,-0.6264984650574305,0.5214039021124041,0.0531757581705986,0.2788457607824371,1.4506978039210665,0.6658382062137004,-0.6364120809906373,-0.2872428823497172,-0.0565690367416553,1.0423963865968349,-0.1609201121041396,-0.2767423309147661,2.1883751347395024,1.464707917940265,-0.6257028657221664,-0.131813859801456,-0.4369241172448026,-0.7442206154194098
2026-01-13,000660.KS,1,0.005420101574292,-0.8138070699855592,0.926327914231084,-1.4638501094227996,-0.6372236750124493,-0.1531170316107957,0.7473591280835837,1.9438835580530407,0.0424663669460155,0.4254399668399166,-0.5923747670354605,0.1270130015489156,1.1027252117268571,0.6164115748491091,0.0414418119915745,0.9595239843096608,-0.5651578303752988,0.1237494956081011,-0.26793924724545,-0.0445255547365588,1.7291385405882462,-1.464707917940265,-0.528766259637717,-0.3643223922770456,-0.4369241172448026,-0.0882118529442766
2026-01-14,000660.KS,1,0.0094338754740928,-0.8430005177421477,0.8735597949233795,-1.4638501094227996,0.0495267279189617,-0.0273859566300075,0.766684550587375,1.8618851771766167,0.3389742462873787,-0.6259743249296958,0.0139630468151975,0.0840452664321405,1.0078793540587467,0.604022710936199,-0.600805960234728,-0.2872428823497172,-0.4135432758854072,-0.2710573950426885,-0.2332727470710378,-0.3266391586874927,1.3288950308290672,-0.292941583588053,-0.5874397216758698,-0.3643223922770456,-0.4369241172448026,-0.8190828528691437
2026-01-15,000660.KS,1,0.0093457928296718,-0.833454721173212,0.8709212182248914,-1.4638501094227996,-0.6011502408563562,-0.2399263887121212,0.6719278358764327,1.8714127058988224,-0.9037281629662226,0.0578038455650224,0.1350047842671794,0.0728143242318607,0.9414941078657374,0.5827030466222921,0.0024297199435964,-0.2872428823497172,-0.0948300238428958,-0.6135600535126314,-0.1683043725590981,-0.1248627469627249,1.013560246947424,-0.878824750764159,-0.9378103403954056,-0.487709932782456,-0.4369241172448026,-0.8384135969440811
2026-01-16,000660.KS,1,0.0105820206628692,-0.840918569864773,0.9210510131196604,-1.4638501094227996,0.0100026207175159,-0.1598511867532974,0.7192690739167209,1.880673497361909,0.2310755197102814,-0.5900570153723566,0.1323485119941931,0.0851973647515082,0.8495904285383751,0.535644397878505,0.1228521860241905,0.8419312002951964,0.0787304430301618,0.4024340960221501,-0.13381266335668,-0.2171161307892528,0.7655196310031449,0.2929415835880526,-1.043419961126636,-0.3623265614677643,-0.4369241172448026,-0.8137888286185372
2026-01-19,000660.KS,0,-0.0274869061666329,-0.840918569864773,0.9316046746504948,-0.8783100656536796,0.1320055743909153,-0.1960327276794582,0.7738075116488751,1.8714127058988224,-0.3577199026721338,0.0184507973581604,0.1696289290162244,0.1008870529698849,0.7873478966806545,0.5003439852338301,0.1202095037194903,-0.2872428823497172,0.2658428437655646,0.5025486177574411,-0.0959533687174376,-0.1771455361644376,0.5808122612510359,-0.292941583588053,-1.124819327898727,-0.1667654762824429,-0.4369241172448026,-0.8431483989487794
2026-01-20,000660.KS,0,-0.0040376361668628,-0.8076196196206828,0.9553503786298072,-1.4638501094227996,0.1293282081378602,-0.2671536426677105,0.7384384115949234,1.135927756192065,-0.5391869074144962,0.1399257263886436,-0.9784001232938934,-0.0329282109465372,0.3058375927368836,0.3866267235565919,0.1572991874006002,-0.2872428823497172,-0.5631894343526455,-0.0680554144683439,-0.2683872148905627,0.004334023868848,0.1527837489732513,-1.464707917940265,-0.9356367807090312,-0.2356846365738448,-0.4369241172448026,-0.8335482829206681
2026-01-21,000660.KS,1,0.0202702777039385,-0.8558989564422002,0.8630061071483163,-1.4638501094227996,0.1669046762769453,-0.0021528114148276,0.7196428709078511,0.97554922443262,1.351345685113116,0.1372599476858663,-0.2712500810621358,-0.0244351159282351,0.1052021897417047,0.3063694903732814,-0.9848563411103474,0.7907651834296946,-0.6612889680747153,-0.3540245908298559,-0.2807282050504841,-0.4210120983338887,-0.2250459930996813,-0.878824750764159,-0.9511311866297112,-0.2076351209808252,-0.4369241172448026,-0.8410546039424706
2026-01-22,000660.KS,1,0.0158940122688495,-0.7686387920582524,0.9606273134796612,-1.4638501094227996,-0.9902411003215752,-0.1787166030610435,0.7867970405432904,0.8760083421870569,-0.7590640639018434,0.1746737861461297,0.4617937331150891,0.0801522660122793,0.1897949946255155,0.2854893983158885,-0.2813242061033892,-0.2872428823497172,-0.1416344178068816,-0.0590304590360828,-0.1739653123216601,0.3159390148908441,-0.3704753510827935,0.8788247507641588,-0.9078296963261484,-0.199162306922294,-0.4369241172448026,-0.8410546039424706
2026-01-23,000660.KS,0,-0.0404172364158154,-0.8123384879631038,0.9289663324561244,-1.4638501094227996,-0.2774754406517515,-0.1829001198514899,0.7803920916410435,0.8057530482079344,-0.2191832091194604,-0.9774639028029226,0.3298204867295569,0.1740415380123945,0.2222898548017733,0.2539104875206459,0.4479692236391034,-0.2872428823497172,0.22550157134683,0.0847146886340187,-0.0973278399938073,-0.380461358479864,-0.3920460048955796,0.8788247507641588,-0.8658239343084707,-0.0770521804707464,-0.4369241172448026,-0.8075661691482637
2026-01-26,000660.KS,1,0.0869565180395912,-0.7869462318140084,0.9263278670439432,-1.4638501094227996,0.4613896184946014,-0.2252517183190646,0.7312043553223562,-0.3155852620975693,-0.3953301169965817,-0.2677830687180398,-1.3683348027900808,0.0340909698991013,-0.3396116406997727,0.1287622068381722,0.3166711761973082,-0.2872428823497172,-0.7304500529932725,-0.9226464659162604,-0.3094741582768334,-0.0475411104407754,-0.7659300204806276,-1.464707917940265,-0.4551379643405582,-0.0456661883859758,-0.4369241172448026,-0.856120235003294
2026-01-27,000660.KS,1,0.051249979646615,-0.3922256428710831,0.8867517035322887,-0.8783100656536796,0.3283683466272041,0.060170824145006,1.0680184360821674,0.3231271156020337,1.2730710282875684,0.467884207528209,2.4728234014201664,0.4806907357690028,0.4260212409904199,0.1968153229837359,-1.3727960444205802,0.7191570474842257,1.233960749877478,0.5990932760134344,0.4236009304286193,1.7299987753981816,-0.3854077212192484,1.464707917940265,0.5878700727448337,0.6800114164102092,0.3508951870993823,-0.7683635248462755
2026-01-28,000660.KS,1,0.0237812728749859,-0.0794455864100639,1.076717214553902,-0.8783100656536796,-1.3832723277285497,0.1785815071892104,0.7411437110384455,0.5705958757377121,0.1382222815971505,0.3354386472109277,1.3960359307317185,0.675819166071596,0.8479250600786996,0.2535397839821465,2.4487101012608274,2.9592085042113894,1.9490287840776013,0.911338968447518,1.055164352074329,0.6487565289242554,0.2177710007432649,1.464707917940265,0.764015595444442,1.54968390019185,0.3311997044907775,-0.8123118897679598
2026-01-29,000660.KS,1,0.0557491063640611,-0.2021758331292025,1.2587676680703166,-0.8783100656536796,2.4883892685565367,0.1932076069037593,1.058353524808568,0.9256744274770394,-0.1648403487596171,-1.3687941043965215,0.5676733781320151,0.7095403257015608,0.9604471875373684,0.2753311647213256,1.3774316695840756,1.1736602416027808,1.8479631956872808,0.9329411880705436,0.8731015724066433,-0.4155471696948031,0.7173544748741504,0.2929415835880526,0.5279995291599123,2.1081597534270773,0.2918087392735684,-0.7867751413691811
2026-01-30,000660.KS,0,-0.0869086934460275,-0.1612308874796189,1.1928073560910015,-0.8783100656536796,1.4030508169780846,0.3103659571279276,1.0544090464169034,1.1622238552702575,0.0769873222536648,2.486111071897756,1.531714254546457,0.8203487098275529,1.434497880310512,0.3805374914947272,0.5533071692856143,-0.2872428823497172,2.443480019846412,1.0572163759346154,1.229399278377507,-0.0884057015336913,1.4052236681016668,1.464707917940265,0.5226612166150844,2.8787817557089244,0.5281545305768239,-0.3898084319729269
2026-02-02,000660.KS,1,0.0927710663377729,-0.4239267222233811,1.2350219175686896,-0.8783100656536796,0.5681100745776158,0.2831433343300565,0.9932852108753208,0.2762434949589463,-0.2560032709022869,1.4054699283031091,-2.6155589853821524,0.3042931557772525,0.2587731306488088,0.211694142153543,1.51241583861035,-0.2872428823497172,-0.8760705547872852,0.4407407410472193,-0.4483570863731994,-0.7253197802734488,0.8963116643935984,-1.464707917940265,1.681751137628572,1.5015111322760768,-0.4369241172448026,-0.0752485299657409
2026-02-03,000660.KS,0,-0.0077177494566158,-0.6715034825832618,1.2455755215450757,-1.4638501094227996,1.5398065890225896,0.0163826631442645,0.7701080535283353,0.6565456925559167,-0.7652054434602789,0.5741427810992152,2.6481703557030976,0.6315464220703003,1.1578814579261154,0.3684303525965793,-2.6136392030267053,-0.2872428823497172,0.9462577207090948,0.4994333136245316,0.1405419293860589,-0.8555866537879161,1.228387003888247,0.8788247507641588,2.0748160070381463,1.2938136947137606,-0.4369241172448026,-0.1986771616313961
2026-02-04,000660.KS,0,-0.0644443832103293,-0.6687212380597378,1.271959629229286,-0.8783100656536796,-2.640400962630117,-0.149861779555179,0.8350342619292428,0.5585739870545272,-0.710015370443978,1.5416338260074745,-0.382229751998247,0.4843458179278714,0.9439480371202772,0.3606447810982615,2.6231599488834174,-0.2872428823497172,0.3270270394476492,0.216324765814488,-0.0342876525323365,-0.1663280513552935,1.223660280222428,-0.878824750764159,1.8184156715206865,1.1791690636368737,-0.4369241172448026,-0.1574992226126796
2026-02-05,000660.KS,0,-0.0035629763734889,-0.7257478785102638,1.1848922313388277,-1.4638501094227996,2.66512868745854,0.0391071892920517,0.6944590787408057,0.0402886601584003,0.6039643635659548,-2.620481929231141,-2.092911639110174,0.1160956252230505,0.1161979510260173,0.243647366254517,-0.3917360850161577,-0.2872428823497172,-1.4162190937555112,-0.4058389576980181,-0.4996580256654007,-0.3978288421883471,0.492982639393038,-0.878824750764159,2.017964616320704,1.3814547654631335,-0.4369241172448026,-0.4216899033410468
2026-02-06,000660.KS,1,0.0572110172138835,-0.6562038942573255,1.0635252766077503,-1.4638501094227996,-0.3893364229619139,0.0512898450124612,0.8524908896514839,-0.0236769415397984,-0.1641056754095498,2.662085568593,-0.2569359598577926,0.0773756427350381,0.0110351605726909,0.2252260017263587,-2.093665814892567,-0.2872428823497172,-1.0747456840244871,-0.867377619961065,-0.438565081925839,0.1205637247922442,-0.1033408604856843,1.464707917940265,1.8661500887200737,1.2934349341020566,-0.4369241172448026,-0.6706754760121941
2026-02-09,000660.KS,0,-0.0124013899678561,-0.7619104415878057,1.3088975729213703,-1.4638501094227996,-2.113603171082874,-0.1015372301368789,0.7966422002335107,0.3642069662598902,-0.642906778353846,-0.3791599204931441,1.5758005019733965,0.2967119922822205,0.5395045701338241,0.3068980668178905,-0.2670833185261818,-0.2872428823497172,0.1181684198856376,0.2925121667879293,-0.1111368215222421,-0.5777680659818152,-0.0719397436411833,1.464707917940265,2.048745473794213,1.0458686410962763,-0.4369241172448026,-0.6678773993874181
2026-02-10,000660.KS,0,-0.0182648565047113,-0.8564902160669468,1.2983438416508426,-1.4638501094227996,-0.263047648198246,-0.1904562490114357,0.7563108549487502,0.3036233350081093,-0.5401715140939948,-2.0959641006470524,-0.5234723828074102,0.1990416130055397,0.3003326363015743,0.2692188426012403,1.5562765328398702,-0.2872428823497172,-0.0352447255865501,-0.7368437311561353,-0.1586240428593656,-0.6112713956777054,-0.241224543121701,-0.878824750764159,1.8414556530620336,0.7622916201666509,-0.4369241172448026,-0.7252285445815239
2026-02-11,000660.KS,1,0.0325581327608655,-0.9302070157944816,1.2086378445228052,-0.8783100656536796,1.5842429340031516,-0.2261259905322043,0.6535057590728515,0.1196700348488253,-0.3677246421747661,-0.2534177192606172,-0.7002945444014513,0.09200681511264,0.0148421335467127,0.2201154690828727,-0.5322560930381661,-0.2872428823497172,-0.2957845794713957,-0.8322993394085667,-0.2084644588118096,-0.5943064741208438,-0.5772291745750903,-1.464707917940265,1.2206204786633297,0.4111669021180896,-0.4369241172448026,-0.6552888268152798
2026-02-12,000660.KS,0,-0.0090090172686406,-0.3892191151658807,1.266682860846488,-0.8783100656536796,-0.5317006892560544,-0.0573989084306163,1.224826584002705,0.1923582907903814,0.6729193809372561,1.585877851995058,0.8323535510765353,0.2176371915737047,0.2767954362558781,0.2532182061272214,-0.7081736005450538,-0.2872428823497172,0.3153482041320206,0.5570385932875499,0.040816872842138,3.563185958382037,-0.5570803337358107,0.8788247507641588,0.4441636914971589,0.3988690831538601,0.2130268088391499,-0.761596887329163
2026-02-13,000660.KS,1,0.0159090878360275,-0.8411906277410106,1.2851517148636715,-1.4638501094227996,-0.7099270303802986,-0.1799887030176816,0.6860784322910053,0.3608114532489855,-0.6292851121052017,-0.5209080390743758,-0.4211699871447915,0.1516312092344089,0.0924434375641325,0.220325077892793,0.8166331907024968,-0.2872428823497172,-0.2115729929265154,0.4337814739750434,-0.1925586278199826,-1.3664772803150298,-0.6751609283907973,0.8788247507641588,0.4460591881538059,-0.1209216606053276,-0.4369241172448026,-0.8567148591354253
2026-02-19,000660.KS,1,0.0615212310915096,-0.5728152776984928,1.3273662754413544,-0.8783100656536796,0.8348921247842892,-0.208107511311554,0.9993073067188972,0.1237811193764102,-0.3287750967330528,-0.698363022642947,0.3302751144414924,0.2026201708569253,0.1811898554010028,0.2280219019878362,-0.4304770948927334,0.8490151029466703,0.1932696346778597,-0.0975841136120899,-0.0511072820985508,1.2864466007024893,-0.6513648340433962,-0.878824750764159,-0.1940277708697004,-0.0281310655219961,0.2130268088391499,-0.9308511373909624
2026-02-20,000660.KS,1,0.002107566047947,-0.2671042048659238,1.2930668910859786,-0.8783100656536796,-0.4285858901673878,-0.0082646970970984,1.2730352460833347,0.1952116034468103,0.783706830432017,0.839770207646744,1.705781858562368,0.4468855218007674,0.7231569808267119,0.3033086775152409,0.3171234779518296,-0.2872428823497172,1.4628758599886638,0.8801848830865294,0.6232001392850888,0.8414218239909577,-0.1268128477292141,0.8788247507641588,0.1236530537699843,1.0956459449878964,0.5084590479682193,-0.3867847959040837
2026-02-23,000660.KS,1,0.0567823011469674,-0.6075228847559931,1.525247226536481,-1.4638501094227996,0.328826584627133,-0.1811363264912604,0.920381192372407,0.1025633976448091,-0.7532342864500531,-0.4182395173366159,-0.0859317318867426,0.4169028892408323,0.6038819137490918,0.2768958719368485,1.6855928813527503,-0.2872428823497172,0.9264075303326887,1.351825206150647,0.1716240917629335,-0.9630525867723694,0.1520012721180835,-0.878824750764159,-0.1407456635986769,1.177568625529879,-0.4369241172448026,-0.8413282099385109
2026-02-24,000660.KS,1,0.0129353116022856,-0.0956354355195991,1.451371649391052,-0.8783100656536796,1.7152564980857137,-0.115792385413708,1.1458881495887394,0.134251767985349,0.0997849973901876,0.3358949019723447,1.5628718869321558,0.6068857488985206,1.0853060447271765,0.3549647573177426,-0.096953979043995,0.8165505890810593,1.8208551642819972,1.407606307528193,0.9661640853009106,1.618718011426314,0.7838881863885453,1.464707917940265,0.0130210475196069,2.036050088287831,0.3902861523165916,-0.5714256951627976
2026-02-25,000660.KS,1,0.081559827753219,0.0521237294826272,1.6096762522411767,-0.8783100656536796,-0.0906854420510983,-0.1880674752693842,1.2909062699811358,0.9477264521849066,-0.4850200565360053,1.7163243938186588,0.240596161139366,0.5754688534523212,1.0678244253963525,0.362502115034733,1.5434140629262134,-0.2872428823497172,1.3325724693162335,1.637167324696715,0.8063439873843916,0.1138562627035151,1.1902781878071265,0.2929415835880526,-0.2473524251134577,2.0130107672777,0.9220641827489164,-0.2639750021717331
2026-02-26,000660.KS,0,-0.0345768685164603,0.1276221533987385,1.6463224886433532,-0.8783100656536796,1.571211650289437,-0.0751744213036615,0.9688732858318592,0.9715996165852064,0.3271851026719238,-0.0818014908919807,2.3100776202526823,0.8321652808560613,1.7857881191288274,0.4915402567153745,0.22790333835781,0.9788731584091148,2.437518960295864,1.637167324696715,1.601419649455708,-0.0451669730549509,2.1344184430254827,0.8788247507641588,0.198106098481489,2.702711424129789,0.8038912870972886,-0.6063308025997607
2026-02-27,000660.KS,0,-0.1149858818292077,0.0225895582346715,1.715047798916093,-0.8783100656536796,0.2384354731352091,0.1497288298296056,1.2497180561956265,0.6472859254201215,0.6150539026140481,1.572902967234996,-1.1922092173574252,0.5282898027597744,1.168086161709982,0.4175698353269981,2.286796956878081,-0.2872428823497172,0.7032279500860253,0.8728638103484897,0.3955602357031212,-0.350781776674941,2.1449891317672103,-1.464707917940265,0.538532389397867,2.431589963154753,0.3902861523165916,-0.0915305058916619
2026-03-03,000660.KS,0,-0.0958466298411981,0.3514972839790136,1.6410359260591632,-1.4638501094227996,2.32435109116178,0.1909873621206231,1.555795936623824,0.1058716094757328,-0.0967000885429309,0.2458950001432302,-2.6155589853821524,-0.0878650768528927,-0.2851108339919611,0.1983412512567545,-1.197571549265736,-0.2872428823497172,-2.256570635605031,-0.3341930664371095,-2.014750184239016,0.4110296505273473,0.719707356203604,-0.292941583588053,2.130601321619843,2.62667503441462,0.9614551479661252,0.0570694687667496
2026-03-04,000660.KS,1,0.1083627865053116,0.0793332997562872,1.3026962550627776,-1.4638501094227996,-1.2057480944138634,0.4660434533752756,1.2983295546240503,-0.4379540301540086,0.4523009587118006,2.322782846167574,-2.6155589853821524,-0.53927177417379,-1.3031550408898227,0.0538213189562089,-2.6136392030267053,-0.2872428823497172,-2.256570635605031,-1.1215706119129891,-2.5280906018819045,-0.5646730722595177,-1.210658733394092,0.8788247507641588,2.458273849541264,4.820524153133782,0.6857183914456608,0.1329975093760418
2026-03-05,000660.KS,0,-0.0180659186980182,0.1420832247451926,1.5194451522579548,-0.8783100656536796,-2.640400962630117,0.1485311672616573,1.5648797057241612,-0.2286177391598797,-0.7550181971214278,-1.1920381899387371,3.1183634821863,-0.0882046240445337,-0.2759010680969398,0.2016647606592701,-2.6136392030267053,-0.2872428823497172,-1.333403332235638,-0.6084634248474342,-0.9213120671723092,-0.0696767190578016,-1.5227025400550334,0.8788247507641588,3.235043887124873,4.837485300562166,1.1978009392693811,0.0273672360901013
2026-03-06,000660.KS,0,-0.0952380565798068,-0.2537530107843882,1.3502752155821036,-1.4638501094227996,-2.640400962630117,-0.1562370764520547,1.2306086538992385,-0.2600728298717334,-0.9651482411340108,-2.620481929231141,-0.6942952583509301,-0.1668183240576569,-0.523223506418003,0.1525827274587978,3.090947482482844,-0.2872428823497172,-0.8331995017051506,-1.201250492444117,-0.4771300028407438,-0.8247915828493451,-1.897374725876133,-1.464707917940265,3.043066686691058,3.484470217991,0.6069364610112425,0.3581465803685328
2026-03-09,000660.KS,1,0.1220095554250846,0.0735962713316778,1.1890352942910838,-1.4638501094227996,3.1390557099505787,0.2401560247493616,1.3818978775258164,-0.5946673066728863,1.5119794757977856,-2.620481929231141,-2.6155589853821524,-0.612727659753264,-1.4820080254638135,0.0257672000320454,-0.7022050079245681,-0.2872428823497172,-2.215357241374104,-1.3208142217156045,-1.4517882685131906,0.5685876561953331,-3.001808406926872,-1.464707917940265,3.3428668631365825,2.095626243403017,1.1584099740521716,0.0844338725455015
2026-03-10,000660.KS,1,0.0181236322090361,-0.2563120747476117,1.3582051257676993,-1.4638501094227996,-0.7038801028204098,0.020037776134573,0.7691940192086084,-0.2969132893198682,-0.690863057670312,3.133961451016008,3.2799399175535657,-0.111978411430118,-0.3479919699769083,0.1877035033307271,-2.6136392030267053,-0.2872428823497172,1.0028126640513373,-0.2759627577231317,0.4100393399286797,-0.7445897843203861,-2.587470232074417,1.464707917940265,3.4653267565230323,2.084494826441752,0.4690680827510101,0.1475408700913259
2026-03-11,000660.KS,0,-0.0261780029317729,-0.2541958078260085,1.4612929217648885,-0.8783100656536796,-2.640400962630117,-0.1368341069838007,0.9858067172160868,-0.2029737875598575,-0.6783322082000816,-0.6923422659803146,0.3970582231230202,-0.0325053132356587,-0.2222639261509015,0.1949345256707278,3.255957501319405,-0.2872428823497172,0.8442353311834858,0.3690432208551504,0.3346047149588597,-0.1723122163059915,-2.09234510047782,1.464707917940265,3.4653267565230323,1.8987500471345595,0.3902861523165916,-0.2505478343737435
2026-03-12,000660.KS,0,-0.02150534309769,-0.3609018728700584,1.419000477559078,-1.4638501094227996,3.247920263226486,-0.1599171525120149,1.050656312206098,-0.3551104806618894,-0.2954255037854542,-2.620481929231141,-0.9389280639156014,-0.1488783043253555,-0.5553278806543415,0.1340069520241002,0.3835649121979986,-0.2872428823497172,0.1437484110605525,-0.3553567022200135,-0.0254787752202115,-0.4203389676394969,-1.9904760485201292,-0.878824750764159,3.2814420547125,1.840837633269008,0.2721132566649638,0.0786641980992585
2026-03-13,000660.KS,1,0.070329614167643,-0.5618552749029782,1.2947664453767194,-1.4638501094227996,0.3961400310973664,-0.167444478130055,0.892499867106191,-0.6461135012327399,-0.2328966751556206,3.242354842200024,-0.7980165728952509,-0.2479617125561732,-0.7925921272256752,0.0977029394560692,-0.9455862279107642,-0.2872428823497172,-0.3870643579219013,-0.3770696690949789,-0.2437985400942045,-0.689334523028495,-2.0857366138060662,-0.878824750764159,2.710968597832758,1.8332898866591416,0.1933313262305452,-0.2531214604501939
2026-03-16,000660.KS,0,-0.0041067570719282,-0.3223492211278739,1.3846378055593105,-1.4638501094227996,-0.950455585563628,-0.1466162416352639,0.8602372416506151,-0.4071870416944247,-0.1076908027690138,0.4029170181307641,1.971412663459164,0.0571283199993231,-0.1349735731536704,0.1853619751552132,-0.8053956655066531,-0.2872428823497172,0.7093972480449169,0.8839209450842062,0.2373540468394533,0.6083596803750156,-1.4498335149185275,1.464707917940265,2.319112421400532,0.606533362505572,0.3902861523165916,-0.2509931511103574
2026-03-17,000660.KS,1,0.0886598629087789,-0.2360633337938095,1.6066732872045677,-1.4638501094227996,-0.8084250887044311,-0.2034615564796872,0.9500480751540012,-0.6277564931942623,-0.4401620157260461,-0.937850578402592,-0.2733345319186685,0.0343793065380933,-0.2431192148972639,0.1595367081174863,1.949864671117295,-0.2872428823497172,0.392606229551165,0.1986596002117557,0.1218475550237932,0.0337622566309656,-1.0699716328546385,-0.878824750764159,2.282684804218725,0.7686576070766663,0.7251093566628701,-0.3583064169995205
2026-03-18,000660.KS,0,-0.0407197557167462,0.0531163752530821,1.582883944102427,-1.4638501094227996,1.982996729399792,-0.0880616907276325,0.8954909361885843,-0.3556186635500251,0.360977565653436,-0.7964347847135169,2.524190475797881,0.392166210649822,0.6035513507484958,0.2870339750694702,-0.2833979925331904,-0.2872428823497172,2.300333375748477,0.6974394779104959,1.4180454610647075,0.4702816442512589,0.0372744186916089,1.464707917940265,1.580842055292173,2.3735788735542926,1.5326241436156598,-0.5604033255003469
2026-03-19,000660.KS,0,-0.005923004154816,-0.1484961324386431,1.6040300141522468,-0.8783100656536796,-0.2795764445421239,-0.2010620520063375,1.011122771298922,-0.8206382651809769,-0.6204127002391134,1.982905854498279,-1.377457753586897,0.1615603606739858,0.0547396110397453,0.2038274646911875,2.4998143724165818,-0.2872428823497172,0.5458634138136235,0.4588164899745729,0.2315909428590429,-0.5293178493702394,0.2442923658734447,-0.878824750764159,1.0896256178596029,2.273132050445501,0.8826732175317072,-0.3195343850120842
2026-03-20,000660.KS,0,-0.0734855989451066,-0.3034921537465224,1.6436791903973296,-0.8783100656536796,2.540164258965349,-0.1921201900930586,0.8865352175155929,-0.7089839422078066,-0.1569000147347652,-0.2698749795348793,-0.3281063521663795,0.117480120298966,-0.0755291407145351,0.1797267616798436,-1.3818723205548382,-0.2872428823497172,-0.1850456140047361,0.6407538205631268,-0.1654034091606368,-0.4968828476868471,0.2477656776192823,-0.292941583588053,1.109407943896334,1.1884956043569,0.6463274262284515,-0.2327574959370321
2026-03-23,000660.KS,1,0.0568059879250979,-0.1690784135040949,1.45600638767284,-0.8783100656536796,-1.3924677256702738,-0.1373181194428838,0.6161421996178703,-0.5230976559882309,0.0585420815028246,2.537661981905238,-2.365563883241309,-0.241895098203158,-0.868216247003941,0.0704531074511477,-0.3378895902646668,-0.2872428823497172,-2.0522485116408773,-0.6383678832429738,-1.139643916085541,0.1449413327403382,-0.5613760677255626,-1.464707917940265,1.573164478744321,1.8395831222270416,0.5872409784026377,0.0580677630947676
2026-03-24,000660.KS,1,0.0091277940619127,-0.4733967101428347,1.5643807908513645,-1.4638501094227996,-0.3347832185769081,-0.0875795985046764,0.8327254473623072,0.1026404346931141,0.0055299512250541,-1.377949704968031,1.5635861994099198,0.0075189685275994,-0.3149974585721809,0.1472843394065078,-2.364923120941273,-0.2872428823497172,-0.6373685406589024,-0.1545247302230915,-0.343570588206026,-0.8167315553955113,-0.5585584774901678,1.464707917940265,1.702546073222574,1.7449762230471026,0.2918087392735684,-0.1446920016437361
2026-03-25,000660.KS,0,-0.0623115498332698,-0.2669960505573311,1.6251762200959456,-1.4638501094227996,-2.3884206002599413,-0.074960597363161,0.8763864047338324,-0.2290004544685306,-0.1532084376721534,-0.3248428205252693,0.1257744123386894,0.054858013554916,-0.2132671119138264,0.1608110981976512,1.5441247208524402,-0.2872428823497172,-0.0346117729633582,-0.9002563877328604,-0.0920618793395745,0.4239125340279911,-0.4885226412699929,-0.292941583588053,1.3852740117366007,1.022893201860164,0.6857183914456608,-0.300570013259181
2026-03-26,000660.KS,0,0.0,0.1050292982626735,1.4903690145120516,-0.8783100656536796,1.5719316352629475,-0.0527365751141364,1.212072864060168,-0.4563610412688565,-0.119583698525689,-2.369592129317499,-2.028592655505324,-0.2236517273022974,-0.8396205000411665,0.0722442658327734,0.1136690383441531,-0.2872428823497172,-1.370193277066298,-1.0193808833393805,-0.9265392898316178,0.6816369022126318,-1.0933869683431745,-1.464707917940265,1.709699705433695,1.2152500864704188,1.2568873870951949,-0.1653914042472387
2026-03-27,000660.KS,0,-0.0643086491417643,-0.4196008805791895,1.2921230904396743,-1.4638501094227996,0.1227019022652028,-0.0685139128643855,0.9687949571600069,0.0220934839481032,-0.2548467758756952,1.573619836137976,-0.1494887389844721,-0.1179364035780076,-0.7515513566721571,0.058518683480759,-2.02967589881452,-0.2872428823497172,-0.9496069274035264,-0.9842323389810214,-0.4793601474373899,-1.058773223383192,-1.463432635586949,0.0,0.8274357295765832,1.0121966103979545,0.567545495794033,-0.4714413955823028
2026-03-30,000660.KS,0,-0.0756014124640681,-0.3342569978328412,1.2313277533982252,-0.8783100656536796,-2.048773417790745,-0.0710486245520929,1.026769023820373,-0.8747180603788478,-0.2091668395447948,0.1306623202401397,-2.088818362333587,-0.3528764522097867,-1.3132157659656472,-0.0263193602743285,-0.1601858170242346,-0.2872428823497172,-2.256570635605031,-0.893304431237749,-1.151306607303208,0.0555244890060365,-2.2673672342119007,-1.464707917940265,0.9937004958377618,1.984140522790009,0.6266319436198471,-0.2638662324212013
2026-03-31,000660.KS,1,0.1115241465793421,-0.0367845042622512,1.0991637108956112,-0.2927700218845597,-0.1547471678309379,0.2334611779699313,0.892207807169658,-1.2821445674562582,0.8946234639318033,-2.0314149283269547,-2.429369605948362,-0.7253418190110322,-1.5815319864759392,-0.0911765376316245,-2.089593480058621,-0.2872428823497172,-2.256570635605031,-2.0049264644245866,-2.056915640672161,0.5592900211290609,-3.025446054870349,-1.464707917940265,1.2055047355128987,3.210642432115469,1.099323526226358,0.1102760917189386
2026-04-01,000660.KS,0,-0.0746933712437977,-0.2727262070388253,1.2762633662488123,-0.8783100656536796,-2.1094773887910887,0.1273632748825107,0.807349052433665,-0.655101191625584,-0.4385984533100489,-0.1455859596967962,3.213699324619024,-0.2598157195806448,-1.0036271425882064,0.0344087934110478,-2.4284024020568977,-0.2872428823497172,-0.0022907970232411,-0.9437410466413246,-0.0773567811650471,-0.6195087303791228,-2.9901690669123915,0.8788247507641588,2.253361268577076,2.1581676528235283,0.6660229088370564,-0.4173394459011074
2026-04-02,000660.KS,1,0.0554216894691732,-0.3116123988926594,1.3502753098972964,-0.8783100656536796,-2.45273301674863,0.1129587930080368,0.9667799177905604,-0.852525619643487,-0.23734205867178,-2.091856174601004,-2.401986178350458,-0.6145093365404544,-1.5815319864759392,-0.043741290310766,3.185795569541856,-0.2872428823497172,-1.5070633002156355,-0.965570228265874,-0.7689619628651119,-0.2674299441867762,-3.025446054870349,-1.464707917940265,2.180430661242632,2.0689795342700616,0.5084590479682193,-0.3315099218024384
2026-04-03,000660.KS,1,0.011415507030035,-0.5165718463443514,1.2313277573320558,-1.4638501094227996,3.235148633041248,-0.2485392125172766,0.833559712690458,-0.9439992709463813,-1.1541935991864725,-2.433626203850284,1.5218404771943417,-0.3845689742593919,-1.1538904995398622,0.0364932088392221,-2.40115907301606,-0.2872428823497172,0.3706993252542644,-0.6016615455510131,0.0248930319618558,-0.6724700052819966,-2.8828310741459737,1.464707917940265,2.500872350329976,1.304008240196609,0.4493726001424054,-0.0323446889351702
2026-04-06,000660.KS,1,0.0338600626656686,-0.6770690742516877,1.2577605067240596,-1.4638501094227996,-2.425132131971416,-0.2289047981181798,0.0908391674048105,-0.8768906140390983,-0.0916216508161008,3.229638487196778,0.1947640364096154,-0.3197942281290522,-1.068431188435425,0.0376260491511208,1.5025925772849398,1.1736602416027808,0.6122268029917055,-0.1821437811737527,0.0434496786454614,-0.6715765691686936,-2.379306981570728,0.8788247507641588,2.3546610008929467,1.407338020148862,-0.4369241172448026,-0.2696289958201819
2026-04-07,000660.KS,1,0.1277292533208676,-0.377486083081231,1.3634917092693883,-1.4638501094227996,1.5298544020643554,-0.1702878960139524,0.6002053274796105,-1.1867909205324532,0.1055989990441742,-2.4061447747656555,0.8716153185931089,-0.1651794360869695,-0.7213226695830968,0.0865913642524632,0.1823056990488115,0.9139441306778926,0.8535188196768847,0.5848957539626144,0.272664201153326,0.9987169353331968,-1.643926651828771,0.8788247507641588,2.443378575874013,1.03925058596861,0.4493726001424054,-0.3087364658979589
2026-04-08,000660.KS,0,-0.0338819346433578,0.0328147878737846,1.6013868164138774,-0.2927700218845597,0.1922393864971148,0.1786785355911597,0.1956713010162361,-0.4102939043868949,1.358930569286455,1.5317247117766344,3.2799399175535657,0.3695187457559708,0.5389178288504637,0.2753479378204181,0.8556940879314745,1.8554150327806131,3.555485352199674,0.6901229841226874,2.2101226972734938,0.8882210542483767,0.0771303183706989,1.464707917940265,2.884112996655647,3.497260258717497,0.9417596653575212,-0.5148622158429085
2026-04-09,000660.KS,1,0.0290581528850326,-0.2574953350343044,1.6225329455219226,-1.4638501094227996,0.8744656777115227,-0.01137276870133,0.8040976660937856,-0.5360533849996207,-0.6582004031027313,0.1998988486002853,-1.1712523808453497,0.1672877377278648,0.109040947682114,0.2191809334612595,3.255957501319405,0.8870984749813292,1.4173393255130524,1.0759242293925095,0.6092265567482545,-0.6922000668353055,0.796183144933359,-0.878824750764159,2.441046381926124,3.145544907941097,0.893981749106213,-0.6762727381574879
2026-04-10,000660.KS,1,0.0126582139796618,0.0391955158224821,1.662182227036532,-0.2927700218845597,3.247920263226486,-0.2250720068085859,0.2225869128183036,-0.0755236413093867,-0.8876125830246484,0.8791724875799707,0.7268060898110139,0.2633163906870555,0.3604207054671079,0.2614089932419451,-1.1767219317110216,0.9523396614997208,1.3300308708485489,1.0327517812916085,0.7948188542514985,0.5012612859118825,1.491446306164725,0.8788247507641588,1.9432137242380827,2.9798264484195505,1.0566520794109762,-0.3749849981019034
2026-04-13,000660.KS,1,0.0605769546326795,-0.014556841959167,1.5802405398987631,-0.2927700218845597,-1.1846248355450948,-0.2663195824581726,0.1628856579500396,-0.2400367831514249,-0.4128855577987576,3.242354842200024,0.2322398414951855,0.285368197602205,0.4639497837073327,0.2864019134566147,0.7116257292953742,1.2947778510244836,0.7791315865406327,1.040846633825348,0.4236760188952694,-0.2720430147237496,1.9708308363141445,0.8788247507641588,1.0805278171553487,2.093992294584752,0.8463234665408266,0.0376506514384877
2026-04-14,000660.KS,1,0.0299184190467014,0.4165370506753593,1.826065575336274,-0.2927700218845597,0.7285064903891224,-0.0421272705121794,0.0348843185820793,-0.0224632662844047,1.108933380518399,-1.1710063518174632,1.6773056996991405,0.4875451550313175,1.0720004254567927,0.4030706643589358,0.2195897711528685,1.4252602240612666,1.4371297491916308,1.1174170073262224,1.170697690195967,0.6167106164944721,2.7881869010532734,1.464707917940265,1.1043134480771155,1.39725877420767,1.469041987803099,-0.2543114539684585
2026-04-15,000660.KS,1,0.0167252867199083,0.2781560406236622,2.019024994020759,-0.8783100656536796,0.2300127943147443,-0.1167727224341007,0.1988694705012005,0.4352861213684603,-0.4540012342804563,0.7338450066666837,0.7527487845115568,0.5602811802285693,1.3805035938372336,0.4773678454119939,1.657262411656932,1.360019037542875,1.7344244411432752,0.8650529095755649,1.2771646499729543,-0.3665508874651625,3.466200439384228,0.2929415835880526,1.0498896794732928,2.418259955512592,1.363877681368024,0.0440676883205273
2026-04-16,000660.KS,0,-0.0233766360284268,-0.0551682357264548,1.9555861005895947,-0.8783100656536796,1.68655420444948,-0.2514585362057257,0.2734559024284387,0.4940436349558729,-0.7321791235763544,0.2375087743908483,0.354888890273811,0.5258593526272255,1.4949289347468109,0.5369641966487452,0.7374356964883408,1.0828220345365045,1.3558743353749072,1.637167324696715,0.7373707214971058,-0.6743492335531447,3.86606050523158,-0.878824750764159,1.0853356733911568,2.418258515349448,1.1338535858892695,-0.0099905422065779
2026-04-17,000660.KS,1,0.0336879249865695,0.4241195668831068,1.976732293035358,-0.2927700218845597,0.7546552011259381,-0.1749974445481445,-1.037883837131435,0.6998355046096516,0.2261027714323748,1.6877463227351734,-0.8544483882571585,0.3213886398145778,1.128125137464452,0.5079707493305311,0.3416113252653117,0.8271639878448165,0.1269135216083435,0.9723660077444904,0.1165521525952541,0.7351446886837476,3.615250478033652,-0.878824750764159,0.0834705542882144,1.7311472511090096,0.9052902806807184,0.4235564497510536
2026-04-20,000660.KS,1,0.049742774306166,0.3644597471308735,1.974088960445387,-0.8783100656536796,0.3536358232898636,-0.1558200463472858,-0.5159847802686978,1.2649520209859542,-0.113425108915422,0.7598805466708753,0.8664242330264461,0.3729176751670149,1.387779142483876,0.5807616171429246,-0.8615387655177675,2.1382308939560333,0.4361996141176334,1.0646995111616313,0.3466557810855163,-0.2584362575940915,3.6013080619275155,1.464707917940265,-0.3214430854293361,0.6139378451109271,0.8493646807671552,0.2843879955534562
2026-04-21,000660.KS,0,-0.0008170279283822,0.5814045462299047,2.100966540602629,-0.8783100656536796,-0.8653050402007975,-0.1819187662355005,0.1647531199870463,1.195643082079231,-0.3127128029056879,0.3605967670921283,1.3505837558810343,0.4721863758111092,1.847547716079997,0.7091490361031592,0.850529560895328,3.1870844188450054,1.2439049070282309,1.0483434164524332,1.134740303815608,0.1292958500734097,3.86606050523158,1.464707917940265,-0.2071899413500232,1.3590276869350502,1.7441742793841697,-0.0508330312973277
2026-04-22,000660.KS,1,0.0016353920177167,0.3102235473561155,2.1829080794217584,-0.8783100656536796,0.8692333687143434,-0.2521814486300273,0.013478031041325,1.796369352042441,-0.5231932101620448,-0.8530685617102203,-0.1741275159726548,0.3395802233928227,1.6924800689836976,0.7305151979719248,1.332212036261999,5.1597207973470205,0.780479992805604,0.8898891813931601,0.5881027049327804,-0.5151323592208868,3.8623173805401976,-0.292941583588053,-0.1205340038237461,1.6293751336955773,1.1849182802485354,0.4311821135554025
2026-04-23,000660.KS,0,-0.0024489807582124,0.4620849067254374,2.1644053489599493,-0.2927700218845597,1.3572376974757057,0.0244400868884369,0.0739880666196131,1.7282259886204,1.3452277473131244,0.8739628238385552,-0.100170890948894,0.2351691924686778,1.532395987787322,0.7324308070309503,-0.1846985375831559,5.1597207973470205,0.483868021352603,0.7890670285028848,0.4191578046034196,0.0447602952491761,3.563447446340651,-0.292941583588053,-0.3646141931968979,1.7144788104850763,1.1849182802485354,0.3711828051999871
2026-04-24,000660.KS,1,0.0572831015331327,-0.2375620703689373,2.2093410906103808,-1.4638501094227996,-0.179581606188624,-0.2258699213969087,0.4597395434312007,1.677355751911611,-0.957618108484782,1.3598550864271135,-0.2233416498261168,0.1310768849740736,1.3283002981227443,0.7148709141574369,-0.1111202879988574,1.8760175127337892,-0.0362745193187174,1.48750126497345,-0.0895623065228831,-1.1094789990107174,3.078912127116014,0.8788247507641588,-0.373304275399307,0.6828692357661873,0.4019598814586481,0.5893621083105891
2026-04-27,000660.KS,1,0.0061919214048169,0.7549603855091291,2.2516334289028617,0.8783100656536802,-0.1050376770733111,-0.0637550029662216,1.0118936180830815,1.7446512047869729,0.6380991122596316,-0.1703129154481108,1.577974319299131,0.2938077825912419,1.775378591099338,0.8013956118289898,-0.2336608830468884,1.6793574768171071,0.982590592987803,1.523242344787666,1.007804043810793,2.0482026258008794,3.2306910835196936,1.464707917940265,-0.0406622328989607,0.9565303676436236,2.4152814783469294,0.3166379794223364
2026-04-28,000660.KS,0,-0.0053845542057465,0.4024250869732039,2.4102300710846536,-0.8783100656536796,-0.2291865591494351,-0.2400055702135955,0.2176994011180477,1.5295583052450088,-0.8247602055662799,-0.096091609928109,0.0372385016910348,0.257221630947663,1.562736525301542,0.7303518020669272,1.5584392285238902,0.8927173331503775,0.8048802563495425,1.4554297437068089,0.6540454700921043,-0.5787320302261322,3.1420548946182447,-0.292941583588053,-0.3184646933972179,1.4721632649509413,0.9612158805942818,0.4693634915997579
2026-04-29,000660.KS,0,-0.0054138012821361,0.3481888871984461,2.3335751898941157,-1.4638501094227996,1.586434014039418,-0.2401755675883727,0.0664243121723275,1.9112818574369603,-0.2010152806029843,-0.2197031798560191,-0.3118685373334271,0.157846561359491,1.2717634447699655,0.6698316374992422,0.0255860933921173,1.4826974409004243,0.3242472005382625,1.2131203322630522,0.2546222793527167,-0.2520090670043026,2.7491572817752754,-0.878824750764159,-0.2633029465441465,1.437724091787344,1.0171414805078451,-0.234264760931933
2026-04-30,000660.KS,1,0.1251944337505881,-0.2538329303013647,2.4075868839282792,-0.8783100656536796,0.0334629105540741,-0.201642754002171,0.739598457980784,1.7505994919507333,0.0075377008286062,1.588059449111289,-0.3127505294510616,0.1186740054825567,0.9592069311429464,0.5604113453458636,-0.3217348510225942,-0.2872428823497172,-0.1059076095883603,0.9542242166048388,-0.1250867311023141,-1.036110027891736,2.1797378346412035,0.2929415835880526,-0.5010780222030332,1.0330027580290744,0.4019598814586481,0.7639055507990703
2026-05-04,000660.KS,1,0.1064270850388346,0.6085226461172831,2.4789555200940985,0.2927700218845601,-0.3184164560656889,0.0733236509298415,0.5807596145877777,1.9832931036503345,1.130353788793337,0.0418095518565102,3.2799399175535657,0.5883870653252445,2.1202891197146743,0.7498923195855928,-0.322612330709395,0.7616106425392557,2.3659571580393512,1.42598085389847,2.161780483184593,1.787539157860468,3.21465446382008,1.464707917940265,1.0552217495274137,3.100369535222824,1.296769480075662,0.4093641832443424
2026-05-06,000660.KS,1,0.0331043001488615,2.598991177850892,2.838696744560448,-0.2927700218845597,-0.3193054522560381,0.169933328448304,1.5648797057241612,2.051762696552607,0.0703684989512927,-0.3085468928067373,3.0599893249617613,0.880368368661355,3.078162759108238,0.9707067292877658,3.255957501319405,2.400444275178276,3.555485352199674,1.478620837624164,5.1901700615863415,2.267723784472297,3.86606050523158,0.8788247507641588,1.4621221460377052,4.837485300562166,4.412205689340532,0.3548193574666919
2026-05-07,000660.KS,1,0.0193470220384484,1.232238943526997,2.838696744560448,-0.8783100656536796,3.247920263226486,0.0828092785322748,0.0134780310413239,2.051762696552607,-0.4125555986659789,-0.3094320414517458,0.8488240975579743,0.8019521684475334,3.1069747830742465,1.041890818916289,3.032871977980573,1.2860374049837422,3.555485352199674,1.4972977900062403,4.392045687677945,-0.9905924743519808,3.86606050523158,0.8788247507641588,1.290247128440352,4.837485300562166,2.5271326781740564,-0.2506282086652281
2026-05-08,000660.KS,1,0.1150652040358171,1.1942736036846664,2.838696744560448,-0.2927700218845597,3.0802179920731865,-0.0959456154899726,-0.1151057945625377,2.051762696552607,-0.6933705674817527,3.242354842200024,0.43395148971696,0.6524244510356286,3.007624550381764,1.1150716580894924,0.8330194708959449,1.023824023761499,2.515322355976876,1.5715277274896218,3.078532499937009,-0.2121198248111485,3.86606050523158,-0.292941583588053,1.3197324876143035,4.837485300562166,1.8000998792977327,0.6166345211994139
2026-05-11,000660.KS,0,-0.0239361169770078,2.707463577400407,2.838696744560448,0.2927700218845601,0.8514934671117466,0.2604221968342583,1.3144437959745228,2.051762696552607,1.1470622451528454,3.0753783807847324,3.2799399175535657,0.8948611813011064,3.28687606374042,1.4737105137342397,0.4202694261824705,3.3181911094561274,3.555485352199674,1.637167324696715,5.1901700615863415,1.2383701386759487,3.86606050523158,1.464707917940265,1.5624211097698917,4.837485300562166,4.412205689340532,2.618429627239186
2026-05-12,000660.KS,0,-0.0239361169770078,1.5685033821304943,2.838696744560448,-0.8783100656536796,0.4333262743707367,0.4555581734361129,0.1798806288816164,2.051762696552607,0.2244630487422183,0.8562996999280309,-0.8713204263385466,0.5253097275370984,3.28687606374042,1.396975971498037,3.255957501319405,1.2860374049837422,1.4254096797004017,1.2778788051525165,2.098057586114449,-0.8364968795040678,3.86606050523158,-0.878824750764159,1.7682810369160102,4.837485300562166,2.5830582780876195,1.243900017642394
2025-05-12,005380.KS,1,0.0045965280041277,-0.8796147393561062,-0.5742392268452943,-0.8783100656536796,0.4333262743707367,-0.5148377845268471,0.2734227475398498,2.051762696552607,0.2244630487422183,0.8562996999280309,-0.8713204263385466,-4.283014803836468,3.28687606374042,-0.9377699122394142,3.255957501319405,-0.2872428823497172,1.4254096797004017,1.2778788051525165,2.098057586114449,-0.8364968795040678,-0.0639991524041028,-0.878824750764159,1.7682810369160102,4.837485300562166,-0.4369241172448026,1.243900017642394
2025-05-13,005380.KS,1,0.0020335079940216,-0.8745548029407065,-0.5603056260700231,0.2927700218845601,0.4333262743707367,-0.5268982228655232,0.5123590774343495,2.051762696552607,-0.5425223826527581,0.8562996999280309,-0.0108731244143687,-4.306373718467149,3.28687606374042,-0.7301311640641658,3.255957501319405,-0.2872428823497172,1.4254096797004017,1.2778788051525165,2.098057586114449,-0.1467827291326522,-0.0553207604891994,0.8788247507641588,1.7682810369160102,4.837485300562166,-0.4369241172448026,1.243900017642394
2025-05-14,005380.KS,0,-0.02130895792585,-0.8012121739874773,-0.5608123252005527,0.8783100656536802,0.4333262743707367,-0.5162253245612409,0.4085270082725145,2.051762696552607,0.1728341650328619,0.8562996999280309,-0.088165070321646,-4.32167979299949,3.28687606374042,-0.2599769106927113,-0.0222793849521487,-0.2872428823497172,1.4254096797004017,1.2778788051525165,2.098057586114449,0.2572181090273698,-0.0464990522964602,-0.878824750764159,1.7682810369160102,4.837485300562166,-0.4369241172448026,1.243900017642394
2025-05-15,005380.KS,1,0.0046656309117065,-0.9448081873145322,-0.5658790774620246,-0.2927700218845597,-0.0150307794280118,-0.5261611910579346,0.2855619513573511,2.051762696552607,-0.4884189333230296,0.8562996999280309,-0.7920942656097074,-4.341969295091412,3.28687606374042,1.556155266258708,-0.0991758913164484,-0.2872428823497172,1.4254096797004017,1.2778788051525165,2.098057586114449,-0.8923994269849118,-0.0824459366100025,-0.878824750764159,1.7682810369160102,4.837485300562166,-0.4369241172448026,-0.8799709703533329
2025-05-16,005380.KS,0,-0.0144478128710392,-1.0262999972625646,-0.5706925024057192,-0.8783100656536796,-0.0929365158653571,-0.5439642649671562,0.4553224673300489,2.051762696552607,-0.8135289600652373,-0.0064742590811305,-0.0087892163006769,-4.347056200131953,3.28687606374042,-5.190207659614875,-0.7995036578138923,-0.2872428823497172,-0.4808803064853196,-0.8673800507968482,-0.228240963574298,-0.7664558943141435,-0.0953489665920911,0.2929415835880526,1.7682810369160102,-0.6522809083951461,-0.4369241172448026,-0.8748822408448098
2025-05-19,005380.KS,0,-0.0078534612461046,-0.9203606443301224,-0.5714524814575878,0.2927700218845601,-0.8024557512130188,-0.5363793322653045,0.2681275406590531,2.051762696552607,0.1933832995887129,-0.0840428221351692,-0.5851855211022983,-4.357342691888166,3.28687606374042,-2.61036032929579,-0.0202061384884182,-0.2872428823497172,-0.7496205146430454,-1.266653783263702,-0.2831167664368221,0.8531315382559104,-0.1287383980611584,-0.292941583588053,1.7682810369160102,-0.6122747211880726,-0.4369241172448026,-0.8011222625472408
2025-05-20,005380.KS,0,-0.0079155402655453,-0.8959131013457126,-0.5719591864638209,0.2927700218845601,-0.012930322590508,-0.531424784192314,0.250693129960755,2.051762696552607,0.0113750023661382,-0.7904912823121779,-0.3863223569138493,-4.361695099132644,3.28687606374042,-2.122359412587216,-0.5936534957810949,-0.2872428823497172,-0.7620013131823391,-1.6730210054361752,-0.2909267590472678,-0.0129805078227339,-0.1605352156771132,-0.878824750764159,1.7682810369160102,-0.5954563230682972,-0.4369241172448026,-0.9455353955067276
2025-05-21,005380.KS,0,-0.0297872587702732,-0.9203606443301224,-0.5803193335193456,-0.2927700218845597,-0.5939039037085749,-0.5160915857627452,0.2681275406590531,2.051762696552607,0.3864623023876941,-0.0043828929495333,-0.3881944485064491,-4.364104116304536,3.28687606374042,-1.917727443550951,-0.3958077514264809,-0.2872428823497172,-0.7193422031950274,-1.8641620172756064,-0.278144511967112,-0.3303662292833611,-0.1894467896187435,-1.464707917940265,-1.2185266133977537,-0.6230423583996487,-0.4369241172448026,-1.0274909269484709
2025-05-22,005380.KS,0,-0.0137061233443828,-0.9203606443301224,-0.5866528004093146,0.2927700218845601,-0.3934615280573347,-0.4682153550025783,0.3711852147929339,2.051762696552607,1.1862288474806173,-0.582842040125822,-1.0477709156822317,-4.373842476746265,3.28687606374042,-1.7944331245989091,-0.3976702650606647,-0.2872428823497172,-1.2479957292221222,-1.90002959337404,-0.3649591238793067,-0.1771455361644376,-0.2542834195514361,-1.464707917940265,-1.087868844196402,-0.5240133622914034,-0.4369241172448026,-0.9209487360742044
2025-05-23,005380.KS,1,0.0111173096505821,-0.8123680305594319,-0.5983063490055472,0.2927700218845601,-0.3953484862971313,-0.4854537665353807,0.4444979411887522,2.051762696552607,-0.4838917095643893,-0.3832671722737113,-0.5628186934738438,-4.373842476746265,3.28687606374042,-1.7226733132509544,-1.0538722200065225,-0.2872428823497172,-1.220089679566396,-2.179282114781857,-0.409630264129395,0.5480238811330655,-0.3079123302840463,-1.464707917940265,-1.1656677768947878,-0.4952176053973928,-0.4369241172448026,-0.8963620766416814
2025-05-26,005380.KS,0,0.0,-0.7437737686566556,-0.6041331173393416,0.2927700218845601,-1.0601627798034063,-0.5086992414489302,0.4886303332787441,2.051762696552607,-0.6531712718660533,-0.3851459638222863,0.1857714200307006,-4.363432815060765,3.28687606374042,-1.6829570922219927,-0.571401100878993,-0.2872428823497172,-0.6436823030420431,-1.596617425504791,-0.2974217072696756,0.172988897468143,-0.3077572565880151,-0.292941583588053,-1.024248078902767,-0.5277909870547465,-0.4369241172448026,-0.9209487360742044
2025-05-27,005380.KS,1,0.021990058376315,-0.7489162740743075,-0.602613088162618,0.2927700218845601,-0.5713594567069135,-0.5223625121783624,0.5072230383838228,2.051762696552607,-0.554242087903992,-1.0470829636289845,-0.1494887389844721,-4.3537383597230255,3.28687606374042,-1.6521380511627486,0.1733590905180537,-0.2872428823497172,-0.4117655865394919,-1.521272295833178,-0.2393363522135428,-0.1999247926592226,-0.2926293289199437,0.8788247507641588,-1.0619805173419783,-0.5873483702300358,-0.4369241172448026,-0.9209487360742044
2025-05-28,005380.KS,1,0.041439472441018,-0.7776354767397184,-0.598306359661961,0.8783100656536802,0.1831753579845149,-0.5100570743008879,0.4414069573472375,2.051762696552607,0.1955519585113139,-0.5603951647256618,0.5136564552856453,-4.3322034837773735,3.28687606374042,-1.636483810545044,-0.1601858170242346,-0.2872428823497172,0.2729157597948236,-0.5552619218297854,-0.0780524753091729,-0.3056336825234723,-0.2298180996175955,-0.292941583588053,-0.821837479203688,-0.6338399435788797,-0.4369241172448026,-0.8123416004736588
2025-05-29,005380.KS,0,-0.0298428659271312,-0.7111770446774426,-0.5735184496066908,0.2927700218845601,-0.1547471678309379,-0.4556565589113993,0.4310318943030533,-0.6938504431862402,1.2376227536179398,0.1908740488954696,1.10018447843402,-4.298313178716398,3.28687606374042,-1.632041617676104,0.4995666067641488,-0.2872428823497172,1.102693628332743,1.0483403172857677,0.1587898610629147,0.1377926338143827,-0.1043220357113622,1.464707917940265,-0.4236259862420565,-0.458583947387325,-0.4369241172448026,-0.7433570093634462
2025-05-30,005380.KS,0,-0.0070157074062395,-0.9448081873145322,-0.5791678307333319,-0.2927700218845597,0.5136641927327716,-0.4909091573723327,0.3886196254912318,-1.1055094814885038,-0.7214482810698376,-0.1455859596967962,-1.0494478379625811,-4.287785608969225,3.28687606374042,-1.615195679495841,1.0830938467041982,-0.2872428823497172,-0.0266382359826582,0.5052988167172341,-0.1672386908092947,-1.150865114937233,-0.0760185191641641,-0.292941583588053,-0.250833915089746,-0.4907454662590776,-0.4369241172448026,-0.748528777725377
2025-06-02,005380.KS,1,0.0108695870737154,-0.6970145125283366,-0.5863580215926114,0.2927700218845601,1.1048499501638338,-0.5183868327099026,0.3477252196810311,-1.266366744245482,-0.7687602072127807,0.5199325391831907,-0.3610585570920978,-4.250271494033534,3.28687606374042,-1.616153879794886,-1.0555405628498769,-0.2872428823497172,-0.3660863576694554,0.1967028011751856,-0.2304823941259556,1.6147815216418215,-0.0670839248686483,-1.464707917940265,-0.4268392782594983,-0.5243116774040056,-0.4369241172448026,-0.7774114043172743
2025-06-04,005380.KS,1,0.0193548772095573,-0.8561206111105996,-0.5850740536043867,-0.2927700218845597,-1.061853018853094,-0.5139654325498345,0.5380673130806806,-1.118588648247654,-0.0672374450764877,1.1085596647199767,0.1783009516240192,-4.182210009693914,3.28687606374042,-1.6339837053163533,-0.3706732057635958,-0.2872428823497172,-0.2603902902584162,0.3369202008812808,-0.2024950235327612,-0.8236582919139315,-0.0384960621917965,-0.292941583588053,-0.4945471997777794,-0.5873516816753689,-0.4369241172448026,-0.7105747967867488
2025-06-05,005380.KS,1,0.0432488598570852,-0.70389870941929,-0.5827629116346996,0.8783100656536802,-0.3679971034369435,-0.4890486744753528,0.3381245516648004,-0.5506486069246526,0.4978789211492935,-1.0487658873814292,0.4341883748985224,-4.068455881915267,3.28687606374042,-1.675716454635103,0.165926842375824,-0.2872428823497172,0.0959617606909763,0.314636273550006,-0.1062992302944477,0.6834899609898945,0.0164919279287281,-0.878824750764159,-0.4676207191834267,-0.5890316271396177,-0.4369241172448026,-0.9455353955067276
2025-06-09,005380.KS,0,-0.0040444162803959,-0.6365694316203634,-0.5650443346657009,0.2927700218845601,0.175645565120293,-0.391091217105833,0.0713197805798333,-0.0813678138764356,1.7853176892241065,-0.3579129568188558,1.1547494345157256,-3.758690393772238,3.28687606374042,-1.8453724430755407,0.4205050994166969,-0.2872428823497172,1.118861940587072,0.3527852734144055,0.2127667967393471,0.099811601279043,0.1299216194142555,1.464707917940265,-0.2902952860195435,-0.4484675148249124,-0.4369241172448026,-0.6963316740780873
2025-06-10,005380.KS,1,0.0203045266636188,-0.8633163773664997,-0.5442441823247914,-0.8783100656536796,0.433565040704073,-0.466340639767245,0.0385081797842426,0.0654519822915518,-0.9309414702160748,0.1833768447192151,-0.2714545461721952,0.484888859568197,-0.0039342282942067,0.0717168319287676,1.137379638624072,-0.2872428823497172,0.6368271544335176,1.1331086204329708,-0.0306303500588967,-1.0095537949430162,0.1856266876193263,-0.878824750764159,-0.2573031138349271,-0.4100660795645727,-0.4369241172448026,-0.856343150976774
2025-06-11,005380.KS,1,0.0024876071816721,-0.6202710696307571,-0.5491232428542908,0.8783100656536802,1.1598482172836222,-0.5057995719420169,0.2486359093597495,0.3779497848165619,-0.8389102560898634,0.440180053566037,0.4628265649808381,0.54936764683008,0.1953198313775981,0.106948033705095,-0.2815276251330488,-0.2872428823497172,0.7082662024205606,1.4730216945205212,0.097077866449721,1.221751915114947,0.2485774341137978,0.8788247507641588,-0.4345194394385787,-0.4130036892453874,-0.4369241172448026,-0.7032550448451309
2025-06-12,005380.KS,0,-0.0124069322412669,-0.6815869962753809,-0.5429602225560887,0.2927700218845601,-0.2776815294594266,-0.4791531329373273,0.291947104365796,0.5219844968521565,0.463264573252972,1.1633199012062223,-0.074470986892712,0.5243511192895018,0.2009852374964316,0.116423082989718,0.4489967713506476,-0.2872428823497172,0.3205448481982618,1.4586229848307022,-0.0397771839177557,-0.3965304447873715,0.2778480457789115,0.2929415835880526,-0.7933158991216687,-0.4922586098434163,-0.4369241172448026,-0.6355426361120491
2025-06-13,005380.KS,1,0.0125627980251254,-0.7716221255854158,-0.5483528371250277,0.2927700218845601,0.4624306522811444,-0.4737216885744303,0.2179133812683168,0.7967535828766347,-0.100905234553897,-0.2679882655803496,-0.5236395188793048,0.4389151921132391,0.0491694085944549,0.1009267856374702,-0.0855518692895023,-0.2872428823497172,-0.3063964771572465,0.8500272177995398,-0.2129634635273135,-0.5332809845481187,0.254372693797637,-0.292941583588053,-0.7308666528794912,-0.6441735217649699,-0.4369241172448026,-0.8635798640649842
2025-06-16,005380.KS,1,0.0173696412717545,-0.6970145125283366,-0.5511775523585135,-0.2927700218845597,-0.0791336850290706,-0.5226378966299947,0.1931387084802096,1.133048604994079,-1.047444350655352,0.4689207357558548,0.2293624215891241,0.4627522779145775,0.1545478119850017,0.1231936980874932,-0.5324223740117565,-0.2872428823497172,-0.0574999613077332,0.414425554293755,-0.1467384081957484,0.1720805611327992,0.2472126108109486,-0.292941583588053,-0.7306955311020878,-0.6436641140390142,-0.4369241172448026,-0.6191515298237005
2025-06-17,005380.KS,1,0.0048781372022581,-0.5988302022234986,-0.5403923508347611,0.8783100656536802,-0.5318691525883377,-0.4718194123029205,0.227008403300296,1.1793371581923835,1.4418044189901629,-0.0702997294822965,0.3743204268868794,0.4979336409782245,0.3065655792375374,0.1553693178495036,0.2167270726462913,-0.2872428823497172,0.20723283177775,0.9032343769114096,-0.0524365730575982,0.2218172288845991,0.2597186122383551,1.464707917940265,-0.7378417934190231,-0.6331892841590265,-0.4369241172448026,-0.6808163689922951
2025-06-18,005380.KS,1,0.0048543784088117,-0.6631528044452738,-0.5403923050783898,0.2927700218845601,0.2271125242518051,-0.5141553100162799,0.4207130141460082,1.2080287116449466,-0.9204633852212334,-0.5210757733030743,-0.0023807510333343,0.4661577650673136,0.3094146542459264,0.1671482423449096,0.3609434466305503,-0.2872428823497172,0.2048819367269319,0.6830564996345412,-0.0678259917214134,-0.3998544642992386,0.2587226281891982,-0.292941583588053,-1.117907977237748,-0.5954895039202799,-0.4369241172448026,-0.7713638347527871
2025-06-19,005380.KS,1,0.0144927817794815,-0.7703571414815658,-0.522416890995738,-0.2927700218845597,0.3732216695534107,-0.518306747567898,0.3742640332424552,1.1197773220150342,-0.3167310898878616,0.2346210565983111,-0.0030972352475194,0.4361453243444429,0.3049488647501044,0.176422915398408,-0.0138304600858227,-0.2872428823497172,0.1884429448738497,0.7284897219950135,-0.0961098574573493,-0.5881543069714463,0.2485803669033804,0.2929415835880526,-1.1640709145334704,-0.5691250615117145,-0.4369241172448026,-0.6963316740780873
2025-06-20,005380.KS,0,-0.0404762296887118,-0.6322977719393621,-0.5262687495669552,0.2927700218845601,-0.0064709664412347,-0.5043292358440272,0.4122144576494188,0.9557303069348752,0.2193693151065476,0.3800978464777587,0.2875641521083625,0.4488928353742446,0.3956471377942189,0.1991898011258923,-0.014543278637475,-0.2872428823497172,0.2933835098625268,1.6371673246951102,-0.034037411164041,0.4674272826610983,0.2520728749707612,0.2929415835880526,-1.2211760427141456,-0.5829889348450081,-0.4369241172448026,-0.597588655173421
2025-06-23,005380.KS,1,0.0223325099672901,-0.5731176751352389,-0.5326885603030574,0.8783100656536802,-0.0071931403973515,-0.4735641162569458,0.4174534816430765,0.6596156305003672,0.5507537580489434,0.002048507325546,-1.370113838786534,0.2266280416274663,-0.1246428362041609,0.1225565392715478,0.2746310326094016,-0.2872428823497172,-0.8735940410364192,-0.2710573950430584,-0.4041194308355825,0.0386375631888837,0.1508056354163619,-1.464707917940265,-0.6150111362986223,-0.5829889348450081,-0.4369241172448026,-0.6622772791242592
2025-06-24,005380.KS,1,0.0533980063197112,-0.5619618185632846,-0.5301206427875425,0.8783100656536802,0.2857764461495493,-0.4980623758107967,0.304189293126428,0.9637835325138036,-0.6238344641295012,0.0013294589138018,0.5239836278169336,0.3265892775584731,0.0366289499001175,0.135181687865889,-1.37456597854784,-0.2872428823497172,-0.2832283558196843,-0.1650432052727157,-0.2088852140124913,-0.1399601809366759,0.1157594086592609,0.2929415835880526,-0.577901267535796,-0.585191280011094,-0.4369241172448026,-0.7700916523756562
2025-06-25,005380.KS,0,-0.0345621699630639,-0.6103801971626523,-0.5301206689301751,0.8783100656536802,-1.3850654913994256,-0.3770422048249962,0.2881940912706061,1.2222820273143291,2.5253244860625608,0.2930310830330401,1.460813092349535,0.5363092574166547,0.5138594666022462,0.2032453541333473,0.5098409436171776,-0.2872428823497172,0.91115884331348,0.4786014157575358,0.1652125450175382,-0.3359668756745401,0.1871782378770431,1.464707917940265,-0.1778689453027043,-0.439664632367342,-0.4369241172448026,-0.6312466689526746
2025-06-26,005380.KS,0,-0.0214797940529543,-0.5773893348162403,-0.5095773213881647,0.2927700218845601,0.5240733753703871,-0.4871622119131246,0.1796164787073718,0.532640011789499,-1.1952790260190025,-1.370579507315887,-1.191765959095862,0.3451640588342133,0.0334917698042662,0.1277515707144183,1.4418774195536943,-0.2872428823497172,-0.1747431707292878,-0.1327803961766867,-0.1731164366465395,-0.0608960900362812,0.1401902863367316,-0.878824750764159,0.0847898439700455,-0.4414363891391893,-0.4369241172448026,-0.5717298133637672
2025-06-27,005380.KS,0,-0.0073170488643142,-0.5079242271768128,-0.5185650703873486,0.8783100656536802,1.468342386764812,-0.4928368485337593,0.3280210222251647,-0.1000043335591757,-0.3127561453459958,0.5302966712316214,-0.7972461008053295,0.2400093222268469,-0.2608289515563702,0.0775986684908431,-1.1971305587934271,-0.2872428823497172,-0.6504148024475359,-0.5360899324958474,-0.3422007060751126,0.0558430499284237,0.0503070959938516,-0.878824750764159,0.1612339479178272,-0.4321009490309723,-0.4369241172448026,-0.5605104754373496
2025-06-30,005380.KS,1,0.0319411358492498,-0.4834766841924032,-0.5352565072829268,0.2927700218845601,-1.2053013161513464,-0.5235460553630236,0.3363510300603368,-0.1432441431094766,-0.8498273697592839,1.470478918391689,-0.3701459881637598,0.1995057775629461,-0.3722365650345547,0.0589308427451961,-0.8046291352909793,-0.2872428823497172,-0.9076538645217358,-0.139456456725611,-0.4428334601635838,-0.1026949042499034,-0.0326881885982774,-0.292941583588053,0.1617755713564266,-0.4584912088346511,-0.4369241172448026,-0.6092043742744132
2025-07-01,005380.KS,1,0.0166665836820283,-0.7308762206113995,-0.5365404122397548,0.2927700218845601,-0.8076484981442484,-0.4594790713099602,0.352030680816465,-0.0279302069927405,1.9036439565468115,-1.1915933453173773,0.8137470276278246,0.3557280789993658,-0.1007869991874938,0.0852762668524468,-0.379714143898023,-0.2872428823497172,-0.1342553298318738,-0.0248344672574299,-0.1697657229803126,-0.9069167566096128,-0.0288939350083359,1.464707917940265,0.2772671968605226,-0.464572937662299,-0.4369241172448026,-0.5760257805231417
2025-07-02,005380.KS,1,0.0046839254468795,-0.616393548316955,-0.5082933849544482,0.2927700218845601,-0.3771566995843964,-0.4595782458581691,0.4601588302825862,0.097967356450933,-0.2016132187525238,-0.7956615552109225,0.3531186067760134,0.4430215438352015,0.0001625795263956,0.0858149091035711,0.7981218615853894,-0.2872428823497172,0.4361766939615584,-0.5552609099546079,0.0145325629963391,0.3176672581335727,-0.000303262554158,1.464707917940265,0.0052143344024893,-0.5316002908887247,-0.4369241172448026,-0.5061653882103724
2025-07-03,005380.KS,0,-0.0186480543095896,-0.5083183655440122,-0.5082933384108264,-0.2927700218845597,0.8161378432767503,-0.5156108490005846,0.456293451413118,0.2912384814926372,-1.055934646263584,-0.3670329105450445,-0.0082375154878022,0.4727048017890378,-0.0251297464283929,0.0696017421894853,0.3398500988573454,-0.2872428823497172,0.4328071972839616,0.2901851695859999,0.0499060688399347,0.2072211432823547,0.0177504760814926,0.2929415835880526,-0.0281985507870776,-0.4833753904483717,-0.4369241172448026,-0.4815787287778494
2025-07-04,005380.KS,0,-0.0095012061633352,-0.6605402672353217,-0.5095773162646615,-0.2927700218845597,0.351851481622955,-0.5322225858255706,0.3985920274942959,-0.051055322080678,-0.6774797932231239,0.82109709403308,-0.7118504838360454,0.3948910746221508,-0.283613442357635,0.0225240983684425,-0.0196572602764594,-0.2872428823497172,-0.2560765578551538,0.3650187517846683,-0.2003928734223439,-0.640952409045011,-0.0208036107189604,-0.292941583588053,-0.4495283388443432,-0.5171834280105948,-0.4369241172448026,-0.7303860690319154
2025-07-07,005380.KS,1,0.0119903926874436,-0.6921835764756317,-0.5211329464627381,-0.8783100656536796,-0.0123742406130709,-0.5342145484197203,0.1741114902308585,-0.3198802781075124,-0.2775957167524909,0.3588201479953964,-0.4360127262864662,0.3474006482546578,-0.4125127466632657,0.001755201480588,-0.7196704177081739,-0.2872428823497172,-0.6572991689888255,0.2901851695859999,-0.3104103881736962,-0.2979358371632324,-0.0733675316770749,-0.292941583588053,-0.672554739785023,-0.614377200880035,-0.4369241172448026,-0.6152519438389005
2025-07-08,005380.KS,0,-0.0071089807116665,-0.616393548316955,-0.5288367009357929,-0.2927700218845597,-0.7215747378006477,-0.5227872232276396,0.3828655746821756,-0.2497528730348663,0.2641687599788076,-0.003829217676022,0.2121006279930168,0.4108009513427697,-0.3220935892723702,0.007637123954627,-0.4452438959025133,-0.2872428823497172,-0.3496687059942338,-0.1242730577495958,-0.2291275743395352,0.1282120728669977,-0.0879522515323732,0.2929415835880526,-0.7882847223628329,-0.6198756412803881,-0.4369241172448026,-0.5065617693849469
2025-07-09,005380.KS,0,-0.0071598801616334,-0.6665536183896245,-0.5249848147354197,0.2927700218845601,-0.4435464984171371,-0.5199061913066653,0.3644414182385143,-0.3749480668347268,-0.1067693881068227,-0.7099603191808852,-0.3638713620055309,0.3727121777685903,-0.4193871438629027,-0.0073169721085961,0.1995535935011981,-0.2872428823497172,-0.4438424615495303,-0.9649545025731172,-0.2541316462970872,-0.3555385684959747,-0.1170095107926135,-0.292941583588053,-0.7896067858371152,-0.6267969039579635,-0.4369241172448026,-0.6596498755165899
2025-07-10,005380.KS,0,0.0,-0.602231016167849,-0.521132928160397,0.2927700218845601,0.2097136513608643,-0.4979113548871574,0.2737944815266834,-0.599128630355486,0.4777836446682949,-0.433135376581599,-0.3654063158950998,0.3382391742805928,-0.5112558487727425,-0.0218370594281644,-0.3734716198595072,-0.2872428823497172,-0.4719098401769557,-1.349620121585635,-0.2684051249829631,0.0708667001957726,-0.1534938264972613,-1.464707917940265,-1.0621974652449429,-0.6811867323482582,-0.4369241172448026,-0.6914732480373232
2025-07-11,005380.KS,1,0.0432691597523491,-0.5780950425483862,-0.523700843781312,0.8783100656536802,-0.3708322453869013,-0.5122699770047148,0.2301611391506419,-0.1156797751164854,-0.5228608662862373,0.2172974854387527,-0.1494887389844721,0.3513020602653606,-0.5338397968466846,-0.0313773467347672,-0.374998720647987,-0.2872428823497172,-0.404766650288975,-0.9071323016231456,-0.2486966796210635,-0.0931474141446655,-0.177855633885778,0.8788247507641588,-1.2147420946214822,-0.681186817664177,-0.4369241172448026,-0.6152519438389005
2025-07-14,005380.KS,0,-0.027649750796492,-0.4881424822406037,-0.5249848380379488,0.8783100656536802,-0.3723793886469208,-0.4388878145442604,0.3040797119129965,0.0970802687535724,1.8034220315398743,-0.3607358283706744,1.1553616101524633,0.5485194292228481,-0.1228813768043711,0.0214356648022709,-0.1601858170242346,-0.2872428823497172,0.5757177082973223,0.8475582638284815,0.1098097074065768,0.1248697751851103,-0.1051159495680787,1.464707917940265,-0.6095262780892843,-0.54812175764966,-0.4369241172448026,-0.6656974450810773
2025-07-15,005380.KS,0,-0.0165876724860024,-0.4526216516864916,-0.5031575459784624,0.8783100656536802,-0.1547471678309379,-0.4535996471541288,0.4309101476976285,-0.854610044101328,-0.3916657565622348,-0.3622762756471721,-0.983310962176433,0.3984066124097127,-0.4377373580066028,-0.0192986321090906,1.137988682259782,-0.2872428823497172,-0.2292637635454409,-0.2710573950430264,-0.1886320516945463,-0.0717361034904115,-0.1218456551015593,-1.464707917940265,-0.5107184412004999,-0.54812175764966,-0.4369241172448026,-0.6010088211302389
2025-07-16,005380.KS,1,0.0120482553507919,-0.6360927242509119,-0.5185650360662677,0.2927700218845601,1.1604652543273817,-0.5235149927197918,0.3811576167959979,-0.6270660910444604,-1.21713750080445,-0.1455859596967962,-0.6497163920891607,0.3131520442758247,-0.6160483074348599,-0.0422988908370301,-0.9897420552549788,-0.2872428823497172,-0.6458854141455989,-0.4618804809413707,-0.3174155331737291,-0.6977271186467384,-0.1692089810720282,-0.878824750764159,-0.4711095603338013,-0.5341253796253289,-0.4369241172448026,-0.5767355040188825
2025-07-17,005380.KS,1,0.0023809186399457,-0.5229576050625696,-0.5249847917328554,0.8783100656536802,-0.9951909371406452,-0.5101222493741413,0.3585843824863268,-0.161440810285025,0.2394274042237273,1.1639342677345978,0.2138455686598598,0.3728363610287519,-0.4988707832770692,-0.0281885320346553,-0.6578542151870719,-0.2872428823497172,-0.3634255436934708,-0.0893212898134293,-0.2376032018739332,0.237867566246476,-0.1744054987999835,0.2929415835880526,-0.4708057993691215,-0.5445332547680422,-0.4369241172448026,-0.4862710771117983
2025-07-18,005380.KS,0,-0.0071258664128732,-0.5726409677657874,-0.5211329363825891,0.2927700218845601,-0.6589472270220521,-0.5433305870452293,0.3408250398571879,-0.0160564133358501,-1.078573620579124,-0.982392316896229,-0.0776883495990245,0.3843049228492142,-0.4752056637781013,-0.02517834075735,0.2012896067367063,-0.2872428823497172,-0.3632040727089827,-0.0491709325366037,-0.235291181176625,-0.3315224864783006,-0.1721970234037499,0.2929415835880526,-0.481170265248672,-0.560251788447342,-0.4369241172448026,-0.450548118606265
2025-07-21,005380.KS,0,-0.0119617839885595,-0.6099860587954532,-0.5224168809940559,0.2927700218845601,0.2114724489444179,-0.5271235682227859,0.2887437547500034,-0.5758199397237014,0.6258079276805892,-0.6476038581434632,-0.3643805771888422,0.3612137338753561,-0.568544900317741,-0.0430620322864285,-0.0887527713876202,-0.2872428823497172,-0.3504322545393741,-1.3614696412491212,-0.2296130933693498,-0.301540380048731,-0.1847644882318511,-0.878824750764159,-0.481286284543359,-0.6750916117154846,-0.4369241172448026,-0.635063216084067
2025-07-22,005380.KS,1,0.0750605649414541,-0.4466908695344415,-0.5237008722229749,0.2927700218845601,-0.0823765974448354,-0.5292959200578122,0.2588302583505232,-1.0563061908011162,-0.2763349136557933,0.2190486710060555,-0.510215365133599,0.3004410069274882,-0.6941141066284121,-0.059050236421497,-0.3739782298060503,-0.2872428823497172,-0.5675019582307811,-1.0888671539476384,-0.3209324198151476,0.3979079749694391,-0.2154334457565856,0.2929415835880526,-0.4510443782602188,-0.6592260718435644,-0.4369241172448026,-0.5212843121215904
2025-07-23,005380.KS,0,-0.0202702736974609,-0.3647223522169576,-0.5134291938736625,0.8783100656536802,-0.3713455043480425,-0.2592611333203318,0.3216143229935793,-0.0652483065266845,4.629788974497303,-0.073528606683185,2.114082010501938,0.6431729501549004,0.0636107050370533,0.0439806478682213,-0.519066900659069,-0.2872428823497172,1.119854968439243,0.9586866967317262,0.3942826000016542,0.053741738695443,-0.0795612293267977,1.464707917940265,0.1673509888043924,-0.4248253828162612,-0.4369241172448026,-0.5712503933357851
2025-07-24,005380.KS,0,-0.0045977101606177,-0.6039727076411505,-0.4928858713638847,0.8783100656536802,-0.5183383949999343,-0.4190154038204755,0.2456011084053741,-0.0979177500499389,-1.112305985810615,-0.3612468659644509,-0.7607710902623278,0.5090270962134111,-0.1804345332891988,0.0173303350616,2.0918040960352045,-0.2872428823497172,0.3141593600640469,0.3130921088652376,-0.019821885151674,-0.7895402290089444,-0.0418734599183933,-1.464707917940265,0.1072556175135766,-0.4020191268389876,-0.4369241172448026,-0.608807993099839
2025-07-25,005380.KS,1,0.0092378191765383,-0.6494669796656194,-0.5082933696792992,0.8783100656536802,2.1267990417614997,-0.5039700387332023,0.4140347813098745,-0.0319495318279282,-1.1690572725055424,-0.5076035763743015,-0.2881400033642191,0.4721774008002679,-0.25923346474154,0.0069325287456293,-0.7683407374840127,-0.2872428823497172,0.0206891485265299,0.1869158992142246,-0.118899068802522,-0.3358935763415567,-0.0335425484145251,-0.292941583588053,0.0493044982287691,-0.4045493746420292,-0.4369241172448026,-0.4445835878951856
2025-07-28,005380.KS,0,-0.0022882973417187,-0.5199509294854182,-0.4916019503606925,-0.2927700218845597,-0.7708838323753027,-0.5009220592242408,0.4658351519813635,-0.0568427981080786,-0.12606600121589,2.126085795332502,0.1290923947089197,0.5079084792575157,-0.1985705510385904,0.0128932518451705,-0.2981277165151046,-0.2872428823497172,0.0312128550890232,0.4398479652182094,-0.0971155472776846,0.3083206403556792,-0.0147958859615948,0.8788247507641588,0.0456149637554643,-0.4361508595926808,-0.4369241172448026,-0.3621486364254603
2025-07-29,005380.KS,1,0.0229357517220962,-0.7655262054288609,-0.5018735938949965,-0.8783100656536796,-0.294499489145651,-0.5061613670193664,0.1233570481918716,0.0118982546564615,-0.3224028339472659,-0.7590560056676917,-0.2184959857708795,0.4779136086454275,-0.2434342879834882,0.0094771421578386,0.1169700453178309,-0.2872428823497172,-0.3341997879137769,0.6627549797700576,-0.2197026439413084,-0.9371118326850616,-0.015050767714202,-0.292941583588053,0.0536912437741343,-0.6370032933124758,-0.4369241172448026,-0.6027604235353518
2025-07-30,005380.KS,0,-0.0448429956299488,-0.4543633431597931,-0.5070094400328388,-0.2927700218845597,0.126046233385408,-0.4391889527510085,0.0420149151077362,0.3435790788020268,1.4754429092753656,-0.2847334377078263,0.5421753426290051,0.5585343876736707,-0.0220259064071199,0.0451640266610324,-0.2288400102833819,-0.2872428823497172,0.2862877221149175,-0.1242726944858691,0.0112666914607663,1.2614961514593075,0.0264437635763921,0.8788247507641588,0.0566018381124513,-0.6141083759310191,-0.4369241172448026,-0.6485135764435798
2025-07-31,005380.KS,0,-0.0140844591759956,0.0665423951336581,-0.4620708869106406,0.8783100656536802,-0.2243024147237778,-0.2452257886025169,0.0470638442168365,-0.2613949873296456,2.330971111331612,0.1339921772087577,-1.5018006128222372,0.3215008548753292,-0.5090065269275857,-0.0165141811186443,0.527939586333485,-0.2872428823497172,-0.8925039885762838,-0.735221151294215,-0.6015762131657687,1.3040594896898894,-0.054886634188413,-1.464707917940265,0.3822761483664139,-0.5545598269400448,-0.4369241172448026,-0.5182605273393469
2025-08-01,005380.KS,1,0.0047618372798912,-0.5559484674089817,-0.5185650025623556,-0.2927700218845597,0.5424095541643945,-0.4568152519814752,0.2095178097148588,-0.8638290308492134,-1.3211300755919388,-0.2148401738416761,-0.574228012369717,0.2496153373937615,-0.655046238500764,-0.0347824594946567,-1.505579019284043,-0.2872428823497172,-1.118211848184261,-0.8761046226134637,-0.4920364536660966,-1.2535155142765155,-0.1405399425665022,1.464707917940265,-0.5387214235013948,-0.4756739532541574,-0.4369241172448026,-0.7652332263348923
2025-08-04,005380.KS,0,-0.0023696348244985,-0.4861909674861441,-0.5211329544485939,0.8783100656536802,-1.5177980159837727,-0.5055664326851795,-0.0414959943072214,-0.4981240126544718,-0.9279052372491462,0.5485534916661085,-0.0058879602135835,0.2743732176771017,-0.6120394963802309,-0.0304227899075668,-0.5827520476405265,-0.2872428823497172,-0.7954340967738924,-1.00499094827639,-0.400196937701944,0.0497250294002324,-0.1851420689431354,-0.292941583588053,-0.5593164185886066,-0.456367861476769,-0.4369241172448026,-0.4522997210113778
2025-08-05,005380.KS,0,0.0,-0.6161455799560458,-0.5134291896373039,0.2927700218845601,-0.582859379246033,-0.5249011772933901,-0.2868977136860955,-0.3163154668231422,-0.6799145164954323,-1.50273757003856,-0.2209488469637161,0.2624561421575485,-0.6353565658000274,-0.0332148044975979,-0.0173197257510125,-0.2872428823497172,-0.6667242552440257,-1.00499094827639,-0.3274814443296485,-0.5618215615483516,-0.2160608249561183,-1.464707917940265,-0.5588319083712995,-0.456367861476769,-0.4369241172448026,0.0715701824809819
2025-08-06,005380.KS,1,0.0095011297440787,-0.8327569486359875,-0.5237008519643506,-0.2927700218845597,-0.0100060270587395,-0.53565224050355,-0.4927314323552582,-0.466228279372073,-0.561942490225092,-0.5718453159903207,-0.1494887389844721,0.2627006615002656,-0.6377822402239035,-0.0339264851144167,-0.2312803221957249,-0.2872428823497172,-0.3364986733421667,-1.9160816251417987,-0.2180901542507853,-0.947222951872802,-0.231548737391426,0.8788247507641588,-0.597238152914826,-0.6867117835795833,-0.4369241172448026,-0.5544629058728621
2025-08-07,005380.KS,0,0.0,-0.4936497521600809,-0.51214526329371,0.2927700218845601,-0.2267747545693259,-0.5315613468674673,-0.2701653157405937,-0.3744456766312995,-0.02840522276288,-0.0014712536695804,0.1370329437732676,0.3115841075599497,-0.5506778224113346,-0.024729399778252,-0.1601858170242346,-0.2872428823497172,-0.0550552894153259,-0.4178475446560928,-0.1251495450301141,1.6359022899100628,-0.2166230352983612,-0.878824750764159,-0.5547399917858703,-0.6981153803714262,-0.4369241172448026,-0.4843084574458449
2025-08-08,005380.KS,0,0.0,-0.6926142902118942,-0.5147131787281777,0.2927700218845601,-0.1547471678309379,-0.5294019848650652,-0.2715247335160313,-0.2748518273166844,-0.1172577280638441,-0.2173018134842799,-0.1494887389844721,0.3132458744204329,-0.5616595781652443,-0.0280915243546431,0.1248699691002541,-0.2872428823497172,-0.1224217151337465,1.091962767744464,-0.1640462934387216,-0.7718090531801539,-0.202617317454658,0.8788247507641588,-0.738776928122372,-0.6947118637239303,-0.4369241172448026,-0.6150025644373138
2025-08-11,005380.KS,1,0.0023529837465998,-0.7366378098051503,-0.5134292210109438,-0.2927700218845597,0.1340498399101681,-0.5454425079197865,-0.7623955874929597,-0.094105830699759,-0.7887832427731393,-0.1455859596967962,-0.1494887389844721,0.321937760364048,-0.5506777831130208,-0.0276382505631277,-0.1601858170242346,-0.2872428823497172,-0.1626890003208934,0.8738823482225433,-0.1773153815682226,-0.3546500810023617,-0.1896064919503999,0.8788247507641588,-1.3785875803017686,-0.6908852645469127,-0.4369241172448026,-0.8328465397743304
2025-08-12,005380.KS,1,0.0140844591759956,-0.6289953682453675,-0.5159971133247169,0.2927700218845601,-0.1547471678309379,-0.5399611374175862,-0.7658908365354733,-1.4071663843623383,0.0967173663410864,0.1419611443961081,-0.0785307707494249,0.3328836781680466,-0.5310708983902115,-0.0255473083597034,-0.1601858170242346,-0.2872428823497172,-0.1629394185319064,1.637167324689038,-0.1718744492083884,0.2931989153394129,-0.172727872366329,0.8788247507641588,-1.4403803657024468,-0.697416920984621,-0.4369241172448026,-0.4918096856337063
2025-08-13,005380.KS,1,0.0069444956449071,-0.6606795042205935,-0.5070094350429821,0.2927700218845601,-0.1547471678309379,-0.5365286588629494,-0.5028516157328996,-0.6576063517151437,-0.0402100534791258,-0.1455859596967962,0.2752505344007726,0.4028330133220567,-0.4051762773803076,-0.0120192731084394,-0.0895908825593961,-0.2872428823497172,0.0883137609926629,1.6371673246933245,-0.100929422233389,-0.2920704580214162,-0.1296269248739035,-0.292941583588053,-1.4403803657024468,-0.6676627883497956,-0.4369241172448026,-0.6919064127096648
2025-08-14,005380.KS,0,-0.0045977101606177,-0.5922019663881197,-0.5057254491283337,0.8783100656536802,-0.0832257084271242,-0.5174252462305152,-0.5609660519557874,-0.3936361815103226,0.6181451396982667,-0.1455859596967962,0.0599335751695506,0.4304124108446988,-0.3504802113033394,-0.0053583032640633,0.2623804135920572,-0.2872428823497172,0.1526001440162407,1.637167324692967,-0.0684940215541654,0.0843105465648269,-0.0868611157783038,1.464707917940265,-1.4403803657024468,-0.6253234215453567,-0.4369241172448026,-0.7361804440080506
2025-08-18,005380.KS,1,0.0115472553953221,-0.7370040719470494,-0.5018735808551918,-0.2927700218845597,0.2733650435841572,-0.5333385818805861,-1.0317289193851786,-0.7145612605683886,-0.670846158641992,-0.0743740427419599,-0.2881400033642191,0.4017430809492046,-0.4140651373032,-0.0140422158474303,0.0481650547792782,-0.2872428823497172,-0.0855249460764096,1.0010924181143752,-0.1578739602103646,-0.6735478812874658,-0.0709304866289057,0.2929415835880526,-1.4257570697750717,-0.630102657683442,-0.4369241172448026,-0.6279254732405031
2025-08-19,005380.KS,1,0.0068494393352425,-0.7463679920466607,-0.5044415451435308,0.2927700218845601,0.0563382100705916,-0.5292260008717743,-0.9679813562378192,-0.3971207489428106,-0.0362070522791211,0.2806733965967282,0.1987371179630158,0.4531420343199172,-0.3170818383072305,-0.0029204209601602,-0.2981277165151046,-0.2872428823497172,0.0701233088573171,1.188171998408198,-0.1201465535174477,-0.2180897656459775,-0.0384297621891169,1.464707917940265,-1.406824704938752,-0.6301030399333306,-0.4369241172448026,-0.6597899048168543
2025-08-20,005380.KS,1,0.004535156159948,-0.486931026698398,-0.4993056452842224,0.8783100656536802,-0.294499489145651,-0.4905567375654857,-0.0685267178606813,-0.78398387370566,1.2140536328010108,0.0645858478530707,0.0570670009267524,0.4865732171210392,-0.2789737540847897,-0.0021795248419714,0.1862584536000224,-0.2872428823497172,0.0677886309973281,1.2354354646263377,-0.0787385303589176,0.9778319776568952,-0.007078889138588,0.8788247507641588,-1.4207098801182705,-0.6500367872047449,-0.4369241172448026,-0.590922701984308
2025-08-21,005380.KS,0,-0.0067719857502668,-0.6388476378675112,-0.4928858512775451,0.2927700218845601,0.1962440190718284,-0.5112591421164218,-0.3571953375552625,0.9736585344341898,-0.6268397013421186,-0.2847334377078263,-0.0127238900119324,0.5130155400607318,-0.2292709859047786,0.0034998811530353,0.0453131464475937,-0.2872428823497172,0.0531862932507315,1.1283079451391271,-0.1076944552813841,-0.6272598570418468,0.0168907869832649,0.2929415835880526,-1.4403803657024468,-0.6386310048616494,-0.4369241172448026,-0.7365487903302821
2025-08-22,005380.KS,1,0.0090908532543294,-0.8836893298535077,-0.4903179222724102,-0.8783100656536796,0.0534488717984587,-0.5338746666252322,-0.4298278442076496,1.395712188433498,-0.8083718863385819,0.2038861492611264,-0.3537087428200282,0.4692927564644285,-0.3081462953604381,-0.005031519540831,-0.0241206816989354,-0.2872428823497172,-0.2051182696190946,0.3650202400830923,-0.1925665024107912,-1.0792640102836002,0.0103579601810089,-1.464707917940265,-1.3487888201659175,-0.6471555039197628,-0.4369241172448026,-0.7459659949380955
2025-08-25,005380.KS,0,-0.0157658328407823,-0.5777287804064869,-0.4916019115977451,0.8783100656536802,-0.0168962423188553,-0.5317812703815478,-0.3103624922712459,1.4625534049785422,-0.1156874480399965,0.0617090145389201,0.1246604035169702,0.4990919095451377,-0.2249727607523963,0.0084350202413253,-0.3633609944676526,-0.2872428823497172,-0.0901125365984927,0.9636779465842864,-0.1453211920729239,1.6785520262244618,0.0190889203412922,-0.292941583588053,-1.3964868193972126,-0.6855684100580702,-0.4369241172448026,-0.4850527278955662
2025-08-26,005380.KS,1,0.0068651128890655,-0.528589519676401,-0.494169865747563,0.2927700218845601,-0.3605889228455246,-0.4880597528699215,-0.4722524384067712,0.7139265254087585,1.4850197638395384,-0.0083316483118931,-0.6249325101247832,0.4158542809643318,-0.3942802298939555,-0.0127753449591397,0.1125607289925943,-0.2872428823497172,-0.5259161370227825,-0.371488574414742,-0.294576889218245,-0.0122489210048012,-0.0170177114286955,-0.292941583588053,-1.2220761980613193,-0.6760723179512278,-0.4369241172448026,-0.6378338062779585
2025-08-27,005380.KS,1,0.0206895533096223,-0.8470180153768934,-0.4980216693843037,-0.8783100656536796,0.1215790468805312,-0.5410929471818834,-0.5322990872050452,0.8407716215620604,-1.263318932397402,-0.3505368385816149,0.0575396618773061,0.4457430454641165,-0.3266458510794494,-0.0033732916748864,-0.633197132035199,-0.2872428823497172,-0.3208147642460919,-0.371488574414742,-0.2145043076023433,-1.174163118451628,-0.0305710821482849,0.8788247507641588,-1.2263464953773238,-0.6750913765548989,-0.4369241172448026,-0.88406874692542
2025-08-28,005380.KS,0,-0.0090089496340414,-0.5531591500414439,-0.4928563783431642,0.8783100656536802,-0.6339665313810426,-0.4961903714970545,-0.5833235685269571,1.0201995769640513,1.9536850170429416,0.129544324535465,0.4744376560290619,0.5452775604655231,-0.1104651830875198,0.0255806798611301,0.0457833891794303,-0.2872428823497172,0.183445889771318,0.175116744094799,-0.0500868107659568,1.447891783701012,0.0004731682541356,0.8788247507641588,-1.1192458486954977,-0.623681425014224,-0.4369241172448026,-0.576367157696651
2025-08-29,005380.KS,1,0.0022727483020892,-0.5823496967659759,-0.4811679009114886,0.2927700218845601,0.0539252862424971,-0.51065246045534,-0.3552100207345637,0.6673131595323942,-0.5184449900733135,-0.6227312781053839,-0.4211679475158512,0.4787588972124676,-0.2319061085144596,0.0122671977585517,0.4605484579617896,-0.2872428823497172,-0.1402853371102879,0.0844109940374325,-0.1620951083987075,-0.2717079723878903,-0.0065655384274443,0.2929415835880526,-1.0739750217387356,-0.6236644872859032,-0.4369241172448026,-0.5269482746167837
2025-09-01,005380.KS,0,-0.0022675946302436,-0.5262180178063401,-0.4876614685766493,0.2927700218845601,0.4741339492849242,-0.5221719569815192,-0.4305419326181363,0.7027930983552771,-0.5071875644092826,0.0621833670774135,-0.0809503982250237,0.4780380225988277,-0.2397894044329277,0.0103985646163134,-0.4304750656989029,-0.2872428823497172,-0.102303964815787,-0.1076497675511636,-0.1451949330135478,0.0124950173220989,-0.0125197995384343,0.2929415835880526,-1.0778020108287625,-0.618403618798808,-0.4369241172448026,-0.8471887577766357
2025-09-02,005380.KS,1,0.006818172617836,-0.8103467009002785,-0.4863627646571481,-0.2927700218845597,-0.4285838343413534,-0.5379053552109787,-0.711576771477619,0.5879032561455143,-0.7042781350126297,0.4805733812873932,-0.2178716625704515,0.457270062338535,-0.2924279024033145,0.0023815124749582,-0.0919981307841959,-0.2872428823497172,-0.2695122975898482,0.5750346276676994,-0.2042741852616559,-1.0639035615084755,-0.02748608759791,-1.464707917940265,-1.098673699237919,-0.661496527384763,-0.4369241172448026,-0.5516577161567173
2025-09-03,005380.KS,0,0.0,-0.6044257378803246,-0.4928563495254161,0.2927700218845601,-0.0856645506399557,-0.5272497390318399,-0.309190720676981,0.4730735185629907,0.2715300392541736,-0.4182374704081268,0.056124103321212,0.483575984441851,-0.252978899793631,0.0054088422836916,-0.2282188812331095,-0.2872428823497172,-0.179893620501673,0.5770428550556915,-0.175972311928156,0.8692654617132212,-0.0276266863533092,-0.878824750764159,-1.1104129523003958,-0.70044285653313,-0.4369241172448026,-0.5810143689468523
2025-09-04,005380.KS,0,-0.0067719999531871,-0.5752351911557925,-0.4863627699026803,0.8783100656536802,-0.2236731336501377,-0.5509944753384226,-0.383691385919015,0.3422271403517388,-1.0354079772624454,-0.0768023297284647,-0.1494887389844721,0.4797468661584868,-0.2860836391397296,-0.0021601899192662,0.0443750728763538,-0.2872428823497172,-0.1670448368945994,-0.4830778679921833,-0.1704795089525898,-0.0752177251315158,-0.0333800079904588,-0.878824750764159,-1.259310329021022,-0.7086493370930644,-0.4369241172448026,-0.524563277937978
2025-09-05,005380.KS,0,-0.0068182449062679,-0.5212308393049514,-0.4837653327843184,0.8783100656536802,0.0524984864577564,-0.5514295782537991,-0.2699739548129575,0.2592295488383012,-0.2283020525316904,-0.2142136162751659,-0.3537091711316847,0.4439711423130085,-0.3826059674305259,-0.01743184539795,-0.1601858170242346,-0.2872428823497172,-0.3591715803217853,-0.2710573950449083,-0.2361677888639888,0.0034194601873031,-0.0572491121177563,-0.292941583588053,-1.2237260694563177,-0.7086493370930644,-0.4369241172448026,-0.810308768627851
2025-09-08,005380.KS,1,0.002288278053842,-0.2495701024644841,-0.4941550962438829,0.8783100656536802,-0.1547471678309379,-0.53599969028748,-0.5823751636543676,-0.2346985195448998,0.815712481509896,0.0607627424337179,-0.355103761262824,0.4158231672398492,-0.4750747779880969,-0.033674726666531,-0.3633614205879895,-0.2872428823497172,-0.5004846409162724,-1.0343521385039227,-0.3165411383295365,0.6649971182761226,-0.0912371218045172,-1.464707917940265,-1.4403803657024468,-0.6814751963751062,-0.4369241172448026,-0.6032160317005695
2025-09-09,005380.KS,1,0.0068494518499604,-0.5091291551933799,-0.490258977957544,0.8783100656536802,-0.3605893545584881,-0.5331308575136657,-0.7523388723936661,-0.3589287425797228,-0.0787261201512004,-0.1455859596967962,-0.0804820738546728,0.4393241772251338,-0.4725678328511349,-0.0392600033470055,-0.3647488757443571,-0.2872428823497172,-0.4107916421609138,-0.6527120501518497,-0.2553503985956359,-0.7660045774001976,-0.1099507606746821,-0.878824750764159,-1.4403803657024468,-0.674228639793231,-0.4369241172448026,-0.5738593789104343
2025-09-10,005380.KS,1,0.0113377567776846,-0.567876510784343,-0.4902589005039776,0.8783100656536802,-0.3619950194038913,-0.5308966063023087,-0.4502354467883292,-0.2929388051120047,-0.1114630367057188,-0.3505372684261394,0.0570673783279811,0.4879112161561061,-0.4246874297149173,-0.039778235862417,-0.0915322024458352,-0.2872428823497172,-0.1923803779381307,-0.6526974834428276,-0.1785630666989613,-0.3563362188699085,-0.1081181357198231,-0.878824750764159,-1.4403803657024468,-0.6848261845206456,-0.4369241172448026,-0.5195477203655446
2025-09-11,005380.KS,1,0.002242244729377,-0.8959131013457126,-0.485064100195089,-0.2927700218845597,-0.0851925072137556,-0.5148565350678524,-0.4852782780295613,0.2134609528046287,0.4067906188621754,-0.3519368496017977,0.1924193538572963,0.5409821751050817,-0.3282067113945188,-0.0291483044539481,0.0453135219179696,-0.2872428823497172,0.0899379703810467,0.1105826933290192,-0.1410295445052848,-1.2623275352008383,-0.0835171159313934,0.8788247507641588,-1.3945349605789443,-0.6541989823636314,-0.4369241172448026,-0.2463411236067542
2025-09-12,005380.KS,0,-0.0380313870872484,-0.5849653733973034,-0.4824666153525101,0.8783100656536802,0.0534492521967048,-0.5039283583137387,-0.5124707133886964,0.0573738816107974,0.1102660180598232,-0.0763323292901928,-0.0818702819882216,0.5421671528175771,-0.3249383992492529,-0.0286308607526232,0.1799730123155398,-0.2872428823497172,0.0632077951468885,0.7564439136100946,-0.0960934621619157,1.771664879278628,-0.0656628927073375,-0.878824750764159,-1.413299560578793,-0.6256794867512103,-0.4369241172448026,-0.5073771727566939
2025-09-15,005380.KS,0,0.0,-0.3083174580554473,-0.4850640874089075,0.8783100656536802,0.1898760843599252,-0.385770016887642,-1.5475780190894906,-0.6123356781059778,2.668309685670669,0.0617093932908155,-1.296385720645037,0.3435088798022329,-0.7317903226750365,-0.0799147610343274,-0.0929133082560637,-0.2872428823497172,-0.9370654201825984,-0.7657813232947945,-0.5099303755768969,0.7611154815210094,-0.1419479459986593,-1.464707917940265,-0.8519738510674949,-0.5620049959345653,-0.4369241172448026,-0.5664588246591953
2025-09-16,005380.KS,1,0.0046511321707389,-0.5727416019050983,-0.4993499617488169,-0.2927700218845597,-0.0865917393808713,-0.5235067469999523,-0.8026492653050916,-0.7951985336065766,-1.3211300755919388,0.1975457747545388,-0.1494887389844721,0.3395472347196197,-0.7282656806144886,-0.0780141081760693,-1.3012150667633606,-0.2872428823497172,-0.8364249078925167,-0.8582000508317623,-0.3919252515944715,-0.813971652172496,-0.1890260907738695,-0.878824750764159,-0.8509380201557726,-0.5217627151485312,-0.4369241172448026,-0.8963620766416814
2025-09-17,005380.KS,1,0.0023149100869366,-0.592324053768753,-0.4993499788484661,0.2927700218845601,-1.3107518837844296,-0.5325778295090751,-0.5995395350697404,-1.324524100842136,-0.4977531273312253,-0.0777255056279768,-0.0092264489005678,0.3610739354575068,-0.6759821970297241,-0.0703930575105399,-0.1601858170242346,-0.2872428823497172,-0.5929490238707825,-0.9580219843875828,-0.308294559821893,-0.2423833307590777,-0.2051586557557686,0.8788247507641588,-0.8424669876166443,-0.5116650185792772,-0.4369241172448026,-0.5836449298404796
2025-09-18,005380.KS,1,0.0069283236788708,-0.6216366878739179,-0.4980512095869965,-0.2927700218845597,-0.1547471678309379,-0.5054305477404241,-0.5252091323040696,-1.0154624145694795,0.8640992169478616,-1.2965875264725657,-0.0796789425278658,0.3723478939885249,-0.6463251341284151,-0.0658260871722633,-0.0206411341274272,-0.2872428823497172,-0.3606151285415724,-1.4523302808827347,-0.2322924521800602,-0.2776517443949742,-0.205670657990989,-0.878824750764159,-0.8424075225719311,-0.5542115630523647,-0.4369241172448026,-0.3054227755092557
2025-09-22,005380.KS,1,0.0045871258456553,-0.5603957430322605,-0.5019474033003004,-0.8783100656536796,-0.0133710273403894,-0.5227906118796285,-0.4398028039060999,-0.8504677417727615,-0.6301166498483536,-0.1455859596967962,0.0594458838057826,0.4081401235604167,-0.5760268780227288,-0.0573422356617373,-0.0907331800838252,-0.2872428823497172,-0.0209717373440312,-1.1836889035259908,-0.1205337133477554,0.0424379163731773,-0.1861561910105126,0.8788247507641588,-0.8420205313239448,-0.6820225212347185,-0.4369241172448026,-0.5713516001242178
2025-09-23,005380.KS,0,-0.0068492339943869,-0.6362319612361839,-0.4954538411064732,-0.8783100656536796,-0.0843829980632697,-0.5256636239908957,-0.2767410861763094,-0.6358606463365847,-0.2931757937987536,-0.004821690344214,-0.0111566614609773,0.4325304700863648,-0.5272402038088179,-0.0513383471031395,0.0476798585325336,-0.2872428823497172,0.0041767100556196,1.6371673246920406,-0.1220189436446879,-0.4253477546475182,-0.1597771922640877,0.2929415835880526,-0.8820842243515713,-0.6627717979968923,-0.4369241172448026,-0.5910454840917186
2025-09-24,005380.KS,0,-0.0022988719221969,-0.785899157915869,-0.4941550790952295,-0.2927700218845597,0.0558466458538742,-0.5358804097374702,-0.2934501387330801,-1.049057803040841,-0.5488598328198178,-0.0755263236678368,-0.3560382865155216,0.3985857364482638,-0.6022288311337267,-0.0614815177135181,-0.0225614713720612,-0.2872428823497172,-0.256508457641393,0.5963245001312937,-0.2012997817431196,-0.7262911501840269,-0.1549760414130542,0.2929415835880526,-0.8866292553468909,-0.6848269133714617,-0.4369241172448026,-0.620524918989264
2025-09-25,005380.KS,0,-0.0115206979814264,-0.4331708496088233,-0.4967525229418088,0.2927700218845601,-0.0153165680980217,-0.5215834610861112,-0.2239723561704788,-1.1041516006956005,0.4031042234756809,0.0640964111096003,-0.2188148790682735,0.3863014382307095,-0.6248698025304059,-0.0640190021301785,-0.3656786197972221,-0.2872428823497172,-0.347457839436427,0.110592404498478,-0.2352942541790807,1.5233643746312762,-0.1538575748051611,-0.292941583588053,-1.4403803657024468,-0.6975175721871926,-0.4369241172448026,-0.558935488300546
2025-09-26,005380.KS,1,0.0023309497921615,-0.6581859149698993,-0.501947364175013,0.2927700218845601,-0.3629369659052517,-0.5284996997954838,-0.076938641092004,-1.2073043174377145,-0.419466665529375,-0.0067588108674757,-0.4969137148658051,0.329970889503772,-0.726468403244575,-0.0750909610316431,-0.2291572720651205,-0.2872428823497172,-0.6209123663829827,-0.8162687931929882,-0.3061834616521084,-0.8006323039070676,-0.1746739287666528,0.2929415835880526,-1.4032145621177212,-0.6581818533660453,-0.4369241172448026,-0.6352032453843315
2025-09-29,005380.KS,0,0.0,-0.6583080023505324,-0.5006486775978997,-0.2927700218845597,-0.2246238404155078,-0.5408735884431344,-0.1539153448435476,-0.9694785177861625,-0.6461332586920918,-0.3528747193906684,-0.0791952396992795,0.3422130740159798,-0.6908689928857131,-0.0692677897921654,-0.5058333040343941,-0.2872428823497172,-0.4783272541189409,-1.2251748128409554,-0.2648202259401969,-0.1776097584900642,-0.1782359868114332,-1.464707917940265,-1.416437344575557,-0.6488866664576236,-0.4369241172448026,-0.785722109195328
2025-09-30,005380.KS,1,0.002325603070151,-0.6899921383257587,-0.5045448251451478,-0.2927700218845597,-0.5049311137136324,-0.5408073967742842,-0.0444890065913322,-1.0490560108658729,-0.1969429449671557,-0.215160208413921,-0.1494887389844721,0.3452239248733076,-0.6779277106895097,-0.066774008593406,-0.0902519519661965,-0.2872428823497172,-0.3743072442318638,-1.7976432403479428,-0.2330664610819853,-0.2976449251481926,-0.1754793997816347,0.8788247507641588,-1.4231460942826095,-0.6762269174458366,-0.4369241172448026,-0.4309866335654978
2025-10-01,005380.KS,1,0.0208817171068196,-0.42605634399864,-0.5006486654936537,0.2927700218845601,-0.0838954540554755,-0.5456241396663923,-0.3292601626301101,-1.2195874667651498,-0.4294188689925609,-0.4942543213463854,-0.0793564786075927,0.3606289770520481,-0.6433694540140424,-0.0620324842439115,-0.1601858170242346,-0.2872428823497172,-0.2563885513882049,-1.2251735483442834,-0.199006515997981,0.8821807804789488,-0.1637095588593473,0.2929415835880526,-1.4403803657024468,-0.6975171650993682,-0.4369241172448026,-0.6572821260306378
2025-10-02,005380.KS,0,-0.0136364175241038,-0.570125925273771,-0.4980512080848822,-0.2927700218845597,-0.1547471678309379,-0.4549634666246002,0.2762887226511922,-0.8933561045718713,4.629788974497303,-0.0750408897339618,0.4802326610464821,0.4733244409691336,-0.4242351671189369,-0.0358852119225976,-0.0904123659471584,-0.2872428823497172,0.2539756042724412,0.4445301941035565,-0.030339951178039,-0.5729482248202358,-0.1071342867107305,0.2929415835880526,-1.206401226342836,-0.6262821750513881,-0.4369241172448026,-0.6574049081380484
2025-10-10,005380.KS,1,0.0069124334464187,-0.5455562949087283,-0.4915576594799588,-0.2927700218845597,-0.0840579733936426,-0.491167033788689,0.11853730830825,-1.2705125794788563,-0.7325245876516925,-0.1455859596967962,-0.5607166035685048,0.4124346296119059,-0.5572170411250931,-0.0537045142618911,0.4663138146878032,-0.2872428823497172,-0.2042277951017359,0.2901822293612351,-0.1818131348026242,-0.0956024159464229,-0.0994918479468812,-0.878824750764159,-1.142907343613929,-0.6340794832692869,-0.4369241172448026,-0.6892693397144
2025-10-13,005380.KS,1,0.0205949391927535,-0.6217587752545511,-0.5032461072213151,-0.8783100656536796,0.4799749735758875,-0.5176902388160484,0.0122656941458215,0.0751452209992067,-0.7506154357576574,-0.0752027056939489,0.0589666885664567,0.4522196100447314,-0.4816718120956404,-0.0449305200841972,-0.5693097656449423,-0.2872428823497172,-0.100319551696703,0.4319710835698828,-0.1522496262114337,-0.4213852404578188,-0.0783501943860615,0.8788247507641588,-1.1279940029076143,-0.6363585588926635,-0.4369241172448026,-0.4238316435290798
2025-10-14,005380.KS,1,0.002242244729377,-0.7121902668207403,-0.4928563951164087,-0.8783100656536796,-0.5692406736925822,-0.4791213925636978,0.0397632516274761,0.5558359755828489,0.9457566240913228,0.48638912582346,0.4715844168135086,0.5424658996013085,-0.2768371932740985,-0.0165590915116719,0.0472031149425252,-0.2872428823497172,0.2731136555310349,0.8193545628556054,-0.0609677093107803,-0.5014553922805715,-0.020163770145195,0.8788247507641588,-1.0966062690176277,-0.5922833166499856,-0.4369241172448026,-0.5687210392305909
2025-10-15,005380.KS,1,0.0827740321840388,-0.442901031850334,-0.4811678994127348,-0.2927700218845597,0.0553636452309924,-0.503417123683678,-0.0839291391770319,0.511923395251907,-0.6436718349134822,-0.5582855517323085,-0.0818702819882216,0.5369485765932974,-0.263921653983877,-0.0118248332889016,0.4577098164329443,-0.2872428823497172,0.1280918885337128,0.8193554918568046,-0.047895454831876,0.9472545244411956,0.0185459423018724,-0.878824750764159,-1.096370852302569,-0.5961220062702182,-0.4369241172448026,-0.5440115976906574
2025-10-16,005380.KS,1,0.0041322039777169,-0.207911609486481,-0.4448038627828048,0.8783100656536802,0.4712580519361078,-0.3402542081478861,-0.3322623256586366,1.409738800715138,3.7341110598347305,0.0636155008970222,2.346693886539039,0.7982358359587368,0.5649435859801577,0.13283962378071,-0.0929133082560637,-0.2872428823497172,1.893364611104881,1.2282607115254809,0.8902496355069061,0.4817077272911974,0.2207864401972951,1.464707917940265,0.0052097992535354,-0.2021605658138462,-0.4369241172448026,-0.6206477010966746
2025-10-17,005380.KS,1,0.0205761265700408,-0.7736753864236641,-0.4344141525263216,-0.8783100656536796,-0.0865917393808713,-0.4668784188378856,-0.3916125874615282,1.395710727513488,-1.1682336169509502,0.4777099307246992,-0.0248755541227928,0.7050483127853838,0.5600164916237954,0.1599478916427744,2.32322588773853,-0.2872428823497172,1.3282604019272155,1.6371673246961491,0.1705595331336656,-1.4099915833367969,0.3412611800308289,0.8788247507641588,-0.0028313463715211,-0.116541945397723,-0.4369241172448026,-0.7115937845755275
2025-10-20,005380.KS,1,0.0342741916090674,-0.5530370626608109,-0.4071411222404509,-0.2927700218845597,2.361258134413695,-0.4486663346336021,-0.0071049964867488,1.4990107783629392,0.0961522470137427,-0.0777255056279768,0.4710170922466483,0.692583271288011,0.7320746771287596,0.2132866289674484,-0.0362101757033765,-0.2872428823497172,1.18045042168075,1.6371673246962375,0.2893793637574313,0.8599634971574454,0.4427934041931376,-0.292941583588053,-0.0031213267164719,-0.1061752706504036,-0.4369241172448026,-0.4407721844955429
2025-10-21,005380.KS,1,0.0175438988081397,-0.4426568570890678,-0.4058424075904127,0.2927700218845601,-0.0291444051821829,-0.3529948618958034,-0.0067821729491249,1.8190362407803435,1.1389984144815726,2.35953015698886,0.8841040357180641,0.7183390181986459,1.020647752606139,0.2904566524936458,0.4571453944009445,-0.2872428823497172,1.3501457864362345,1.6371673246963163,0.4329311794722628,0.180368332396634,0.5605778210365565,1.464707917940265,-0.171370736058574,-0.0869982808285082,-0.4369241172448026,-0.2044455768855366
2025-10-22,005380.KS,0,-0.0344828342613802,-0.5872147878867313,-0.3720757683531777,-0.2927700218845597,0.4706862221333846,-0.459334940645365,0.0220373528628771,1.925982737458814,-1.0589449436622624,-0.020526801542031,0.3795754401224821,0.6631106240950866,1.106700523981775,0.3388033934575234,0.8681189105259673,-0.2872428823497172,0.9624928377540404,1.6371673246963785,0.1949707201865334,-0.5823301683441592,0.6414051309754769,0.8788247507641588,-0.2196433591839943,-0.2922464485379174,-0.4369241172448026,-0.7734287794790666
2025-10-23,005380.KS,1,0.0019842086250754,-0.5847211986360371,-0.3941539912713224,-0.2927700218845597,0.8870535701931598,-0.4764197332880033,0.0639181211278766,1.3495162057812768,-0.4605208882435327,0.4771405757819552,-1.1893734647966074,0.402952983854409,0.5983139961080067,0.2808329246757122,0.3661715742701464,-0.2872428823497172,-0.2807265961133637,0.4104496528514509,-0.2079217198697618,-0.168660275764445,0.5597562790506537,-0.878824750764159,0.2700256140954298,-0.3650311745664765,-0.4369241172448026,-0.551534934049307
2025-10-24,005380.KS,1,0.0079207394470497,-0.6434685542270002,-0.4019462325603379,-0.2927700218845597,0.3785184138817105,-0.4915260049893812,0.1740054435452651,1.3495168173490155,-0.4686468113624244,0.8917059000901599,-0.0896517712224711,0.3501979101108707,0.5303624146417858,0.2806448667207714,-1.194750304926745,-0.2872428823497172,-0.4364500696860535,0.3881469463382339,-0.2538664939580543,-0.3763174683413908,0.4730506471292062,-0.292941583588053,0.271141469601431,-0.4800322913594128,-0.4369241172448026,-0.4405266202807218
2025-10-27,005380.KS,0,-0.0157170512105654,-0.4303982436152021,-0.4019462669435859,-0.8783100656536796,-1.202889822584744,-0.4929788330520948,0.1652331492717287,1.386760401412717,-0.2303780967555528,0.3853716666763684,0.0893737601271366,0.329328082627443,0.5299754819248472,0.2894145770855938,-0.1006549859871824,-0.2872428823497172,-0.3580933761052993,0.2352052949562902,-0.2396447284420802,0.6137704397548723,0.4013260643149334,-1.464707917940265,-0.5497513344157356,-0.5504290618223164,-0.4369241172448026,-0.5859071444118749
2025-10-28,005380.KS,1,0.0299400798435989,-0.6190959917255715,-0.4019462394309051,-0.2927700218845597,-0.0944350229501676,-0.5026561454020343,0.302286909488383,1.084780770095113,-0.4051839398191251,-1.189192288613089,-0.6234614224590105,0.209780688515788,0.2727955369923512,0.2552737477598145,0.0774546184379933,-0.2872428823497172,-0.6700069732239416,-0.843523293598306,-0.3279327372992993,-0.6982599363416953,0.2823722292232758,0.2929415835880526,-0.4490959010565468,-0.5250631183626624,-0.4369241172448026,-0.5833993656256584
2025-10-29,005380.KS,1,0.0271318505600328,-0.0244272816749664,-0.3993488332198991,0.8783100656536802,0.0860121853218272,-0.4732445663743913,-0.2718249531670922,1.146804427859444,0.5020245396502747,-0.0855348437321735,0.753402000302111,0.3030111992253703,0.5094326830168271,0.293963162984217,-0.6317335707193894,-0.2872428823497172,0.2322913018631122,-0.5199571894090961,0.0938400053715975,1.9466602517308875,0.2529562349785018,0.2929415835880526,-0.3736797811108281,-0.5918100281976931,-0.4369241172448026,-0.6424810175281599
2025-10-30,005380.KS,1,0.0943396543465102,0.4903916633646303,-0.3136335369657058,0.8783100656536802,-0.6324837615190521,-0.2450097055606905,-0.1253746064736864,1.4673678249752458,3.735662087671194,0.0941313951465055,0.6687153786507906,0.3694596905499973,0.7015124583122525,0.3294956163498047,0.7380855703090345,-0.2872428823497172,0.7128696413801857,0.9102266387655704,0.6220018620385256,0.7784470364588981,0.2755375003967407,0.8788247507641588,-0.4463323281998242,-0.4386075776117824,-0.4369241172448026,-0.428198250317774
2025-10-31,005380.KS,1,0.0051723517677402,0.6937792701607196,-0.3499975630006021,0.8783100656536802,0.75531360423144,-0.1689542355461823,-0.3433428549419459,1.7239738045477595,0.2156604855811109,-0.621254925621033,2.695473622569557,0.6769261530440104,1.6020767346200084,0.4998377840094989,0.6538322206962043,-0.2872428823497172,2.561607586710547,1.3016561216123623,2.453239927872791,0.0895076729953216,0.5067079532194764,1.464707917940265,0.5965206646821825,0.1082408476354143,-0.4369241172448026,-0.6179697652480167
2025-11-03,005380.KS,0,-0.0531731894475254,0.0689947889374547,-0.2876592432490266,-0.2927700218845597,0.6699544694769383,-0.4099687196056729,-0.0819741958876753,1.6983217803205797,-1.2733470259316657,0.7605361002300818,0.00649175725404,0.5628351725705293,1.4697541604426618,0.5084606850133072,2.6702212037004784,-0.2872428823497172,1.868863170090868,1.2979281837839425,1.1619534040662938,-0.9111184558894144,0.6228672462258112,-1.464707917940265,0.2650569985185947,0.2757416840508132,-0.4369241172448026,-0.0199171487329011
2025-11-04,005380.KS,0,-0.0271739330856389,-0.1020555057818757,-0.3162309520386388,-0.2927700218845597,2.7128075988621254,-0.4191996335336061,0.1834612757516286,0.9546800967757428,-0.2997547175224047,0.6755463969138469,-1.753010859877082,0.2304126000366802,0.6637784000707893,0.3818202620800541,-0.0050033451519348,-0.2872428823497172,-0.2797498385029321,0.5901774930033373,-0.2099748527295377,-0.4723696730464604,0.4912157644884904,-0.292941583588053,0.8320284338391782,0.0618774341285582,-0.4369241172448026,0.4978313251800472
2025-11-05,005380.KS,1,0.0018622145996203,-0.1388368284872066,-0.3590885938254527,-0.8783100656536796,0.002472000177869,-0.4187497335045447,0.3841569160037628,0.3170897746240954,-0.1949624104750264,2.709558127286176,-0.9689619221283786,0.0798902942836895,0.2281692852473855,0.2991799399219572,-1.755504029382817,-0.2872428823497172,-1.2551427542241862,0.0835690462500968,-0.7357181678978719,-0.249984608737548,0.2889685819424639,-0.292941583588053,0.9825648098543088,-0.086095979424211,-0.4369241172448026,0.7023762900577145
2025-11-06,005380.KS,0,-0.0185874137814016,-0.4440185849346411,-0.3474001380011819,-0.2927700218845597,-1.771003172972484,-0.5016266729278023,0.0845472483313069,0.3057894197865392,-1.1437945683012836,0.010952769088632,-0.0933306951400788,0.0770054346217515,0.1404281006275202,0.2696931902824099,-0.975466427485166,-0.2872428823497172,-1.2827122130479902,-0.1183991746845421,-0.6022249930015088,-0.801285960296965,0.1313626936906241,-0.292941583588053,0.9224988710168704,-0.1406191448657215,-0.4369241172448026,0.0740365314014779
2025-11-07,005380.KS,1,0.0246211995711367,-0.5987980197215442,-0.3824655060794485,-0.8783100656536796,-0.9807279485460292,-0.503861940734756,0.1206832865584241,-0.0034083236387168,-0.2527524830331331,-1.754846863701196,-0.7100217722356623,0.0021107298705989,-0.1662657144175673,0.1985792089176375,-0.1043150878661474,-0.2872428823497172,-1.2813071482740417,-1.92485377067664,-0.5265343469309712,-0.6117019189711906,-0.044821841997475,0.2929415835880526,0.94249232188814,-0.160080762339047,-0.4369241172448026,-0.0979871089610223
2025-11-10,005380.KS,0,-0.0055452204324776,-0.4440185849346411,-0.3681796396017233,-0.2927700218845597,-0.0981431619255017,-0.5009598991714505,0.0215495741427959,-0.0562295838009858,-0.129711922009767,-0.9679919236254,0.5930027038918532,0.13556473356453,-0.0119297130795751,0.1928945623536191,-0.7178510621263384,-0.2872428823497172,-0.1751460010297875,-1.4159922268862175,-0.1672102817155189,0.3587328282031338,-0.1097647089540589,-0.292941583588053,0.931300072024133,-0.5137133172803233,-0.4369241172448026,-0.1349777323300207
2025-11-11,005380.KS,1,0.0241634369056158,-0.3463934253400772,-0.3525950019031953,0.8783100656536802,-0.7197315040421101,-0.5233544835705837,0.2206948283824556,-0.2374670197127811,-0.7231178351869139,-0.0892269340078706,-0.3167136830040256,0.1323863527394335,-0.1689132866525971,0.144145804660829,0.5785069056440623,-0.2872428823497172,-0.1851914986829529,-0.907132301622581,-0.1672061985811106,0.0969453744449313,-0.1805660824950337,-0.878824750764159,-0.337915774171611,-0.6152910852444108,-0.4369241172448026,-0.4418960969107556
2025-11-12,005380.KS,1,0.0108893940280816,-0.4887290721773422,-0.3551925246535755,-0.2927700218845597,0.5936405454904435,-0.4879630633331712,0.1481895653147659,0.2887065621936778,0.9580469662818912,-0.7081250628754981,0.579198142459519,0.282634316419384,-0.0174293977455344,0.134660205859569,-0.3265552080536113,-0.2872428823497172,0.3491163304068953,0.3968195877573766,0.0254314847568703,-0.5341852421678576,-0.1719712135190572,0.8788247507641588,-0.1748108504203178,-0.5250637316720577,-0.4369241172448026,-0.5975562895399608
2025-11-13,005380.KS,0,-0.0215440707294312,-0.5457458370837858,-0.3512963057975494,-0.2927700218845597,-0.3233000779901132,-0.5022375339263371,0.1316719322136815,0.3490106126623578,-0.4859735514943663,0.5995627570003951,0.1788982618437695,0.323181314869631,0.0254703039685597,0.1330631600228462,0.5647729708391176,-0.2872428823497172,0.4593209325255549,0.5346373667337365,0.0464136836501752,-0.3464732298026471,-0.1484187202870245,1.464707917940265,-0.6381509552998281,-0.4400523494316304,-0.4369241172448026,-0.4418960969107556
2025-11-14,005380.KS,0,-0.0036697590378321,-0.3707309600957701,-0.3525950832909825,0.2927700218845601,0.5797263593232234,-0.513773634847262,0.2497514931512721,0.0641686208669232,-0.473995460104636,-0.3134093785812148,-0.7991844662421046,0.2196784852469658,-0.2708751645790308,0.0815750881026805,0.1665210966487024,-0.2872428823497172,-0.3419433521492952,0.4191503371900753,-0.2352695761546374,0.3839501588884475,-0.2055118457722048,0.8788247507641588,-0.7115200256876798,-0.5403786737803103,-0.4369241172448026,-0.3437154105109847
2025-11-17,005380.KS,0,-0.0257826375253634,-0.3299850551217539,-0.344802812945634,0.8783100656536802,0.1762476186978679,-0.5357680194465045,-0.0714105080320581,0.1788197478474649,-0.8144087895643367,0.5857087909586817,-0.2601561609813546,0.2058085957488483,-0.3569432400105597,0.0612427954606109,-0.8065575837003921,-0.2872428823497172,-0.4659652746605023,-0.1650473458945274,-0.2921828428069122,-0.0721480790678217,-0.2604042612735099,-1.464707917940265,-0.7036637814385661,-0.5487503118998653,-0.4369241172448026,-0.4868610049835002
2025-11-18,005380.KS,0,-0.0018903166591558,-0.533577069705939,-0.3616860813552541,-0.2927700218845597,-0.8096022565218394,-0.5254439263869478,0.0856447627350184,-0.287473136565005,0.2343573281216502,0.1839762926293389,-0.9270051910994244,0.079125874553343,-0.6458563552662223,0.0201203602407904,-0.2702870445196943,-0.2872428823497172,-1.099406763302733,-0.6364640519369149,-0.4945682342990775,-0.6788579292491292,-0.369910550776464,0.8788247507641588,-0.6217770017949009,-0.463240012589947,-0.4369241172448026,-0.544202218437667
2025-11-19,005380.KS,0,-0.0075757676158177,-0.5498479296383664,-0.3538937561667898,-0.2927700218845597,-0.2662934215716893,-0.5324757181291424,-0.1260395231723734,-0.5329534662135536,-0.4391554635513455,-0.7976068577885628,-0.2064942451416596,0.0698903513551918,-0.6711274120343473,0.0159141859678074,-0.9337243546634564,-0.2872428823497172,-0.9181544852126748,-1.5250288829671377,-0.4261030783405753,-0.2284390397545036,-0.4429481637577818,1.464707917940265,-0.7958408652827251,-0.4187069829097152,-0.4369241172448026,-0.3681914357232935
2025-11-20,005380.KS,0,-0.0095419519500762,-0.3626642852725045,-0.3668809222340757,-0.2927700218845597,-0.9384380308716116,-0.5225645887919679,0.2610012392291089,-1.82380904043976,0.1875763739407875,-0.2566494450370565,-0.3779480637104038,0.0423873638854614,-0.7681335224135006,-0.0028054955775143,-0.2168996727249948,-0.2872428823497172,-0.788487064959632,-2.179282114781857,-0.4283674671832522,0.4264167580456588,-0.5032652681556353,-1.464707917940265,-0.7923687570326013,-0.4896221196819126,-0.4369241172448026,-0.3272136700024218
2025-11-21,005380.KS,0,-0.0077071391314531,-0.5946959271669635,-0.3980500817189681,-0.8783100656536796,-0.2122053659139179,-0.5183606271345217,0.3153970677559684,-1.989882268836603,-0.0644489765360532,-0.9258850352794264,-0.4372414803080165,0.0049897154063174,-0.8785733144768174,-0.0220500543401906,-0.3874763026182471,-0.2872428823497172,-0.7828963999857897,-2.179282114781857,-0.3687992288344588,-0.7697047310569592,-0.5563894167533984,0.8788247507641588,-1.0844534373128631,-0.5050125366668867,-0.4369241172448026,-0.5319642058315124
2025-11-24,005380.KS,0,0.0,-0.5214083023280927,-0.3798680655129504,-0.8783100656536796,-0.3850207329460391,-0.5102306862377866,0.1656129416333767,-1.5866193539648752,0.0440982424208233,-0.2027954806485111,-0.3819097807630244,-0.0279014082503921,-0.9618850445783014,-0.0350353446616243,-0.4464663633967545,-0.2872428823497172,-0.7019139262231027,-2.179282114781857,-0.3580512922703458,0.075033029990257,-0.5961549361837832,-0.292941583588053,-1.275154062430726,-0.5871525722763326,-0.4369241172448026,-0.5483276535648075
2025-11-25,005380.KS,1,0.0155339392086564,-0.4520852597579067,-0.3824654973566129,0.2927700218845601,-0.4447850102158187,-0.5350803490028877,0.07329750225347,-1.2556579744349627,-0.8584919993325978,-0.3748629086371904,-0.1494887389844721,-0.0152200738537075,-0.9748878904416782,-0.0426895858042326,-0.391417750811515,-0.2872428823497172,-0.5520863324424726,-2.179282114781857,-0.3141660832551919,0.0378059107236689,-0.6044771444252354,-0.292941583588053,-1.3037203378425937,-0.5937118652635932,-0.4369241172448026,-0.3600788582442799
2025-11-26,005380.KS,1,0.0096525158750242,-0.484764489908657,-0.3837642408450662,-0.8783100656536796,-0.3890139107722392,-0.533681061641599,0.0907208785720815,-0.9765677708441428,-0.1421333601465418,-0.434368528143249,0.318961910760045,0.0620711001802383,-0.8263093854480258,-0.0254426270845294,-0.1601858170242346,-0.2872428823497172,-0.0626189119745287,-0.7253985408482423,-0.1270581555828053,-0.2698083572664461,-0.5518774963946803,0.2929415835880526,-1.0811190883587285,-0.6334370488093739,-0.4369241172448026,-0.5934308544128201
2025-11-27,005380.KS,0,0.0,-0.3746955423644551,-0.3746105461988125,-0.8783100656536796,-0.1547471678309379,-0.5465263117809075,-0.0707658652371104,-0.4965003573201431,-0.7158559871364518,-0.3788388041252807,0.1415982333917686,0.1087454925566148,-0.7266023476135114,-0.0122462575272196,0.3058681546619404,-0.2872428823497172,0.1674746124385986,0.0793100502882743,-0.0181057954866381,0.1480698436720427,-0.4773295709932462,0.8788247507641588,-1.2468481358892098,-0.5973576631159916,-0.4369241172448026,-0.5197261932253581
2025-11-28,005380.KS,0,-0.0267686715858868,-0.5173062097735117,-0.3746105461988125,-0.2927700218845597,0.3174235405722432,-0.5214567255017257,0.1713337002653874,-1.0074871020172989,1.2024834383597902,-0.1455859596967962,-0.1494887389844721,0.1753549007788478,-0.6769997615180166,-0.0189672688190815,0.1294119018732376,-0.2872428823497172,0.0679259076098905,0.7417195100646939,-0.0836052474792943,-0.5462774720410017,-0.4169454528894759,0.8788247507641588,-1.2484990924352777,-0.5707606530296141,-0.4369241172448026,-0.4500086743897692
2025-12-01,005380.KS,1,0.0451866954322379,-0.281172475324472,-0.3759218184363532,0.2927700218845601,0.1386513833905944,-0.5164337266585591,-0.0663343921949945,-1.3257925079029944,-0.0411316891602371,0.3245412099051237,-0.9567406168737816,0.1331024266731705,-0.8874387556968157,-0.0632473409757842,-0.1601858170242346,-0.2872428823497172,-0.6862088340054648,-0.3473561965508621,-0.4004964027912933,0.5510096058627069,-0.4376731270056695,-0.878824750764159,-0.9970971976242926,-0.562718431337528,-0.4369241172448026,-0.4828738626316269
2025-12-02,005380.KS,1,0.0018796293467093,-0.3462559150541812,-0.3851005448626766,0.8783100656536802,-0.1547471678309379,-0.4566272947511568,0.1578889253801288,-0.9250541194961648,1.5411292773876175,0.1465427725525201,1.2131879491825306,0.3762465066947921,-0.4174024557409339,-0.0077913039761799,-0.9633076486336468,-0.2872428823497172,0.3273236470838474,0.5669237673304554,0.0581382619664132,-0.3295540862576748,-0.3226369652315893,1.464707917940265,-0.5112132388050644,-0.5182388403464158,-0.4369241172448026,-0.3721785780751665
2025-12-03,005380.KS,1,0.0637899833289141,-0.3870018200281975,-0.3614980616901272,0.8783100656536802,-0.9684095915049584,-0.5245076418424109,-0.0249304669446309,-1.1097381855655368,-1.211929987282243,-0.1455859596967962,-0.0928055257365281,0.3848858740562619,-0.3987159036331143,-0.00529586575882,1.195519171304321,-0.2872428823497172,0.2160106601350878,0.3946012855085707,-0.0002948937574869,-0.279338649422547,-0.2377484930545731,-0.878824750764159,-0.5480345667063574,-0.4837928795387569,-0.4369241172448026,-0.5156007580982173
2025-12-04,005380.KS,1,0.1111110864175362,0.1465220166168021,-0.3444517126471998,0.8783100656536802,1.2187508036783758,-0.3539296780244784,-0.414838814757605,0.2211140293545721,4.629788974497303,-0.955726880015538,1.7741996916339189,0.6393246107557646,0.2389355250787313,0.09161992427709,-0.1037926053240348,-0.2872428823497172,1.545007838620941,0.8950797945329464,1.0225347275028749,1.2232304060389556,-0.0111085918172107,1.464707917940265,-0.0524692567610543,-0.1589474217461753,-0.4369241172448026,-0.2781233268025365
2025-12-05,005380.KS,1,0.0015872425343796,1.6985237506307589,-0.3208491962509877,1.4638501094227998,-0.0976138220485233,-0.1394658470734573,1.119598629195424,1.0922125801033522,1.5391849667720705,1.221967559206118,3.2012428383033216,0.9079232518833392,1.3589113656178966,0.3128496682866194,1.753660676443969,-0.2872428823497172,3.555485352199674,1.2413871123509537,5.1901700615863415,2.3541578159780654,0.4371137954684466,1.464707917940265,0.924333505399308,0.5522376409985418,3.106521893278573,-0.343577117735717
2025-12-08,005380.KS,0,-0.0269413607006229,-0.0449012305895363,-0.2185716058852013,0.8783100656536802,1.7842176506135696,-0.3630050528261205,-0.177815365092171,1.494620091460749,-1.1287723734206248,-0.0886998850959149,-0.1016229152198242,0.7588325837173928,1.2694440833579208,0.3524900525870484,3.173402812857979,-0.2872428823497172,2.290559664626054,1.6371673246965812,1.2914786746587754,-1.5303129760979366,0.6901428724358417,-0.292941583588053,0.9622366898755677,0.6150308781752332,-0.4369241172448026,-0.3845548834565887
2025-12-09,005380.KS,0,-0.0146579490364238,-0.1467659930245769,-0.252664148702532,0.8783100656536802,3.2225932273200524,-0.4402864241751513,0.1211082443580648,1.0448744825567742,-0.8531576305046633,1.7849870848188036,-0.961948331859357,0.5079727194387057,0.8508802033103658,0.3195808469940178,-0.1125648834515925,-0.2872428823497172,0.6331718525418562,1.0778600077759837,0.2790116495602861,-0.3694030980820192,0.7160088490827567,-1.464707917940265,1.170552211039429,0.4465698581541238,-0.4369241172448026,0.1520049204913482
2025-12-10,005380.KS,0,-0.0231405728120477,-0.2649016153920446,-0.261842885282844,0.8783100656536802,-0.1065012321542948,-0.4466503126103311,0.1453498937123969,0.919544039778456,-0.2837997530640702,3.217137420845434,-0.591522511474603,0.3652833666727186,0.61448372134428,0.3020676167985632,-0.9684887200095978,-0.2872428823497172,-0.4736154586283592,0.8369446493924115,-0.3019796524018363,-0.4204666226235005,0.6362872458373338,-0.878824750764159,1.064202113214331,-0.028720706397672,-0.4369241172448026,1.7128381746641754
2025-12-11,005380.KS,1,0.0203046681014047,-0.187511897998593,-0.2631541998414681,0.8783100656536802,-0.9736586619785336,-0.4136384037995337,0.1902795487873498,0.7109065383518725,0.2549336750179548,-0.0975488307923729,-0.8473295264148276,0.2110638143800662,0.3059485505084796,0.2658217736178721,-0.5999580649671135,-0.2872428823497172,-1.337283653866379,0.1693009106916949,-0.7550709303341298,0.0011256887939079,0.4680134219074359,-0.878824750764159,1.195701492019327,-0.2808665642435037,-0.4369241172448026,-0.0405076027315878
2025-12-12,005380.KS,0,-0.0265340545583026,-0.3422913327854963,-0.2762666399075024,0.8783100656536802,-0.6002912173666243,-0.485731410088339,0.2894132612029778,0.903257823201318,-0.9956542394149148,-0.9609532326902483,0.4628308302622858,0.2599357176288679,0.4688037768287232,0.2992828743491583,-0.8544563250572561,-0.2872428823497172,-0.5388212864798498,-1.2431711900890798,-0.3231942639032654,-0.5080230700782451,0.3816102922951222,0.8788247507641588,1.1734264051694168,-0.339372899962879,-0.4369241172448026,-0.1429520170337671
2025-12-15,005380.KS,0,-0.0255536796970318,-0.2690037079466253,-0.2828229450713308,0.8783100656536802,-0.8581296460777432,-0.4889272477790834,0.2026268092688978,0.5763943896395939,-0.2625740173986951,-0.5892017097071344,-0.9496653671553006,0.0981598369620315,0.1159766046492539,0.2515815236541491,0.4490010148101457,-0.2872428823497172,-0.8819922337708974,-1.505788957144736,-0.4962667154254385,0.0058723062359859,0.2102891881599051,0.2929415835880526,1.0659778569112088,-0.4475905810495749,-0.4369241172448026,-0.2617598790692413
2025-12-16,005380.KS,0,0.0,-0.5132041172189311,-0.2828229586409967,0.8783100656536802,0.4624349514340302,-0.4363911687138951,0.1140567847088868,0.2323538491079858,0.8632772962362858,-0.8459242224494095,-0.9201006035376108,-0.0387420178217251,-0.2138387243055315,0.2005634181200711,-0.9562685971694892,-0.2872428823497172,-1.2060553115209824,-1.4853802294433291,-0.5410281226390674,-0.7419961891757725,-0.0009100146177452,0.8788247507641588,-0.7523847733093364,-0.3808325878806791,-0.4369241172448026,-0.1839297827546386
2025-12-17,005380.KS,0,-0.0122376384155662,-0.2241557104180284,-0.3051142373062517,0.8783100656536802,-0.9612781558381992,-0.5015994507568247,0.2021739376601343,0.1798502936567621,-1.0343447608971388,0.4689250163021529,-0.1494887389844721,-0.0485820720645887,-0.2610711736528678,0.1889242734305562,-0.9268550922175764,-0.2872428823497172,-0.8976968580059217,-1.375817298660636,-0.5172709711176219,0.709301411306521,-0.1513123171355155,-0.292941583588053,-0.7647170059042138,-0.3842565260469807,-0.4369241172448026,-0.3395899753838439
2025-12-18,005380.KS,1,0.0212388160780172,-0.2646265948202529,-0.3247829203855178,0.8783100656536802,-0.9314786126232404,-0.4994448328672071,-0.4212456316118358,0.0649985974490921,-0.1493644615805101,-0.9486263089603152,-0.5185341942361483,-0.1090570338580557,-0.4354413931953934,0.1567852632452542,-0.1601858170242346,-0.2872428823497172,-0.9910875612320124,-1.2633304019829246,-0.5497920181532798,-0.266714427328523,-0.2904611622233531,-0.292941583588053,-0.820641924320049,-0.3288306892337653,-0.4369241172448026,-0.2658853141963819
2025-12-19,005380.KS,1,0.0017331471044639,-0.3870018200281975,-0.3116704913063124,0.2927700218845601,-0.1547471678309379,-0.4424094146462057,0.1640625556209024,0.4217379293896655,1.1066323609845443,-0.9189557371570428,0.4910015486308628,-0.0138220431642295,-0.2718867931671821,0.170252605589983,-0.5273431691307556,-0.2872428823497172,-0.1514414585633999,-1.2633377119076623,-0.1546699271957334,-0.4589655268229354,-0.3199188857232682,0.2929415835880526,-0.5927045180061425,-0.5252531491888853,-0.4369241172448026,-0.5114753229710767
2025-12-22,005380.KS,0,-0.0069204850040534,-0.3707309600957701,-0.2985579402564255,0.2927700218845601,-0.52672328555901,-0.5027351009933759,0.1867538189627606,0.1919063304399821,-1.0058399576237749,-0.1455859596967962,-0.0972229307896956,-0.0028153593041803,-0.3175085843773834,0.1507094153803427,0.4770276067000028,-0.2872428823497172,-0.0128863783529262,-0.7617441441328171,-0.0944563629422144,-0.1344383143997736,-0.3333966619628435,-0.878824750764159,-0.6629494135567608,-0.6074252411187551,-0.4369241172448026,-0.2207821133483695
2025-12-23,005380.KS,1,0.0069687118700476,-0.4563248625983834,-0.2985579937872302,0.2927700218845601,0.4908293790126274,-0.500155659099415,0.445371017566343,0.1079023461649642,-0.1384586887777939,-0.5159521774116071,-0.358186974065077,-0.0250060287669993,-0.4504500587837487,0.116978396392496,-0.1081874101358075,-0.2872428823497172,-0.230060467722369,-0.1120390858613301,-0.1890117794272612,-0.3977110656693339,-0.3604929931235783,-0.878824750764159,-0.8313235576885719,-0.6074253084706553,-0.4369241172448026,-0.2614832935187059
2025-12-24,005380.KS,0,-0.0103806730029141,-0.4684936299762298,-0.3024916955144089,0.8783100656536802,-0.1020663065832238,-0.4328588378806516,0.2394074902909617,-0.3076590545133811,1.3555995046979883,0.4971965537618507,0.0606638539641977,0.0167161741183464,-0.4325934216204816,0.1062992372945656,-0.3678163142735327,-0.2872428823497172,-0.0923431345234044,0.1378503556987595,-0.1367686153783399,-0.2118318273607632,-0.3541010685647353,1.464707917940265,-0.9394908493945888,-0.5981085471870975,-0.4369241172448026,-0.3845548834565887
2025-12-26,005380.KS,1,0.0262237941327407,-0.3789351452049319,-0.29462422381672,-0.2927700218845597,-0.3651027166048484,-0.4834766010549159,0.4273029984527844,-1.9875119067464748,-0.8320468024678435,-0.0931330994286593,-0.4625344479757004,-0.020973248292727,-0.5862714100699424,0.0730030370869325,0.0488915973358294,-0.2872428823497172,-0.456069736447403,0.223661265233391,-0.2833732763821464,0.0820469368405096,-0.3763029439382696,-0.878824750764159,-1.1270397109596135,-0.676026010084514,-0.4369241172448026,-0.3681914357232935
2025-12-29,005380.KS,1,0.0102214074777953,0.2360290975430454,-0.3142929860891197,0.8783100656536802,0.0570742881526444,-0.500396705210893,1.5369198831263866,-1.5081676006636335,-0.523071761391734,-0.3550310967947392,0.6413314924609558,0.1154095637427767,-0.3730055454937592,0.0878496029595189,-0.4716299276776088,-0.2872428823497172,0.1805884172695068,0.3650148397947509,0.1193715660310134,1.4222580464986028,-0.3097413285849876,-0.878824750764159,-0.9162894967049534,-0.5909988545616858,2.0828597124607087,-0.4542724022921776
2025-12-30,005380.KS,1,0.0067454311861256,-0.6068646945448102,-0.2972467573828847,-0.2927700218845597,-0.4702788343097382,-0.508220199012764,0.3614242372346315,-1.024015499455356,-0.3815086025304056,0.0653187402141657,0.1587540647216479,0.2057295351486666,-0.3418230931590172,0.0656443960673589,0.6265884354096751,-0.2872428823497172,0.3242762736470839,0.5467482918382907,-0.0174486544294623,-1.4697920235252917,-0.2353923002669106,0.8788247507641588,-1.0127672177298264,-0.5035723891712091,-0.4369241172448026,-0.4665104148983319
2026-01-02,005380.KS,1,0.0201006000946246,-0.3912414228686741,-0.2749554260615696,-0.2927700218845597,0.6423531224660246,-0.4712819720974788,0.5361360709337755,-0.7070989178555954,0.7508495870822853,-0.4597520158317091,0.053930469723814,0.2582647828200789,-0.3294505026028276,0.0518855157864886,0.1464799608741782,-0.2872428823497172,0.2906387325464056,0.9829172790231824,0.0299186322409944,0.5785700221777212,-0.1696506345053128,-0.292941583588053,-1.1001777618326922,-0.4640482044197476,-0.4369241172448026,-0.3764423059775751
2026-01-05,005380.KS,1,0.0114941351459925,-0.4072372622293098,-0.2670878398322325,-0.8783100656536796,0.1559434525481298,-0.4332210847782665,0.0728446306447069,-0.019680269782108,0.444296946002798,0.6480645075960516,0.4566768348665188,0.3807527999675727,-0.1855502990203897,0.0535448441913904,0.0421926623042922,-0.2872428823497172,0.5619107224463006,1.1046381954592817,0.1369534045718073,-0.2193351668846567,-0.0725817987350896,-0.292941583588053,-1.0347595979064763,-0.3746872120785226,-0.4369241172448026,0.2420213330582961
2026-01-06,005380.KS,1,0.1379870038546986,-0.0652741830765444,-0.2264391295733311,0.2927700218845601,0.0502874327849195,-0.2011223700117402,0.0457633096880058,-0.1367332428158435,2.704772652072324,0.1637600022216064,0.1971351923355989,0.419477980592303,-0.1067399245697186,0.0634077242391976,0.4428785043653425,-0.2872428823497172,0.4649729031559877,1.637167324696022,0.2176781135121165,0.741661363318541,0.014098023648329,0.2929415835880526,-1.1293902056483904,-0.4224173594624046,-0.4369241172448026,-0.6056688670189746
2026-01-07,005380.KS,0,-0.028530600079957,1.3311552711306864,-0.2369291497536888,0.8783100656536802,0.4562320859515851,0.2978259115777539,-0.1487037832779336,1.442523120320723,2.2107902312329824,0.0585612581261375,3.2799399175535657,0.9079232518833392,1.3178210995774045,0.308908969728872,0.1846647237131909,-0.2872428823497172,3.259486745417881,1.6371673246965588,4.187534089941846,2.50329276770728,0.4788377062874995,1.464707917940265,1.0638581480866631,0.4776219730417934,-0.4369241172448026,-0.3888186113589971
2026-01-08,005380.KS,1,0.0748898580596311,0.5981415124560827,-0.1136714226732798,0.8783100656536802,0.1946293722382311,-0.2342913993197568,0.4669782681226406,1.306711018022562,-1.3084649563537996,0.4627489966110006,-1.0098743736603806,0.6540221846582708,0.9175874757983216,0.2828446668742361,3.255957501319405,-0.2872428823497172,1.503873503398251,1.0408484500059831,1.3789916492851693,-0.8266578915221289,0.6308902454967399,-1.464707917940265,1.2259879964869884,0.5441587995385406,-0.4369241172448026,-0.4049054735417569
2026-01-09,005380.KS,1,0.0027322249157428,0.2642451081265827,-0.1451414737462366,0.8783100656536802,3.247920263226486,-0.2285355480064545,0.5053093351571785,1.5737633291925377,-0.1696129608435401,0.2022784905642263,2.1089340729033847,0.8284486686173781,1.6827381675765576,0.4583103144699178,-1.0161695635322747,-0.2872428823497172,2.448104055841009,1.2010025774149722,1.7866239300481794,-0.5895546473959375,0.9317581466784316,0.8788247507641588,1.4071525361381776,0.7332272978244289,-0.4369241172448026,-0.0609964855920236
2026-01-12,005380.KS,1,0.1062670288032865,1.1722966026419228,-0.055976368997444,0.8783100656536802,-1.0219652938948116,-0.237170849869803,1.519682904064999,1.738087637687186,-0.2450870699672983,3.242354842200024,-0.0670941499600303,0.6630036035650132,1.5834124528913622,0.4999163694950428,2.0866824962143764,-0.2872428823497172,1.4115696557424042,1.1745681433802992,1.7596853335393994,1.189691417627683,1.0633031693281707,0.2929415835880526,1.4412406724592577,0.5843467238041892,2.5159475581913435,1.343379219321626
2026-01-13,005380.KS,1,0.0135468376861682,1.0094276341790338,-0.0625326287961445,0.8783100656536802,2.121610223378923,0.0379665690325833,-0.2193975599105692,1.9157110099242356,1.2694765700611363,-1.0090507951430414,3.055162574545717,0.9037894103231572,2.6701803395533097,0.7823269600632916,-0.0782127735857551,-0.2872428823497172,2.819917925050706,1.3137401141389224,3.1635968883432293,-0.3308766672034771,1.4585659941447768,1.464707917940265,1.723951238347229,0.6284306191673511,-0.4369241172448026,0.6061943146717395
2026-01-14,005380.KS,1,0.0255163727053366,0.5046184454160992,0.0056525037784205,0.8783100656536802,-0.0716982671847818,-0.2559074974019704,0.021563075760945,1.9359175308662957,-1.0699641056750364,2.120919433979785,0.2590377030742594,0.7155847015088903,2.614742405888133,0.8791581117385575,3.028069922090668,-0.2872428823497172,2.2194728901023963,1.1660018083931225,1.906187337898661,-0.6877884469643049,1.6605388540007249,0.2929415835880526,1.754094505951015,0.9017303307170704,-0.4369241172448026,0.2703979042010196
2026-01-15,005380.KS,0,-0.021327042521803,0.6919396000678573,0.0135199824249553,0.8783100656536802,3.0753529114836478,-0.2555729244955983,-0.0321881099709656,2.042671694626608,-0.1982090822229891,-0.0628964918740918,0.6199980738824942,0.6130727155246551,2.684162041764472,0.9868954727112148,0.2462505300362965,-0.2872428823497172,1.7010271810045228,1.6371673246966605,1.64369143238656,0.066466545024762,1.7767520730839843,0.8788247507641588,1.6918605947787215,0.6971273858417042,-0.4369241172448026,1.1836165804941556
2026-01-16,005380.KS,1,0.1622276025361837,0.4689943521297355,0.0581025098981472,0.8783100656536802,0.2570234629783111,-0.2866368102330355,0.1159631049910406,1.7384031289662871,-0.3754546999172619,3.070534356098872,-0.7926396353714109,0.3418420437941811,2.13550415537411,0.9377039651134028,0.6053641624503824,-0.2872428823497172,0.3673807570213934,1.108735237801552,0.3248744702775019,-0.4392996008388213,1.6342787389534503,-1.464707917940265,1.06986316556893,0.4326897720962244,-0.4369241172448026,1.0198208214570614
2026-01-19,005380.KS,0,-0.0020833215744642,2.74944816074299,0.0410562371684079,1.4638501094227998,0.6208502910186835,0.0975196427262813,1.0182970700188203,2.035694942944122,2.1987273338483795,0.2644025417971374,3.2799399175535657,0.8114908371802063,3.28687606374042,1.4079332001832063,-0.8000462373654803,3.716426904383123,3.2764502657596792,1.3749681859707563,5.1901700615863415,2.8496091138111046,2.0918861727755025,1.464707917940265,1.9830315398979168,0.9320889583067394,2.668512594755544,0.5121390633991091
2026-01-20,005380.KS,1,0.1461376839421655,1.172357678639035,0.2351215071562835,0.8783100656536802,-0.8030054518631634,0.0122117973212433,0.50137582698883,1.9945140778471449,-0.4303877817260082,0.6266547396734433,-0.2123146154138513,0.5443015521342771,3.28687606374042,1.431712678517702,3.255957501319405,-0.2872428823497172,2.1593427267467544,1.226796194811362,2.633358202169924,-1.080579292401729,2.217943018230607,0.8788247507641588,2.095929067832633,1.198902615310539,-0.4369241172448026,0.7005261514949047
2026-01-21,005380.KS,0,-0.0364297844884869,2.8198858327464564,0.1669363064368784,1.4638501094227998,3.247920263226486,0.3052837698300213,1.3142631523612502,2.051762696552607,0.7051694036464736,-0.7910386038765647,3.2799399175535657,0.8830211560996515,3.28687606374042,1.556155266258708,-0.2226902649325592,-0.2872428823497172,3.555485352199674,1.3948528322350375,5.1901700615863415,2.0256521421455584,2.8330937513203254,1.464707917940265,2.547171632903626,2.2709062435075205,3.50023811667006,0.476312254554441
2026-01-22,005380.KS,0,-0.0359168592071219,2.8198858327464564,0.4763918287826735,1.4638501094227998,-0.218071956890125,0.2314117212470364,0.5245542750804978,1.7512998839973335,-0.3526728476564846,3.242354842200024,-1.248086846293566,0.4267880047456397,3.28687606374042,1.556155266258708,3.255957501319405,3.158990127999765,1.980413311159277,0.9515782171896576,4.486028991427431,-0.3814585222503295,2.817581131932296,-1.464707917940265,2.837516438221513,2.166439752236595,2.122231334799858,2.759985837723474
2026-01-23,005380.KS,0,-0.0343136870351826,2.810620336477985,0.3295315836135555,1.4638501094227998,3.247920263226486,-0.0399106402911647,1.103607493349969,1.4267372270287209,-0.8115505771915875,-0.2086366812180758,-1.232618768422375,0.092485578729431,2.871694215642651,1.556155266258708,-1.2531632981688434,3.2097963040244357,-0.2362165057680903,0.7746932511845472,-0.1392030340465793,-0.3208142006845064,2.411007622391783,-1.464707917940265,3.119408276137418,0.939147129057107,2.0139593733671988,1.1836780040384955
2026-01-26,005380.KS,0,-0.008121845399333,1.5196908023332127,0.248234030900239,1.4638501094227998,-1.2620694585811605,-0.1634846123708769,0.4206601454535555,1.158349792151068,-0.6187006000003332,3.242354842200024,-1.184272561094695,-0.1602682303371151,2.0529085240402147,1.4599662497035824,-1.2377743577753333,-0.2872428823497172,-1.3408237618807288,-0.0839762628211482,-1.6344216156702418,-0.905546508136486,1.7899701348054042,-0.878824750764159,3.3462062379170736,0.7953048454079802,-0.4369241172448026,2.759985837723474
2026-01-27,005380.KS,1,0.008188349911389,1.7854481812295258,0.1800489177714057,1.4638501094227998,-1.2464785456641667,-0.0717378763666379,0.5139464503034172,0.9003998274645059,0.2030765972089012,-1.2481157971533734,-0.3944159080261716,-0.2528348038616853,1.6246312115637311,1.2795786221759025,-1.1896754983686548,-0.2872428823497172,-1.6614691840523026,-0.1321444808803237,-2.239955508457359,0.0423811878948387,1.1975960265105403,-0.292941583588053,3.286880510447124,0.6522376935776409,-0.4369241172448026,2.759985837723474
2026-01-28,005380.KS,1,0.0720812260018795,1.2376625635044731,0.2639690518155028,0.8783100656536802,-1.1977484116042234,-0.2951399546688164,0.6513546560957805,1.0738228035180464,-1.0043287065395603,-1.2325923611783545,0.0974439794201493,-0.2602009245545451,1.4235832247605702,1.1500565454261749,-0.403859894470791,3.5897692542934503,-0.8320649175333135,-1.942602429537352,-0.8791312049308999,-0.5901870843408948,0.7312205355752555,-0.292941583588053,1.944765536587734,0.1882781237054459,-0.4369241172448026,2.759985837723474
2026-01-29,005380.KS,0,-0.0530303007702859,2.1922196795402096,0.2534790473426521,1.4638501094227998,-0.4016193516493967,0.0343072767048219,0.942559202316294,1.121947824783302,1.9186868478398773,-1.1840731294848008,2.024235304955726,-0.0081230567152496,1.9563164951689456,1.1857401570893469,0.0854835490327918,5.1597207973470205,1.1768249855377644,-0.2949100631460652,2.1932152736718,0.7003005155361217,0.6808832196352039,1.464707917940265,2.2051910657496867,0.1668179932619942,2.0238022789519863,1.5329875942639413
2026-01-30,005380.KS,0,-0.0440000025202264,1.1563082638423363,0.29281660314391,0.8783100656536802,0.0941464918120178,-0.2366214364273338,0.53789833938649,0.7231119703777629,-1.0068295041787876,-0.3913896890821302,-1.7487018244936616,-0.2719509405178258,0.9889977722719888,0.8930329896139304,2.002417062447852,-0.2872428823497172,-0.2864628249598491,-0.4854641280863872,-0.223946966652546,-0.8662778529395015,0.2584025830225344,-1.464707917940265,0.6620034429544969,0.1355048830467479,-0.4369241172448026,1.800257240574429
2026-02-02,005380.KS,1,0.0282426825121069,0.6519116059370891,0.2141414944527621,0.8783100656536802,2.036238845871957,-0.2795936100291449,0.2504756703896208,0.1989037141264554,-0.4292564590742574,0.1022304966342717,-1.4763788144827934,-0.4441823300199787,0.2405861576374484,0.6475524109008909,-1.751217039802005,-0.2872428823497172,-1.3720548743904402,-0.5669851552298598,-1.217060367713837,-0.6563896323547931,-0.3160267446448666,0.2929415835880526,0.7082568536271057,0.2915917068521196,-0.4369241172448026,1.2493545002201596
2026-02-03,005380.KS,1,0.0254323018287729,0.532591966432622,0.2167640037795574,0.8783100656536802,-1.7666599186923724,-0.3220920500829059,0.4307451513832702,0.2570495714217281,-0.4592379942166176,2.035917540897304,0.7022142833855333,-0.2822345646282012,0.3245723961813859,0.5564832030569393,-1.480287283452394,-0.2872428823497172,-0.6384757501080731,-0.2154777736206611,-0.522077948735161,-0.3203830113181057,-0.6006510526768857,-0.878824750764159,0.7810763111706155,0.274537804512265,-0.4369241172448026,2.2093434339068074
2026-02-04,005380.KS,0,-0.030753951511392,0.5597100663200012,0.2561014947416788,0.8783100656536802,-1.4921743381484145,-0.3864047114051655,0.4685639236197009,0.2711359359364759,-0.6570785684830515,-1.7505224068782057,0.6174627828515552,-0.1642580165763206,0.4195305439001101,0.5149166180263067,0.6871597389892801,-0.2872428823497172,-0.0604534200344514,-0.0742452556180968,-0.0214828588276153,-0.1424278564547113,-0.6974697058600068,1.464707917940265,0.7250159017426139,0.2668039599900093,-0.4369241172448026,1.167537261553684
2026-02-05,005380.KS,0,-0.0429887564236594,0.2180220077390274,0.2311877348185872,0.8783100656536802,0.7037193955966063,-0.3924301864617191,0.4773883038082011,0.1961860505440452,-0.2571979527697264,-1.4772247906112466,-1.076923073199886,-0.2535456891902158,-0.1043434226041327,0.3514054130893818,0.6028418424258636,-0.2872428823497172,-0.4934085094040408,-1.0948270676862093,-0.3633327595300966,-0.6080787355614099,-0.9495483546184048,0.2929415835880526,0.8326013104007185,-0.1870327710757906,-0.4369241172448026,0.6602703818215341
2026-02-06,005380.KS,1,0.0224599351371865,0.5163211065001948,0.1708701359502492,0.8783100656536802,0.6182948667434913,-0.3506108322665364,0.7547259668753559,-0.6317279259886835,0.2089728005359825,0.7091651895791959,-1.4458830796517703,-0.3966989262117347,-0.6822472068428775,0.2070036304175204,-1.0828752298256648,-0.2872428823497172,-1.3399727573195566,-1.0049906362476693,-1.1179500784457497,0.2858840309531881,-1.3386087026265514,-1.464707917940265,0.9869631488942754,0.0145981917067086,-0.4369241172448026,0.540271765110703
2026-02-09,005380.KS,1,0.0052301288320755,0.1746330479192212,0.2088964874445098,0.8783100656536802,-1.0895464403322137,-0.4076952729863107,0.4168782682299127,-0.508465710151939,-0.6563278178843696,0.6241103751877872,0.5278263365355634,-0.2241366569719441,-0.572766557616235,0.161495449563218,-1.4499475703038736,-0.2872428823497172,-0.7291113521198282,-0.2710573950426123,-0.5212110031182998,-0.6185893014003604,-1.4757969568897102,-0.292941583588053,0.3428877112534305,0.0145981917067086,-0.4369241172448026,0.5675441779995286
2026-02-10,005380.KS,1,0.0593131740572983,0.1583621879867941,0.2482340443142077,0.8783100656536802,-1.4614364306947845,-0.3827769335409009,0.3941870048880548,-1.4185852649913102,0.0653470248938062,-1.0763394526722567,0.0082341165464671,-0.1642292500332524,-0.5987859357403025,0.1261603202301305,0.5136639923445669,-0.2872428823497172,-0.4565252883126836,-0.6096134406216162,-0.3317772898182359,-0.2031641444299149,-1.5245624221319607,0.2929415835880526,0.1091559276139332,0.0013165999351024,-0.4369241172448026,0.2239117756003307
2026-02-11,005380.KS,0,-0.0058938764314137,0.299376307401164,0.1997176801479434,0.2927700218845601,0.5279465997940315,-0.2098016113958783,0.3828413732171262,-0.7571099626362366,1.4087619573761685,-1.4466199157778814,1.6391943859029638,0.1372968612200832,-0.0934567514742285,0.1660191270705005,-0.0032699000840651,-0.2872428823497172,1.1476924260845571,-0.1487352185774252,0.8578438210486059,0.0509310680965549,-1.252492402550224,0.8788247507641588,0.2681095649140761,0.1070565570741571,-0.4369241172448026,0.523908317377408
2026-02-12,005380.KS,0,-0.0138339759765394,0.2071747677840759,0.2823265824120778,-0.2927700218845597,0.0042281958878052,-0.3833541339296792,0.531595210680418,-0.5537224900346199,-1.0584002258321616,0.534153132471411,-0.3272279593279547,0.1427442836038993,-0.2495456151694359,0.1153046094650275,1.6193460822195125,-0.2872428823497172,0.7611630002435088,0.2387740292815336,0.5225658670073714,-0.3128096915301512,-1.1053111209907174,-0.292941583588053,0.230395698835702,0.2613514328995845,-0.4369241172448026,0.1802759149782103
2026-02-13,005380.KS,1,0.0280560790770263,-0.1941731105491311,0.2495453100975874,0.2927700218845601,1.6481402412216977,-0.4496170774266249,0.1798806288816175,-0.4032039991057201,-0.8182349325119389,0.0127013640431381,-0.5666742929969804,0.1697599323004179,-0.4890875913172995,0.0352141779137516,-0.3370156914425136,-0.2872428823497172,-0.0122675095479465,0.896110699695338,-0.0723997832885079,-0.804728448939364,-1.0816773900594443,-0.292941583588053,0.1875887572827057,0.0460199287739318,-0.4369241172448026,0.1639124672449153
2026-02-19,005380.KS,0,-0.0077972883124928,0.1475149480318424,0.2613465334146974,0.2927700218845601,-0.3338978502483519,-0.3637059390124941,-0.0369469986072494,-0.1567984911734399,1.0112087085153516,1.649498613836533,0.6965869599337106,0.29607760072121,-0.2308018896934041,0.0676615102524749,-0.575236974459207,-0.2872428823497172,0.3787133156108433,0.9432684202383932,0.2343042035906685,0.5578471287968952,-0.9247811878061128,-0.292941583588053,0.109552547521212,-0.0427611457292657,-0.4369241172448026,0.3057290142668064
2026-02-20,005380.KS,1,0.0275049423547704,0.8456433115325239,0.2928165512173854,0.8783100656536802,-0.5752456743034761,-0.4377761107817641,1.1446627211477756,-0.2682519555557827,-0.828057735757067,-0.3239612840407911,-0.3846283727353964,0.2512684513665956,-0.3463956399966058,0.049339426301748,0.6815612059397154,-0.2872428823497172,-0.1691916591435907,0.6914986630149804,-0.1027954920330291,0.9606949033510138,-0.8702951672894789,-1.464707917940265,-0.2985918949999296,-0.4620558058962425,1.9253732231041143,0.2130028104448006
2026-02-23,005380.KS,1,0.0019120350629511,0.375306987085825,0.3137966196438321,0.2927700218845601,0.6980473844635018,-0.3426193742810814,0.0727274408783993,-0.5754234052365109,1.0292159115668589,-0.5642645629043583,0.6799665552719631,0.4543335651937148,-0.0259628206423986,0.0750088154287533,-0.3941224339767729,-0.2872428823497172,0.4510519777522058,0.3650184657354827,0.3620007800350226,-0.6898782939569248,-0.7013424304932904,0.8788247507641588,-0.2759996744514998,-0.259180868900099,-0.4369241172448026,-0.1906289003098126
2026-02-24,005380.KS,1,0.0916030167206682,0.6356407460046619,0.3085515978738429,0.2927700218845601,-0.3917540916176583,-0.4107760094644984,0.3664532385813399,-0.0678092406795044,-0.726416760440624,0.7035177267177766,-0.0918282798090803,0.4752312205331799,0.0004398321166447,0.075872023964146,0.6650258342674522,-0.2872428823497172,0.3028983689131492,0.5876435034105594,0.3170687045708517,0.1881488315363069,-0.597812889519793,-0.878824750764159,-0.2645798100006025,-0.1766307183842369,-0.4369241172448026,0.153003502089385
2026-02-25,005380.KS,1,0.0693591013277561,2.6491054264427683,0.3426440956723298,1.4638501094227998,0.6812949939024795,-0.1104480294069261,1.5648797057241612,0.9625558465253332,3.05772159001661,-0.3815671255609982,2.612945961251907,0.7857567076808843,0.9309256488816956,0.2396012296704684,-0.1028203591631006,-0.2872428823497172,2.074581882522629,1.4487002275901726,4.195218033779349,2.2606394686985265,-0.0703519303898206,1.464707917940265,0.3302283144660538,0.6480164763995042,2.811234725734959,0.8551044994993017
2026-02-26,005380.KS,1,0.1067323401621449,2.618082320171607,0.4515298113774134,0.8783100656536802,-0.0966288156191399,-0.2522601783112363,1.397796369983615,1.148283228764852,-0.7527725073752178,0.6868378399345535,1.9421453047857715,0.8956556748613326,1.6067921595395087,0.4054141452236384,2.588115768790656,-0.2872428823497172,3.0188070590597627,1.4940591914614745,5.1901700615863415,-0.1953729437813248,0.6120703012772004,-0.292941583588053,0.5009495935217804,1.6180074640450577,2.90966378158283,0.3820917703555171
2026-02-27,005380.KS,0,-0.1172106130340695,2.8198858327464564,0.4989420830318435,1.4638501094227998,2.629624569169532,-0.0873246589200438,0.9545099343430036,1.414894552665253,0.7215232913584765,-0.0877191417409283,3.0691947788348424,0.9079232518833392,2.69521530209873,0.7008489704736296,1.920747049532316,3.5282293791086388,3.555485352199674,1.637167324696715,5.1901700615863415,0.5473721476159815,1.6099596799650195,1.464707917940265,0.7699500750024854,2.834028211039806,4.336885091376967,0.6439069340882392
2026-03-03,005380.KS,0,-0.1579832140087371,1.991545740373605,0.6622511916760379,0.2927700218845601,1.9534969528802324,-0.1541018868338403,0.4546970404663429,0.4806164668776156,-0.4481102200499815,2.6267351109229957,-2.6155589853821524,0.2962503070829294,0.973023982644995,0.4623605309599392,3.042030335090469,-0.2872428823497172,-0.2143851141241474,0.3392000672538413,-0.118201619877038,-1.010132859383544,1.305752312255842,-0.878824750764159,2.617958268586446,2.3452781631981536,-0.4369241172448026,2.668829046257735
2026-03-04,005380.KS,1,0.093812327264773,1.7257883614772929,0.4146536605245544,0.2927700218845601,3.089496548264316,-0.0307412868743634,0.5694139829168487,-0.2350672111463324,0.3300362282161746,1.953533752010321,-2.6155589853821524,-0.4995830290984108,-0.8889089578970836,0.1838215341751093,-2.6136392030267053,-0.2872428823497172,-2.256570635605031,-0.3925455708019199,-2.5280906018819045,-0.3648408852351186,0.0478549940652334,-1.464707917940265,3.4653267565230323,2.7347709514183918,-0.4369241172448026,2.637629405912919
2026-03-05,005380.KS,1,0.0091241661336118,0.9935996645180636,0.4278236744256944,0.2927700218845601,-2.640400962630117,-0.2783221878029045,-0.105020788632822,-0.0083122067200188,-1.0247463473663252,3.084616779699566,2.6795712354963537,-0.1184279591662695,0.0032565287937753,0.3173799753800802,-2.6136392030267053,-0.2872428823497172,-2.0755153641490542,-0.3974882722999653,-2.159331558037617,-0.7402524391877044,-0.3284880303485931,0.2929415835880526,3.4653267565230323,2.868911171477437,-0.4369241172448026,2.759985837723474
2026-03-06,005380.KS,0,-0.0831826804525065,0.8742800250135959,0.3409012646628886,-0.2927700218845597,-2.640400962630117,-0.4004484147978864,0.4912551869615588,0.0059107246217784,-0.941629011334866,-2.620481929231141,0.1256650063891135,-0.0939080286412837,0.0221781088252693,0.3114967148851344,2.6544001761092058,-0.2872428823497172,-1.3132026359384583,-0.63954188953339,-1.2743525356339584,-0.298690797532815,-0.5530369735020775,-0.292941583588053,3.4653267565230323,2.854594744497763,-0.4369241172448026,2.007527578529501
2026-03-09,005380.KS,1,0.0355029289289992,0.9230926048108776,0.2671487603387585,0.2927700218845601,2.6967789278084053,-0.363083556597197,-0.1340151806807534,-0.4966634411687202,0.181796610452856,-2.620481929231141,-2.6155589853821524,-0.4829373989298738,-0.9085478583053236,0.1676516925363262,0.1135601921351582,-0.2872428823497172,-2.0362805014019827,-1.44697422550935,-2.0570902752338505,-0.1246460600957712,-1.1808694749999338,-0.878824750764159,3.4653267565230323,1.3742140168514163,-0.4369241172448026,1.7402579322190137
2026-03-10,005380.KS,1,0.0095237719709844,0.5000502465677676,0.3567052573450409,0.2927700218845601,0.1225916275014834,-0.4356188949256218,-0.0306438699011775,-0.3645307805451662,-0.8132744645412306,2.693598827776789,0.9211585643959296,-0.333935307230659,-0.5744440742537562,0.2144212629190126,-2.6136392030267053,-0.2872428823497172,-0.3661017363193264,-0.9071324916277896,-0.2859626428670203,-0.6219798065096992,-1.3843702950863912,0.2929415835880526,3.4653267565230323,0.5500184120391801,-0.4369241172448026,1.0039027842207326
2026-03-11,005380.KS,0,-0.0169810894215545,0.5705573062749525,0.3883133922856042,0.2927700218845601,-2.640400962630117,-0.4192526094596995,-0.2096527251536137,-0.288286963909607,0.008156731958284,0.1305525227418551,0.1377157561470723,-0.293825082269715,-0.5186788022626899,0.2144225466420267,0.904983861548443,-0.2872428823497172,-0.4075113255693828,0.1862850573571317,-0.325652309110068,-0.0852131202930839,-1.4385650464926258,-0.292941583588053,3.461113299654699,0.2778018292938105,-0.4369241172448026,0.8839041675099011
2026-03-12,005380.KS,0,-0.0076775369464533,0.6193698860722348,0.3198290455894791,0.2927700218845601,0.9244023561643518,-0.4496977273439611,0.205093143705905,-0.432677874339868,-0.5478592152105339,-2.620481929231141,-0.6615805056668138,-0.3577538651160932,-0.7495784841407099,0.1625696536116763,0.1255492880827375,-0.2872428823497172,-0.601954439891438,-0.8918049695513187,-0.5044621246817111,-0.1159479220488907,-1.5335630176127164,-0.292941583588053,2.967486188573812,0.1801956725499847,-0.4369241172448026,0.9329945107097865
2026-03-13,005380.KS,0,-0.0212766086526784,1.1077126288441537,0.2618807073560077,0.8783100656536802,0.1347380746312037,-0.4718205418535835,1.3714745045070598,-0.4327919151781703,-0.5122157155361758,0.9288930417832258,-0.3810170797803084,-0.382200755560235,-0.8669391062518269,0.132648561264558,-0.6696576298187235,-0.2872428823497172,-0.4325982626276144,-1.1088157284299542,-0.3897492229357399,0.4192229598771131,-1.595678009075693,0.2929415835880526,1.3073474387448651,-0.2664795759177826,2.56516208611528,0.507544869644113
2026-03-16,005380.KS,1,0.0316205898655377,1.6611388113457812,0.2855868315230594,1.4638501094227998,-0.6709055558568855,-0.4269037338304012,0.6872572772055653,-0.5927288422923924,0.5641873482841886,0.1426464004606287,-0.7911187218128338,-0.4663604796051512,-1.1072033209051226,0.0880657249790506,-0.3905296170481188,-0.2872428823497172,-1.019997685139794,-0.3116585712632364,-1.25706758357767,0.359463453602687,-1.7006153555439878,-0.878824750764159,0.360994819835368,-0.2456104734596512,1.8761586951801783,0.5784531431550585
2026-03-17,005380.KS,1,0.044061235573912,1.8650669224988703,0.3303651482158091,1.4638501094227998,-0.3881141206756065,-0.4270338580667754,0.8329856128899426,-0.496315605843323,-0.2016607217706398,-0.6595104317369458,0.8040804535331314,-0.3297266823604882,-0.8099469728638111,0.1280246419758722,-0.7985331050751252,-0.2872428823497172,-0.117063010861488,-0.3982716670043272,0.0245005066465758,-0.0168419246057209,-1.5524678132282062,1.464707917940265,0.5261803880327459,-0.2642569453612888,2.6143766140392155,0.6275434863549442
2026-03-18,005380.KS,0,-0.0422017732989502,2.1792029915942672,0.351437184086572,0.8783100656536802,-0.801472460431163,-0.4740594242226587,0.9244061916428076,-0.6589870552386881,-0.7647215634589506,-0.3779429082896489,1.179247916663262,-0.1390593460799228,-0.4030841939593878,0.181086106082948,0.788504743428146,-0.2872428823497172,0.9647205748694804,0.1832821858583974,1.8339167679477928,0.0536898286509205,-1.1798858663733438,-0.292941583588053,-0.2501526285688062,0.0397359882487848,3.9923833959094166,1.118665097656909
2026-03-19,005380.KS,0,-0.0095785660469687,1.752038682168275,0.3119270374253197,0.8783100656536802,0.8063945050177206,-0.4922018151510369,1.23003229634281,-1.0905321312027525,-0.5153786267041864,-0.7895122471794547,-1.4221503515165572,-0.3308132257913843,-0.8723418727439849,0.10710345510325,1.1617527821160685,-0.2872428823497172,-0.2911565369628751,-0.2462748722246745,-0.2355810673619073,-0.4623880934457112,-1.144801967412998,-1.464707917940265,-0.0283289507916972,0.0389562489388214,3.549452644593996,1.675240499892054
2026-03-20,005380.KS,0,-0.0618955612316151,0.6844533258019442,0.3277311015745606,0.8783100656536802,1.1845412466917646,-0.460657531516638,-1.021495702495648,-1.733789015421667,0.462423198766716,0.8113959246113622,-0.4383456366490903,-0.3727763700856394,-0.9747751883236327,0.0910152042288667,-1.4263362630884888,-0.2872428823497172,-0.5617188639528563,-0.2710573950426033,-0.4772549915730227,-0.9910477715252132,-1.1401690945403014,-0.878824750764159,-0.0389432759706347,0.0389562489388214,-0.4369241172448026,1.88032904481602
2026-03-23,005380.KS,1,0.0144330103585812,1.9412145469826307,0.2566126618154847,0.8783100656536802,-1.437515236302045,-0.3980806506981662,0.9391807253298392,-1.4842625776088887,0.764395537177211,1.187906060021128,-2.016047857427135,-0.6537723870262376,-1.5741419301242634,0.0127747285792575,-0.4475648706747369,-0.2872428823497172,-2.0806030469938106,-0.6758324455139254,-2.5280906018819045,1.3063209962666331,-1.423106017105705,0.2929415835880526,0.3822922313697353,0.4432456620270998,3.155736421202509,2.196252675720172
2026-03-24,005380.KS,1,0.0182926996418444,1.449834577023325,0.2776848150031534,0.8783100656536802,-0.4458979348793601,-0.4569084399111703,1.0165831458403989,-0.6067743381016327,-0.7935016509696912,-1.4228022515026273,0.2857616498209005,-0.5992856329236617,-1.413201484412841,0.0433610715081865,-2.01719528218707,-0.2872428823497172,-1.3843486604345472,-0.907132744968788,-1.6551593526490709,-0.5296423569062737,-1.477354263622602,-1.464707917940265,0.4457146181761804,0.5925272924034586,2.4175185023434724,1.7666576278953965
2026-03-25,005380.KS,0,-0.0219561005702946,1.4207639739440547,0.280318852805034,1.4638501094227998,-2.0361289990060043,-0.4546181629869299,0.8373725904693673,-1.1667447358549925,-0.1658821298853477,-0.4354766361066175,0.4021567205283375,-0.5242882308452939,-1.2197400513976775,0.0758358511999187,0.2728377522489127,-0.2872428823497172,-0.4042831630517711,-1.3758181630230104,-0.3777896911475191,-0.2017775119437735,-1.36214840528245,0.8788247507641588,0.4661747376599784,0.129344653369943,2.466733030267408,0.6929972772881249
2026-03-26,005380.KS,1,0.0102041051467127,0.5163211065001948,0.2460766298897029,-0.2927700218845597,0.2839596298372367,-0.4713666883972017,-0.3546246853932631,-1.369806820602156,-0.4457277317777725,-2.018825234157584,-0.8116098815906491,-0.5976288590463684,-1.3626089002755375,0.0602736704283191,0.3886373247705411,-0.2872428823497172,-0.6676570248943549,-1.225169287320816,-0.5441048030392952,-0.9517963603371178,-1.3443265303889398,0.2929415835880526,0.3381940264742752,-0.0516706514980904,-0.4369241172448026,1.956909980207842
2026-03-27,005380.KS,0,-0.0515151866533273,0.6356407460046619,0.1841772874812412,0.2927700218845601,0.4012790166724176,-0.4490839295137026,0.0197811597473969,-0.7024025781512615,0.1774589772004257,0.2912221298400674,0.1582322854016157,-0.475342053093894,-1.1597902709585235,0.0740078450024024,-0.8189194283817856,-0.2872428823497172,-0.1317855714668568,-0.9270086780456694,-0.0788347872804956,-0.0229905705264962,-1.2251479164221428,1.464707917940265,-0.0293479525863761,-0.4205115226634036,-0.4369241172448026,1.4627338586623275
2026-03-30,005380.KS,0,-0.0511181690291957,0.2342928676714548,0.1736411783058518,-0.2927700218845597,-0.8221263445352207,-0.4727446272509602,-0.6786055008853477,-1.4047138557625647,-0.5323377082371809,0.4080337623506553,-1.7030111479052772,-0.4122919197888907,-1.4809636007485272,-0.0555731364843697,0.145960851071305,-0.2872428823497172,-1.4244989439799771,-0.7854477547574062,-1.0338073193596231,-0.6630740200558807,-1.3518258248096102,-0.878824750764159,0.0650162396271159,-0.0884428887418831,-0.4369241172448026,1.433497832045507
2026-03-31,005380.KS,1,0.0942760833717153,1.3125085191936388,0.1499350897624112,0.8783100656536802,0.1554175296759893,-0.4355985630136883,0.5477312201679609,-1.75018356635996,0.4374511710707468,-0.8100767419740694,-1.6910384498351816,-0.5511837970185753,-1.5815319864759392,-0.1117604486277681,-1.7057601249601566,-0.2872428823497172,-2.256570635605031,-1.4620962087956368,-2.5280906018819045,1.4783041264465402,-1.6079870363611937,-0.292941583588053,0.2181780594456848,0.5108095507637931,1.777729639332307,0.523908317377408
2026-04-01,005380.KS,0,-0.0451282309956834,1.369781946155783,0.1828602759130434,1.4638501094227998,-1.720606403463129,-0.4691289355787894,-0.0657396905365841,-0.925532086225804,-0.6267039309741304,0.1632363555258076,2.6935565386897014,-0.1535109653392468,-0.9597192119030152,0.0080923272785994,-1.6938486813739206,-0.2872428823497172,0.3224939421531845,-0.5106948299407558,0.5434440267037142,-0.126028944357282,-1.26666295302988,0.2929415835880526,1.1209565659331902,0.3768213730711328,1.9745877510280505,0.6439069340882392
2026-04-02,005380.KS,1,0.0118152595093319,0.8959745049234993,0.2539786684434543,0.8783100656536802,-1.708538627845062,-0.4287368816013371,-0.795843694818281,-1.1088945145421218,0.4703857235836791,-1.7046682096998929,-1.510402339056237,-0.3299691028114795,-1.333128161959399,-0.0407603724281094,2.668313927967699,-0.2872428823497172,-0.6941950374385659,-0.6655848559571524,-0.6441148463456736,-0.5908186782920075,-1.2076427327871282,0.2929415835880526,1.2643864586733211,0.3307111837095786,-0.4369241172448026,0.2402752233336259
2026-04-03,005380.KS,0,-0.0042462809664193,0.1041259882120363,0.1920793062622593,0.2927700218845601,2.7108752910424787,-0.5047150903504981,-0.582797944553058,-0.9223425421119232,-1.122674138417986,-1.6926526630051404,0.2068192083880962,-0.2188191304317018,-1.139545215905088,-0.0224417044917919,-1.514136737534406,-0.2872428823497172,-0.0761423948909716,-0.6559095872878948,-0.0774689710318169,-1.0202443249343935,-1.0503457409549106,-0.292941583588053,1.2380215177459075,0.0838065404767138,-0.4369241172448026,1.324626359793317
2026-04-06,005380.KS,1,0.0085287775184821,0.9821015901658142,0.1762752158279258,0.2927700218845601,-1.5264680502160086,-0.516706626098733,0.0869472992392951,-1.178620191899837,-0.4942816534399891,2.7076341824291936,-0.2775420969252851,-0.237597505541531,-1.1439987115335817,-0.0170936447284674,0.1942991945920348,-0.2872428823497172,-0.1909390733343875,-0.2810479363187395,-0.1196495698787586,1.2992452853886172,-0.9126411669505328,-1.464707917940265,1.216002754374699,0.0831142385456145,1.6300860555604997,1.382225695814516
2026-04-07,005380.KS,1,0.0739957434914841,0.1366677080768908,0.1960303255460629,0.2927700218845601,0.2043902909650791,-0.4996439726490889,-0.6067498336361304,-1.503513475094658,0.2988395011054056,-1.5113700806568855,0.1077101154975233,-0.1744921754234605,-1.0083541646899967,0.0010108608488539,-0.2875840308779571,-0.2872428823497172,-0.2814601868769151,0.4239908924419797,-0.2122957406795724,-1.042760266643482,-0.7323471106793831,-0.292941583588053,1.2114708629397417,-0.280769896714871,-0.4369241172448026,0.9057220978209616
2026-04-08,005380.KS,0,-0.0364172781686312,1.279315964931487,0.2566126542707718,0.2927700218845601,-0.2838174226492309,-0.4332932630656304,0.2241033798834168,-0.68337258320671,1.323860199900366,0.2119971643660943,2.0819706256561434,0.1955843195412986,-0.2479337024402587,0.0967109574488063,0.0956971617054186,-0.2872428823497172,1.5487070068140203,0.3000164800815639,2.013260279435723,1.699629790945725,-0.2224904393632265,0.2929415835880526,1.3839259834534148,0.2143078412469671,2.6143766140392155,0.1093676414672648
2026-04-09,005380.KS,0,0.0,0.2901229770406567,0.2829528737969357,-0.2927700218845597,0.1044941532932448,-0.4672512835117324,-0.7173529787875124,-0.8417472149996874,-0.6253175593345922,-0.2740976028326707,-1.2477096983220417,0.0413578379194748,-0.6052258896467032,0.0448112975094899,2.05985699882894,-0.2872428823497172,0.1643926780027622,0.433518636895205,0.118987618358292,-1.0715295700021017,-0.0688107799395142,-1.464707917940265,1.23218374822821,0.1712188125860649,-0.4369241172448026,0.99233928115587
2026-04-10,005380.KS,0,-0.0224719230715259,1.3885510610403349,0.2513446836240068,0.8783100656536802,2.0944326540988607,-0.4872191412665383,1.0666347151131377,-0.4333465254663229,-0.5259944804776712,0.1125333737877909,-0.1494887389844721,0.0649301996748492,-0.576285299680719,0.045163817580032,-1.2527880797543998,-0.2872428823497172,-0.054212003892156,0.3222568495232109,0.0695941594325862,1.448698900228406,0.0390539312345715,-1.464707917940265,0.4505900964821637,0.1121589479593709,3.201595413131631,0.142094536933855
2026-04-13,005380.KS,1,0.0271682441334237,0.9258351390298074,0.1947133262584374,0.8783100656536802,-1.2616893156034856,-0.507161019356096,0.4938192863082771,-0.6888316757370465,-0.5962434787850486,2.093859488297204,-0.8271653297360866,-0.0309950323902827,-0.7812652734827531,0.0179980146104189,-0.1601858170242346,-0.2872428823497172,-0.8027667472151837,-0.0064129632906867,-0.7642017099337746,-0.5782748048275586,0.0020307127059661,-0.292941583588053,0.2340115983934831,-0.006166717131096,2.4689700542639508,1.2912449264173949
2026-04-14,005380.KS,1,0.0335706575933445,0.6714605825612218,0.2368575919797274,0.8783100656536802,-0.1547471678309379,-0.4911957243755285,0.1390697480375027,-0.6298689542488727,0.2048708399903815,-1.247737299421605,0.6698128847548442,0.13337198221615,-0.4720205072379326,0.052250508785767,-0.834395292047453,-0.2872428823497172,-0.2637594297297989,0.1844546610219571,-0.1989356906725785,-0.4442883296257837,0.1166016028951452,-0.292941583588053,0.2919864192815172,-0.1622135785386312,1.6837746314775206,0.2964230286986247
2026-04-15,005380.KS,1,0.0511811847664436,1.0244320064961336,0.2829528115272379,0.8783100656536802,-0.8378053215509766,-0.4811424975649522,-0.1282050035776896,-0.2546313000003007,0.0086331638084561,-0.1455859596967962,0.862887848223324,0.3862423625042809,-0.0786423981193493,0.0817006908389004,0.6549241117609791,2.72821100170608,0.6854186593823177,-0.2710573950426427,0.8435963768446902,0.2422967977424504,0.3548607810886836,0.8788247507641588,0.3449663623494298,-0.1622135785386312,1.5786345036400211,1.401101614585194
2026-04-16,005380.KS,1,0.0074906301045445,1.4032740977236051,0.3356332354776896,0.8783100656536802,0.6710606910926206,-0.4069985661373901,-0.5043726067189747,-0.0157760255774767,1.181468619713927,-0.8256878609094201,1.3939613116745355,0.6175243712668795,0.4644073631872051,0.1610461145661864,0.8470112688750169,-0.2872428823497172,1.634628859216125,1.0058748550061167,2.231300725515001,0.2035604279335717,0.7524454822510402,1.464707917940265,0.5031223542657205,0.4475907135322562,2.0238022789519863,0.935752651062208
2026-04-17,005380.KS,0,-0.0204461079240707,0.7106590747223672,0.3804114968859262,0.8783100656536802,0.8656689007846116,-0.4973466925107381,-0.2600894893503099,0.4305751547669059,-1.158653537074656,0.67664783083992,0.0764031286439472,0.6055588071196883,0.5252917302918222,0.1825726802095779,1.3753676646523647,-0.2872428823497172,1.2824728196602644,1.0416928236488427,1.2651117493982822,-0.7742587448458343,1.0066237656159205,1.464707917940265,0.0086655019640956,0.6908540162452207,1.6323230795570425,0.6799306000618052
2026-04-20,005380.KS,1,0.0360531295745791,0.8632632969343482,0.3435352579253692,0.2927700218845601,1.4009597229633128,-0.4848025805781777,0.0283691726094187,0.6750631383075726,0.0799281716425302,0.8704137828050509,-0.7660736511000061,0.4447327900604818,0.2422637749737003,0.1547718449439088,0.0645503470460869,-0.2872428823497172,0.127560291204745,1.0416928236488427,0.2007388899125552,0.0005945335557558,1.004767653765646,-1.464707917940265,-0.1910096853802635,0.3330585695303655,2.0238022789519863,1.034910574746157
2026-04-21,005380.KS,0,-0.0091575874346415,1.5967610191939925,0.3461692719700827,0.8783100656536802,0.0729385515053425,-0.4722529338473689,0.9000264944624495,0.4472777450029537,0.042814489192625,1.403387884472265,0.9377507401763115,0.5470999179463399,0.5828040230598204,0.2201034260281391,-0.773616169463572,2.465997620483837,0.5509394171804843,1.0883966534251293,0.9213267533072688,0.6158427197874726,1.1408663458449184,0.8788247507641588,-0.1353082458238088,0.0476854970721432,3.08638867730969,1.415908431326449
2026-04-22,005380.KS,0,-0.0166358175107484,1.3351506901474783,0.3619732548889096,0.8783100656536802,-0.7762285018905292,-0.4947856622925835,0.535185982406058,0.8436646553189524,-0.5850583588625377,0.0811143435734807,-0.4256503568604773,0.4411873346368548,0.4309177876236093,0.2128281202881257,0.921491148763392,3.1870844188450054,-0.0695524665583883,0.6977319732527549,0.0449573878351363,-0.3874219637225407,1.1129347381847083,-1.464707917940265,-0.2892782386124835,-0.3512250150567885,2.8626862776554365,0.7193521475624721
2026-04-23,005380.KS,0,-0.0357142857142857,2.1070356694950405,0.3804114261504831,0.8783100656536802,0.9411262936729148,-0.456105781210063,0.6283649999587941,0.5641640851885054,0.6371650554780557,-0.7643775436346457,-0.6511682819041844,0.3152756671638916,0.194100733450664,0.1871786060053375,-0.4349345422284488,5.1597207973470205,-0.5222843075251415,-0.3505679013666011,-0.6129451209154104,0.5057580836168295,0.940871759516711,-0.878824750764159,-0.1411727131246896,-0.3360805638523219,3.8134214761860137,0.8728247497738157
2026-04-24,005380.KS,1,0.0214425079984172,1.6755982399038165,0.322463078868095,0.8783100656536802,-0.4331018393793642,-0.4404282957384205,0.783059871500362,0.1999171157065738,0.0325999948950199,0.945544598657835,-1.2265098424722027,0.122231503847116,-0.2238094506692308,0.1309273344063384,-0.6592986768718013,3.3837444547616884,-1.2688426346906412,-1.0282899092387023,-1.6130843816011275,-0.4714115945481087,0.5849423957643983,-1.464707917940265,0.0328649786940649,-0.0359827552825788,2.8626862776554365,1.610496371958087
2026-04-27,005380.KS,1,0.0591602856957471,0.3165919734732846,0.3092930172004107,-0.8783100656536796,-0.6604106465793887,-0.4740877759442993,-0.6583784926493209,0.2823649377044399,-0.6432534686896103,-0.4227359216736668,0.4971442025435248,0.2089917031569543,-0.0531165068512328,0.1509025046167007,-1.231696686192708,-0.2872428823497172,-0.6526664644165345,-0.3619256007548783,-0.4945923030930935,-1.2401746703566825,0.4317193181928625,0.2929415835880526,-0.3364064726546336,-0.0168445690149788,-0.4369241172448026,1.347397373895226
2026-04-28,005380.KS,1,0.00180177206843,1.872254949911572,0.3435351968008731,0.2927700218845601,-1.24032110753264,-0.2871412675591184,0.1496658438288949,0.2359805557653327,3.0495379711904693,-0.6490609440706218,1.634583794130653,0.4679648437223285,0.4675848615042972,0.2140978594971277,0.4831388336867752,3.8426178719006137,0.8972838052695057,-0.0420710670923326,1.5507152142717404,2.0868838096843434,0.6129646602887843,0.8788247507641588,0.198504499336661,0.1401272030920882,2.0238022789519863,2.123674692249915
2026-04-29,005380.KS,0,-0.0449639650596807,1.3062583741504463,0.4278236572672951,0.8783100656536802,0.4970208129470216,-0.4694125657502615,0.494892896879691,0.6435403134154762,-1.3211300755919388,-1.2264615722300871,-0.0951534358260037,0.4166894936666151,0.4113450114301583,0.2160172857848696,1.614759079066713,-0.2872428823497172,0.7852736421128395,0.1320890049518426,1.095797714951015,-0.5921009151006322,0.6920333723807711,-0.292941583588053,0.0971939008946873,0.3061551316996104,2.135653478779113,1.6897822084707856
2026-04-30,005380.KS,1,0.0150659004672402,1.2097294781683507,0.4041176137499918,0.8783100656536802,1.6434930358341566,-0.4492516677871537,0.7384618831768697,0.1259482592522408,0.1354246478256381,0.5033611913803041,-1.5054486384257828,0.1826882778865696,-0.1693822016286902,0.1250222952854438,-0.1061285030818006,-0.2872428823497172,-0.5227547533420368,-0.292990664581367,-0.5046783260415241,-0.2635072837788807,0.4405242161276365,-1.464707917940265,0.2531920912088593,0.3093555168839174,2.5271326781740564,0.3230426444704302
2026-05-04,005380.KS,1,0.0204081751410936,0.2808696466801496,0.3751434209591287,-0.8783100656536796,-0.0999803773533762,-0.4826949519961398,0.0481787662050702,0.425418128188029,-0.6703087851057172,1.6448715213961906,0.3048474579109024,0.2510179006840629,-0.0787911356776093,0.1275736366089449,-1.5092083809302963,-0.2872428823497172,-0.374015714382882,0.3817571123917527,-0.2816658892969989,-1.0406168347720637,0.324697289703388,-0.878824750764159,0.2837085710837974,0.0412929365342895,-0.4369241172448026,1.8875579750238705
2026-05-06,005380.KS,1,0.0400000228110124,2.5913029080423957,0.3751434376663174,-0.8783100656536796,-1.5214750112754616,-0.388223965702947,1.3037217717181302,0.4039770094231808,1.5885595985583745,-0.0910561980297254,0.4659522497132104,0.3452091496080781,0.0570442906745537,0.1346991863540085,0.2918259139005971,3.7770645265950527,-0.0728446996808503,0.3817571123917527,0.1593853514241625,3.2631569683396204,0.3291764869715265,-0.292941583588053,0.2759218631166503,-0.1482445333797869,4.412205689340532,1.3183406488865466
2026-05-07,005380.KS,1,0.0716782313745072,2.661842422922318,0.464700010514385,0.8783100656536802,0.303197002079581,-0.3439847751224811,1.4020958413613236,0.4619188511006275,0.2231111401399279,-1.5063986514194174,1.0567755848241571,0.5089311250275806,0.3900489849571864,0.1760787287013441,0.4521064645158837,3.2526377641505664,0.8826167839534566,0.2131202530185149,1.9651298625223568,-0.1350789350547982,0.5182129806194661,1.464707917940265,0.0929500277737135,0.1275929776450594,4.412205689340532,1.221262464284409
2026-05-08,005380.KS,1,0.0538336392756688,2.8198858327464564,0.4936740547087574,1.4638501094227998,0.4655811586901635,-0.0120786249106207,-0.3639653856991748,0.6050118642970579,2.377815348403912,0.310376243388232,2.0120823608441074,0.721343191089587,1.0836650569660935,0.3087590741527724,1.0399070408273938,2.9904243829283232,2.350719437682443,0.7454742204806316,5.1901700615863415,0.2246839773752771,1.0021773540973016,1.464707917940265,0.4562366464074724,1.0752017719324038,3.981198275926704,0.2871170431304432
2026-05-11,005380.KS,0,0.0,2.4434804146137474,0.6016687521377837,-0.2927700218845597,1.061096338000107,-0.2889513724965298,-0.339544114691182,0.8321784929459816,-1.0919630133820284,0.4720576068800587,1.4739502971838854,0.80264539485114,1.5479869862415945,0.4246104438729775,1.990326294991368,4.694811360872905,2.731572507393537,1.637167324696715,5.132202579673623,-0.6280252895744879,1.5629917208438455,0.2929415835880526,0.4114963597919698,1.732513909714305,2.806760677741873,2.6106976080531514
2026-05-12,005380.KS,0,0.0,2.4246419899047487,0.7122974151314336,-0.2927700218845597,2.023989392843134,-0.0306473082592042,0.0123716307897264,1.0362841838391883,1.4257178945958746,1.064995416704768,-0.1494887389844721,0.6483417034993632,1.3690176441942874,0.4319291584623143,1.4549474120774384,-0.2872428823497172,1.626246318470271,1.637167324696715,3.149595712141039,-0.1888280243741118,1.8080190699201315,0.8788247507641588,0.4212727651355277,1.658448311691321,2.806760677741873,2.6816385214199485
2025-05-12,005930.KS,0,-0.0121528363669013,-0.820245886830356,-0.9111120486818568,-0.2927700218845597,2.023989392843134,1.161991470160527,0.6818260041508302,1.0362841838391883,1.4257178945958746,1.064995416704768,-0.1494887389844721,-4.373842476746265,1.3690176441942874,-1.0910738457420508,1.4549474120774384,-0.2872428823497172,1.626246318470271,1.637167324696715,3.149595712141039,-0.1888280243741118,-0.0639991524041028,0.8788247507641588,0.4212727651355277,1.658448311691321,-0.4369241172448026,2.6816385214199485
2025-05-13,005930.KS,1,0.0087873092645782,-0.8381379602136669,-0.910496345772881,0.8783100656536802,2.023989392843134,1.3233024873843775,0.6568738042942373,1.0362841838391883,-0.0308609312334219,1.064995416704768,-0.5159768535472777,-4.373842476746265,1.3690176441942874,-0.962599463132958,1.4549474120774384,-0.2872428823497172,1.626246318470271,1.637167324696715,3.149595712141039,-0.2701006988748056,-0.0709209466657091,-0.878824750764159,0.4212727651355277,1.658448311691321,-0.4369241172448026,2.6816385214199485
2025-05-14,005930.KS,0,-0.0017420699114713,-0.8704032665413313,-0.9110159313590028,-0.8783100656536796,2.023989392843134,0.8291566033935717,0.6314592348876341,1.0362841838391883,-0.6745730291933794,1.064995416704768,0.1155065515986012,-4.373842476746265,1.3690176441942874,-0.6768852200470222,-0.5247989122583341,-0.2872428823497172,1.626246318470271,1.637167324696715,3.149595712141039,-0.3518398480024612,-0.0699366713134499,-0.292941583588053,0.4212727651355277,1.658448311691321,-0.4369241172448026,2.6816385214199485
2025-05-15,005930.KS,0,-0.0087260356955645,-0.9086325973300992,-0.9111120486818568,0.2927700218845601,-0.52414563652522,0.9050225348068334,0.636892210092574,1.0362841838391883,-0.1016945400427574,1.064995416704768,-0.2020236286198287,-4.373842476746265,1.3690176441942874,0.4554968413579498,0.1034537098324978,-0.2872428823497172,1.626246318470271,1.637167324696715,3.149595712141039,-0.4011580825739362,-0.0699679546614085,0.8788247507641588,0.4212727651355277,1.658448311691321,-0.4369241172448026,-0.8202642849460858
2025-05-16,005930.KS,0,-0.0176056293671497,-0.944565679690983,-0.9111120486818568,0.2927700218845601,0.112352502425376,0.5939009074791072,0.6651099946403538,1.0362841838391883,-0.583025387905204,-0.5133856843553541,-0.4126362276139585,-4.373842476746265,1.3690176441942874,-5.015797281857149,-0.2124519286840346,-0.2872428823497172,-0.467192572206878,-1.1191605481622593,-0.234441149232909,-0.4104417465984964,-0.0745758880399294,-1.464707917940265,0.4212727651355277,-0.7232922732904803,-0.4369241172448026,-0.8382581714932005
2025-05-19,005930.KS,1,0.0017921641031604,-0.9612351610632208,-0.9111120486818568,-0.2927700218845597,-0.2076992473478254,0.5280202039265108,0.6026978711837625,1.0362841838391883,-0.3026903847286594,0.1203577122515778,-0.6804145013053726,-4.373842476746265,1.3690176441942874,-2.3165156611484194,-0.4219869956156195,-0.2872428823497172,-0.7867360336334125,-1.4977756083900935,-0.2790682765139015,-0.2975994571830926,-0.0867308088270644,-0.878824750764159,0.4212727651355277,-0.7153975931855264,-0.4369241172448026,-0.8707070805173179
2025-05-20,005930.KS,0,-0.0035778448819744,-0.9026685728689956,-0.9111120486818568,-0.2927700218845597,-0.4199843623752643,0.4465199608512825,0.6256271377629011,1.0362841838391883,-0.3345650790902936,-0.1983088644106423,-0.0954431793039982,-4.373842476746265,1.3690176441942874,-1.9361504236782607,-0.6883952673369074,-0.2872428823497172,-0.6388353346842098,-1.1384297600561033,-0.2680588496891434,0.2694642184977616,-0.0920499668449342,0.2929415835880526,0.4212727651355277,-0.7087140662799386,-0.4369241172448026,-0.9091539517238068
2025-05-21,005930.KS,0,-0.0179533877345541,-0.9158192138022762,-0.9111120486818568,0.2927700218845601,-0.6898891159556296,0.3012150153869327,0.6268697891766336,1.0362841838391883,-0.4588839769875744,-0.4096752166648548,-0.2573843433854492,-4.373842476746265,1.3690176441942874,-1.7820223212538198,-0.106416764179876,-0.2872428823497172,-0.5707728150861441,-1.978410891590632,-0.2544031290138116,-0.2611116717076502,-0.0957083399882824,-0.292941583588053,-1.2852162077712033,-0.7112493325600442,-0.4369241172448026,-0.9452915079163144
2025-05-22,005930.KS,0,-0.0091407295622055,-0.9480845201299404,-0.9111120486818568,-0.2927700218845597,-0.1002724217412631,1.1438707666048775,0.6406201643337713,1.0362841838391883,1.5483399612422004,-0.6784118316318537,-0.6909017081224245,-4.373842476746265,1.3690176441942874,-1.69398515561562,-0.2675294080427978,-0.2872428823497172,-0.8168379822170748,-2.0429770594795373,-0.2868746584798433,-0.390969599922437,-0.1059723208964056,-0.292941583588053,-1.2262034489028617,-0.7092963339705488,-0.4369241172448026,-0.962055845407299
2025-05-23,005930.KS,1,0.0092250532794297,-0.9421204956688368,-0.9111120486818568,-0.2927700218845597,-0.2634995924276015,0.691241404276512,0.6293550920040983,1.0362841838391883,-0.6799679397923526,-0.091346978459413,-0.4251419808980202,-4.373842476746265,1.3690176441942874,-1.6414141316684243,-0.6988288197114145,-0.2872428823497172,-0.8117562433315144,-2.0429768659683045,-0.2876593859883636,-0.1335672815375281,-0.1147986761485402,-0.878824750764159,-1.3582194978120814,-0.7083540568171485,-0.4369241172448026,-0.9031559895414354
2025-05-26,005930.KS,0,-0.0146252690400253,-0.8691806745302583,-0.9111120486818568,-0.2927700218845597,-0.700459603742718,0.6521840273624265,0.6135817835695061,1.0362841838391883,-0.256260442093379,-0.2538677074906864,0.1287074187723764,-4.373842476746265,1.3690176441942874,-1.6118012812335527,-0.4344287672091546,-0.2872428823497172,-0.4441358462044311,-1.1836871824028403,-0.2372386411631333,0.3458976511438409,-0.1122572933018142,-0.878824750764159,-1.224321151517946,-0.7103735935375699,-0.4369241172448026,-0.9163814629623084
2025-05-27,005930.KS,1,0.0371058925981735,-0.9289698547355564,-0.9111120486818568,-0.8783100656536796,-0.4325894263034949,0.9388846564016492,0.628112440590366,1.0362841838391883,0.2252242435243913,-0.6889365707065448,-0.5905369941926782,-4.373842476746265,1.3690176441942874,-1.5874618826225573,0.1165870389876498,-0.2872428823497172,-0.6523566397419603,-1.543210579520673,-0.2655628447558574,-0.5264037421435606,-0.1154687648711051,-0.292941583588053,-1.1980518181346504,-0.7127008165835629,-0.4369241172448026,-0.948830371986426
2025-05-28,005930.KS,1,0.0035777026584982,-0.9098551893411724,-0.9111120486818568,-0.2927700218845597,0.125658200279306,1.3993756913442943,0.6351871891288312,1.0362841838391883,0.3540261006844172,-0.4222257263041995,0.9694984839910268,-4.373842476746265,1.3690176441942874,-1.5832925747282047,-0.5989775897694446,-0.2872428823497172,0.3612014829087073,-0.1915475708001769,-0.0975202958175016,-0.0454788414976758,-0.0943132160933658,1.464707917940265,-0.716664980553874,-0.7083898503319987,-0.4369241172448026,-0.9428324098040544
2025-05-29,005930.KS,1,0.001782580454027,-0.840583144235813,-0.9111120486818568,-0.8783100656536796,-0.5992978738983128,0.882101015023424,0.6534637623667516,-1.0592616374533654,-0.6776841796153172,0.1336058234967698,-0.0415974235586834,-4.373799122658771,1.3690176441942874,-1.574634181519435,0.9530764653917124,0.1301366619628162,0.3168376289499195,0.3968208775893,-0.0855409990595156,0.2741632047780448,-0.0767237580391252,-1.464707917940265,-0.7146817798766442,-0.6957449053675346,-0.4369241172448026,-0.8694775314611878
2025-05-30,005930.KS,1,0.0106761681625571,-0.9063363489022151,-0.9111120486818568,0.2927700218845601,0.9731261525595918,2.382468815354648,0.6988419639991549,-1.015464478503319,1.6755057339336794,-0.5882126653956412,-0.0957321894902206,-4.347434411661888,1.3690176441942874,-1.5707688366562371,-0.0528464930376886,-0.2872428823497172,0.1594144847752154,0.789066044537341,-0.1309503600710206,-0.5352162479824751,-0.063251255361369,1.464707917940265,-0.7200512918715458,-0.6946548074089633,-0.4369241172448026,-0.9296069363831814
2025-06-02,005930.KS,1,0.0176056293671496,-0.9063363489022151,-0.9111120486818568,-0.8783100656536796,-0.0459990662690573,0.8746126589032565,0.6988419639991549,-0.535532592819699,-1.1301435381743672,0.9774059632412738,0.1724680966483477,-4.307182761651119,1.3690176441942874,-1.574886779154339,-0.1067042957378324,-0.2872428823497172,0.2474056582480046,0.8119882917855717,-0.1159085168304033,-0.1771455361644376,-0.0481230421803572,0.2929415835880526,-0.8311472487329659,-0.689769883336326,-0.4369241172448026,-0.910383500779937
2025-06-04,005930.KS,1,0.0224912820156606,-0.8465471686969168,-0.9111120486818568,0.2927700218845601,-0.1005637270141639,1.640387916302459,0.7234762515420363,-0.3571865863434181,0.7621246726055481,-0.0373085162277413,0.3814370233364249,-4.243962471776551,1.3690176441942874,-1.5903281478045854,0.1601238293387757,-0.2872428823497172,0.3502309022438095,1.637167324691917,-0.0805524254357465,0.2085350446132004,-0.0288310096020002,0.8788247507641588,-0.8817610791115298,-0.7079973448235437,-0.4369241172448026,-0.8407172696054602
2025-06-05,005930.KS,1,0.0118443227641515,-0.7713110991304538,-0.9094571929323716,-0.8783100656536796,0.1697663902971225,2.048838406055762,0.6521578633228015,0.0584288410685454,0.1360619721097953,-0.0916370229729791,0.5287716515256242,-4.129611471013588,1.3690176441942874,-1.6310555273309704,0.3680236332884347,-0.2872428823497172,0.6694680506827553,1.6371673246908278,0.0170735574198918,0.2384385445638316,-0.0050542185123358,-0.292941583588053,-0.8377654619413079,-0.6812454066444819,-0.4369241172448026,-0.9068446367098254
2025-06-09,005930.KS,0,-0.0100333899027285,-0.6639759095277212,-0.9034820232947826,-0.2927700218845597,0.3803947802937503,1.635833116209094,0.6451872264677857,0.4109141571115817,-0.4871806160349342,0.1775231147651496,0.2076956570738471,-3.87888408640536,1.3690176441942874,-1.7512971138465017,0.5146044709325517,-0.2872428823497172,0.6379598451576524,1.6371673246916478,0.0563801628286393,0.3249549663752553,0.0142198614805716,-0.292941583588053,-1.0956136378419516,-0.6673663951191106,-0.2078005033818669,-0.9068446367098254
2025-06-10,005930.KS,1,0.0118243149100289,-0.8321739357525633,-0.9045211748157392,-0.2927700218845597,0.5288994217161797,1.149685919327986,0.5476963705552115,0.5750475398890499,-0.6010298197438639,0.3872399122382578,-0.452061573597733,0.501076183362851,-0.0383693501366079,0.0574686384793748,0.1951711592081498,-0.2872428823497172,0.0491943931998343,1.0919623259880715,-0.1384516410379598,-0.822883538412678,0.0166284136171818,-1.464707917940265,-1.1704127361455188,-0.6836113592211689,-0.4369241172448026,-0.8467152317878318
2025-06-11,005930.KS,0,-0.0066777815921782,-0.7378232007917163,-0.9058201265350886,-0.8783100656536796,0.2052736997020629,0.9582241451226442,0.6009475645656656,0.6901623297002999,-0.4024007389130284,0.5351018306126174,0.207092288402332,0.526750025361917,0.0683977864223847,0.0788570023611893,-0.4612106344148413,-0.2872428823497172,0.0840804633084933,1.1046413830699042,-0.1152397204508365,0.326620548686429,0.0210106125138497,-0.292941583588053,-1.1790169718172092,-0.7042554289102205,-0.4369241172448026,-0.7710510384309838
2025-06-12,005930.KS,0,-0.0201680892346219,-0.7844617400637343,-0.9053005441267784,-0.2927700218845597,-0.4597227927784493,1.426352975738168,0.6338180424546631,0.60903982941214,0.3561307916770583,0.2128767497400459,-0.3508678665636925,0.4613646902811316,-0.0303390322609988,0.0716337529401524,0.1945708774796391,-0.2872428823497172,-0.2695115421573697,0.6056962763002067,-0.2042740119485404,-0.3813932833060393,0.0153293405219345,-0.292941583588053,-1.0981429183529183,-0.7232922732904803,-0.4369241172448026,-0.6631050680089017
2025-06-13,005930.KS,0,-0.0188679000848621,-0.8418057362468863,-0.9040015973511688,-0.8783100656536796,0.2046655395613673,1.7596680144919523,0.5734288522755263,0.5309785199618561,0.103500723687446,-0.4492416604899127,-0.7576895552203972,0.3476342270628821,-0.2593227103240736,0.0433476337353667,-0.3605346526468947,-0.2872428823497172,-0.7649457408507103,-0.6951068645248598,-0.3043065783282831,-0.4527709766851262,-0.0044531092446634,-0.878824750764159,-0.8699750645775238,-0.7149692485141391,-0.4369241172448026,-0.8322602093108289
2025-06-16,005930.KS,1,0.0157341438740317,-0.6938759522191045,-0.909716974737495,0.2927700218845601,-0.3577254866326144,1.928523752414053,0.6426537146831437,0.3135191039395261,-0.0682160316305765,0.2122712216957993,-0.7184802829415183,0.2514617729281288,-0.4603714843687544,0.0173802870664308,-0.7652749681314348,-0.2872428823497172,-1.0480673264194988,-1.511403178418349,-0.416730375370037,0.6307726918091279,-0.0311837426139037,-1.464707917940265,-0.8298928170886488,-0.6910230060603597,-0.1628743045852128,-0.7373725803507362
2025-06-17,005930.KS,1,0.0292599549036345,-0.6986881857393933,-0.9102365728690156,0.2927700218845601,-0.7677778262580923,2.6555173562160013,0.71427248598865,0.3900179126303057,0.3294802172478264,-0.3476857952234539,0.3249994009495699,0.3219097427553731,-0.3072869814761132,0.0380094612938112,-0.7262662975650429,-0.2872428823497172,-0.510711723812215,-0.7592117610772986,-0.2695370476080808,-0.1965916910942795,-0.0411665164985983,0.8788247507641588,-0.9153290066361964,-0.6901930335270972,-0.0191104684359199,-0.7842765118518568
2025-06-18,005930.KS,0,-0.0100333899027285,-0.8058726538860025,-0.909716984298402,-0.2927700218845597,-0.7282571854435513,1.4111706852771722,0.6431234291370996,0.9321000446246478,-0.9028236694701672,-0.7559634422395438,0.7328917507283118,0.4400421602039377,-0.0338674039952122,0.0772505884168922,0.3118747559621605,-0.2872428823497172,0.3192086554381836,-0.3070626611989378,-0.075256304045608,-0.6139721928940735,-0.0322700994296865,0.8788247507641588,-0.7026193527850849,-0.6917877395482904,-0.4369241172448026,-0.8419468186615903
2025-06-19,005930.KS,1,0.0050675731254046,-0.7619944205217876,-0.9032222245345992,0.2927700218845601,0.3235089756577105,1.3270838841388062,0.7630632201029384,0.4027269445236709,-0.2772744913075533,-0.7166138454171818,-0.452061573597733,0.3690234033593644,-0.1746875078118723,0.0602043327071098,0.7176802548732314,-0.2872428823497172,0.0589650423302946,-0.3751426305169656,-0.1253732210561642,0.0436426560904725,-0.0348221790169692,-1.464707917940265,-0.7026193527850849,-0.694952545095787,-0.2078005033818669,-0.6931752540860769
2025-06-20,005930.KS,0,-0.0252101115432774,-0.7844617400637343,-0.906079914299772,-0.2927700218845597,0.7346404787355773,1.4621750936433715,0.7121479315821456,0.4217396994893869,-0.0706439383141176,0.3306003074340708,0.0033319906023134,0.3758660747450697,-0.1558475277817204,0.0633168127220816,-0.4612106344148413,-0.2872428823497172,0.0864882629301612,0.2267417918597034,-0.1225996902176683,-0.2802889470537859,-0.0355832937433712,-0.878824750764159,-0.7332625089296326,-0.6908712320876434,-0.4369241172448026,-0.69801487116942
2025-06-23,005930.KS,1,0.0431034051448129,-0.7305493304799291,-0.9086778191580528,-0.8783100656536796,-0.4597227927784493,1.2904204768998218,0.7873339198053101,-0.06524777598815,-0.3537973046634284,0.7399524473197528,-0.9097397592793776,0.2498103072238571,-0.4584671993555412,0.0184157355611324,-0.0081469458672755,-0.2872428823497172,-0.7109040231967082,0.0342581960105021,-0.3169568336575749,0.0819858922349308,-0.0530455651360581,-0.878824750764159,-0.6066378896657184,-0.7051116912934614,-0.1943226437428707,-0.8058092624690828
2025-06-24,005930.KS,1,0.0132232434516521,-0.6852206370585947,-0.9060799250354707,0.2927700218845601,-0.0007128588017229,2.1021387390995163,0.7134717926019594,0.2750823347646354,0.5930110145925683,-0.4492416604899127,1.1503630162635925,0.4536818428128787,-0.0651891124628848,0.0643853506929617,-0.916547255908234,-0.2872428823497172,0.2539734355525682,0.4228433389074165,-0.059248712669676,0.0186521094431531,-0.040532454376408,0.8788247507641588,-0.3301424341528272,-0.6998348408095773,-0.4369241172448026,-0.7616813441373843
2025-06-25,005930.KS,0,-0.0179445756956052,-0.7366006087806432,-0.900624317969397,-0.8783100656536796,-0.92103549086488,2.1242455139897243,0.7201474192206317,0.2435179049980356,-0.185038685583214,0.0077816940706148,0.2492792041271167,0.4991528030979221,0.0164256396551409,0.0729729165645527,1.1330156620792675,-0.2872428823497172,0.4880980559474441,0.2311086858773049,-0.0130638983218488,-0.3816588303613273,-0.0267507014168462,0.2929415835880526,-0.4670480791807316,-0.6810283658847027,-0.4369241172448026,-0.7842765118518568
2025-06-26,005930.KS,1,0.0161616777917943,-0.7879805805026915,-0.9011439046887196,-0.2927700218845597,1.1554269656222316,1.6124108666167896,0.6680756289936927,-0.2617299888325295,-0.5459533578095452,-0.90855781287523,-0.6906359670688692,0.4241947633953277,-0.2385556955121313,0.0260760489794322,0.2365419573307371,-0.2872428823497172,-0.1279347469621202,0.0367203119607312,-0.1720321569718971,-0.401634828728879,-0.0317688687880542,0.2929415835880526,-0.3472329417501405,-0.6821201454187925,-0.4369241172448026,-0.7300573187628417
2025-06-27,005930.KS,0,-0.0164473628633718,-0.8549563771801667,-0.9033036969377102,-0.8783100656536796,0.2471874698735156,1.3795167222733988,0.6725838650986118,-0.20867849968927,-0.3942223835989234,1.1589177845719725,0.3378923664024096,0.4924075747187601,-0.1140145374094041,0.0396440166420723,-0.6985644382370436,-0.2872428823497172,0.1708569147391117,0.193420786200913,-0.1181383235113615,-0.5014530796435615,-0.0278831989966576,1.464707917940265,-0.4425767707815886,-0.6773327626533215,-0.4369241172448026,-0.6844706866672441
2025-06-30,005930.KS,1,0.0066890005539206,-0.6599765588394929,-0.9004284770192185,-0.2927700218845597,-0.7001917523872392,1.353517176933393,0.7878420077580982,-0.2999023342652969,-0.2243476892389659,0.2546091185366819,-0.6454851322004862,0.40953753030906,-0.3291900383945388,0.0061144795634287,0.3247017586771438,-0.2872428823497172,-0.5030220795332118,0.37711560243892,-0.271793566657792,0.9220873917674616,-0.0382722478176812,-0.878824750764159,-0.4002723182619735,-0.7207584273217351,-0.0505588075935777,-0.7361430312946062
2025-07-01,005930.KS,1,0.0099667342368934,-0.8070952458970756,-0.9025195395488628,-0.2927700218845597,0.3365043266826373,0.9627713772265674,0.6805833527370979,-0.3580880363010121,-0.5694239165238362,-0.6886698786026421,0.0522287142343098,0.4495083754961639,-0.297491568906494,0.0032148778391076,-0.6536446031875398,-0.2872428823497172,-0.321939730330311,-0.240189535989455,-0.2157328752521257,-0.7382084806355566,-0.0431939867503084,0.2929415835880526,-0.3982029589903564,-0.721006985662209,-0.4369241172448026,-0.7878153759219682
2025-07-02,005930.KS,1,0.0493420885901154,-0.7520474981418078,-0.90304231339093,-0.8783100656536796,-0.6546823658671728,1.120565086640992,0.7377702058552658,-0.1529323476688233,-0.0131621853154153,0.343539415020803,0.1510739879831892,0.4967712408560257,-0.2307534027663743,0.0075670416837033,0.0404996133029625,-0.2872428823497172,-0.0287800127260303,-0.3304124036672506,-0.1453008740903622,0.1005892632801982,-0.0424886068410153,0.2929415835880526,-0.5931882952972607,-0.7229227641024161,-0.4369241172448026,-0.8551722920824633
2025-07-03,005930.KS,0,-0.0078369261454301,-0.4951403060778203,-0.9001670969222207,0.2927700218845601,0.0485721633206837,3.039975286247265,0.919809495061954,0.5835508847394499,1.8627205058813596,-0.6433574551629198,1.338500440663563,0.6711327389096949,0.2386973129267073,0.0822825935968636,0.1388391767942215,-0.2872428823497172,0.9893236387241608,0.9975748693489118,0.2592773260736962,0.979292080709978,-0.0144649313152337,1.464707917940265,-0.4880591996336772,-0.6632254565469194,-0.1493964449462166,-0.6590829593910581
2025-07-04,005930.KS,0,-0.0252765388959516,-0.650510146708784,-0.8912800454873088,0.2927700218845601,0.1482023868111807,2.1033880221327625,0.8010438207816604,0.7378563902449273,-0.6728349850935447,0.0568534122899294,-0.3858237146473582,0.5723062356657692,0.1084574427346077,0.0761331668695044,1.320190541465674,-0.2872428823497172,0.520054302533678,0.5963194714115454,0.0276152760669287,-0.6424154537514066,-0.0057216566617904,1.464707917940265,-0.4481393552220569,-0.648738985581898,-0.4369241172448026,-0.8070388115252128
2025-07-07,005930.KS,0,-0.0048622479412191,-0.639655754203388,-0.8959849626493923,0.2927700218845601,1.3450584262777598,1.3596635139108844,0.7182689431794764,0.2273757087661885,-0.706551893127319,0.1560524395544476,-0.911742981778386,0.4186025552353185,-0.1918404492464845,0.0403430061610689,-0.3953116603038077,0.5872666390670194,-0.3881343663160034,0.323307033233997,-0.2397303217552229,-0.1363905827001318,-0.020597986913503,-0.878824750764159,-0.3692061442997381,-0.6644370596053822,-0.4369241172448026,-0.7516778197294607
2025-07-08,005930.KS,0,-0.0162865757832346,-0.5894983744924126,-0.8993829504840795,0.2927700218845601,-0.3929589259746239,1.7040653183318637,0.7490532401608023,-0.1045588286708101,0.1243892796794602,1.3477285267015675,-0.2961175609907903,0.3799818074938973,-0.2671130965759041,0.031402613699014,-0.9185402295594464,0.7065179374420291,-0.6330925004143,0.1105860410571712,-0.3216980153218136,0.0078989061686468,-0.0366641176811357,-0.878824750764159,-0.3898470312608701,-0.6793087744054728,-0.4369241172448026,-0.4933087214085749
2025-07-09,005930.KS,1,0.0099337319481243,-0.736451673186381,-0.8999057062712216,-0.2927700218845597,-0.92305462134738,1.4013108375400969,0.6420252349596661,-0.1935523842977192,-0.4423225909667075,-0.3827667454357569,-0.6406363420031591,0.2924892843289931,-0.4489140567638796,0.0080827732193698,-0.3060644595172683,-0.2872428823497172,-1.052213528142688,-0.3903209982756523,-0.4018729906693977,-0.6788990787973818,-0.0596602486920664,-1.464707917940265,-0.3909969774722853,-0.6729209085862394,-0.4369241172448026,-0.6495626795308667
2025-07-10,005930.KS,1,0.0262295903791003,-0.7292650567142044,-0.9019967814311616,-0.8783100656536796,-0.3025403981248991,1.0889966306224057,0.6716301281574774,-0.1415882787036737,-0.4881684611993563,-0.9105682046295276,0.1500787514620924,0.3351160476757976,-0.3609224835930627,0.019285810346105,-0.6488206202758506,-0.2872428823497172,-0.526664049256227,-1.6068163951895236,-0.2700807679236605,-0.1457546704601744,-0.0698862218612765,-0.292941583588053,-0.3827771479285344,-0.6902540595908129,-0.4369241172448026,-0.6386465211239752
2025-07-11,005930.KS,0,-0.0015975318032658,-0.7031127104419057,-0.9001670837980624,-0.2927700218845597,-0.6497950704741171,1.582856173520148,0.8060144264365898,0.4435248788439029,0.3407029450534798,-0.2927395459059076,0.6415062874911627,0.4485720824247465,-0.124803005196103,0.0496261740174916,0.137849032082762,-0.2872428823497172,0.2735793931078388,-0.5329700121538012,-0.0584793309039634,-0.0644522796382249,-0.0616096707207746,1.464707917940265,-0.2908352956525397,-0.7050031345934841,-0.4369241172448026,-0.588203725552743
2025-07-14,005930.KS,1,0.0191999812884779,-0.6922583179365095,-0.8975532624640382,-0.2927700218845597,0.1471992469213091,0.9529279079741048,0.6840746042706648,0.0313966045935781,-0.7323370584541877,-0.6384913118184584,-0.1976648520215551,0.439141827349081,-0.1925553336330607,0.0340774449974375,0.6267623361569647,-0.2872428823497172,0.152812788784553,0.1529923099821329,-0.0887001125743998,-0.1325590131305421,-0.059088614929885,-0.878824750764159,-0.8178110230628447,-0.6975581590427017,-0.4369241172448026,-0.7359932481963277
2025-07-15,005930.KS,1,0.0156986444772164,-0.6994449344086863,-0.8975532654536581,-0.2927700218845597,0.642529305577913,1.5039629333750573,0.6740521833547243,0.1039181526546345,0.456903226376291,0.1550536412199745,0.4295172419748179,0.5154978213874445,-0.039415373946735,0.0529407475275372,-0.2081154523734007,-0.2872428823497172,0.4868590236069848,0.7042569404796005,0.0001073840533457,-0.2061041688991733,-0.0473847536678808,0.8788247507641588,-0.721485215795824,-0.6770344776700199,-0.4369241172448026,-0.7287657369578262
2025-07-16,005930.KS,1,0.0309120122638275,-0.7210047838252165,-0.8938938865445449,-0.2927700218845597,-0.2033058568480993,2.023607971762173,0.7027323374525146,0.5653836411146508,0.2555855398666017,0.648239928193411,0.3239288601626991,0.5493207404518671,0.084327927098659,0.0764207690554954,0.4158578648519592,-0.2872428823497172,0.539437508957866,1.5523528694677764,0.0059467102169134,-0.2651300360713201,-0.0325664195762296,1.464707917940265,-0.9273592214741077,-0.6735515604908888,-0.4369241172448026,-0.7024645732143587
2025-07-17,005930.KS,1,0.0059968565667296,-0.5514179792979067,-0.8881434298447916,0.2927700218845601,0.4288568133959588,3.876751387399246,0.5475878372706399,0.7017281950443843,1.1005111321267445,-0.1939344883558945,0.7827121686791152,0.6317163403810886,0.3531216310698877,0.1251954791763934,0.3108096922551397,-0.2872428823497172,0.904657276486006,1.5724784056180794,0.1963951074352565,0.5424771951005819,-0.0066955201346893,0.8788247507641588,-0.8490739142158329,-0.6544919155286847,-0.4369241172448026,-0.6915484148074672
2025-07-18,005930.KS,1,0.010432175666877,-0.555013966326787,-0.8852682357036333,0.8783100656536802,0.3224299334960933,2.1262695558227027,0.8754749197728702,1.0487266616721809,-0.9177221900207548,0.4354922033059227,0.0313560111703188,0.590065104310846,0.3478226545095334,0.1368320257645436,0.7672457825754563,-0.2872428823497172,0.6707315720689094,1.555961904205246,0.1149489159312502,-0.1887661749573464,0.0086977336436585,1.464707917940265,-1.1390734365345188,-0.6424192457790857,-0.153889064825882,-0.6987759260459687
2025-07-21,005930.KS,0,-0.0265485596301107,-0.6170222483700466,-0.8842227041689222,-0.2927700218845597,0.7848565304148796,1.422742141133848,0.5344263269239478,1.079204746457535,-0.6751271283301097,0.3295259353303082,0.1651101147740253,0.5869233201834178,0.3729260662564563,0.1449505915554101,0.01973369875443,-0.2872428823497172,0.5014396832977653,1.637167324693255,0.0345355243419986,-0.3785471841827785,0.0195359212520174,0.2929415835880526,-1.141207512298804,-0.6550960624073949,-0.4369241172448026,-0.7204584597614732
2025-07-22,005930.KS,1,0.0060605197137648,-0.7078541428919362,-0.8823929987541315,-0.2927700218845597,0.0275337060202427,1.7735645374332882,0.6231597969112997,0.4991364794935796,0.120023684686288,0.7899511656316384,-0.950102790671759,0.4131365477878723,0.0203457352383993,0.1010909212981214,0.1528034922275068,-0.2872428823497172,-0.4651686625141936,0.4728303263722992,-0.2563537128166767,-0.5005014761360482,0.0018884163966959,-1.464707917940265,-0.7406241284891527,-0.6851563953104373,-0.4369241172448026,-0.5499066374445325
2025-07-23,005930.KS,0,-0.0060240110758834,-0.7031127104419057,-0.8873593013969624,-0.2927700218845597,0.1623499772429165,1.1927554601969452,0.747267009590978,0.0987210726305179,-0.6510573827031693,0.0359060087186736,0.033275874650717,0.4104904755489099,0.0389291343467392,0.1072656631232246,-0.9567037827483024,-0.2872428823497172,-0.4387844143848923,0.3410161342116836,-0.2497158740918562,-0.1575027253015535,-0.010951022712358,0.2929415835880526,-0.765342358078659,-0.712190838779271,-0.4369241172448026,-0.5535230870999941
2025-07-24,005930.KS,0,-0.0015151748251706,-0.7150407593641128,-0.8865751358419061,-0.2927700218845597,-0.961719053020754,0.8508557234495135,0.6914672651228418,0.1264083841704504,-0.5525746053838035,0.1701387996949411,-0.3311523765628411,0.3609465722345892,-0.0805968305516485,0.0893319620865713,0.0216437398668135,-0.2872428823497172,-0.5493946121553717,-0.6320772882834875,-0.2778077849806459,-0.2261423112262414,-0.0281836944439505,0.2929415835880526,-0.7594698307375896,-0.7072062152724329,-0.4369241172448026,-0.615884221450619
2025-07-25,005930.KS,1,0.0682851937553763,-0.7879805805026915,-0.8886662083948741,-0.2927700218845597,0.0294688155137857,0.3336025085912396,0.7268230458393043,0.5989961750435956,-0.8608445914084024,-0.9490652979548272,-0.1951812463255703,0.335858130719316,-0.1406633583970782,0.0803867231504648,-0.3409200306506458,-0.2872428823497172,-0.490823162805403,-0.9445492552225762,-0.2546742038060747,-0.4832865010355086,-0.0443636321929829,0.2929415835880526,-0.7885856718706115,-0.7063671394618952,-0.4369241172448026,-0.7072329863406002
2025-07-28,005930.KS,1,0.0028408408529752,0.1831450526903333,-0.8821316338608677,0.8783100656536802,-0.3378534320516359,3.4118076637431685,0.8278719772041215,1.2279038858004834,4.629788974497303,0.037832743124003,1.9097599134636187,0.6036423204472052,0.5028298438716847,0.1766994304471909,-0.2056445532523355,-0.2872428823497172,1.1916193000948558,0.4180261388536502,0.8092809363165582,4.52520044752071,-0.0133154960508428,1.464707917940265,-0.1062355846943367,-0.6431252886910183,0.0123378707217379,-0.7024645732143587
2025-07-29,005930.KS,1,0.0283287168464685,-0.3613449817708777,-0.8753356743974813,-0.2927700218845597,-0.2008025283512621,2.605132280478309,0.5776730619943249,1.562368087031329,-0.5693283354579945,-0.3278997462202766,-0.0638186635759495,0.5501859042632238,0.4428985140653095,0.1773785024204211,1.888527347716272,-0.2872428823497172,0.8718805319934515,1.2964144971602325,0.2893016895240914,-1.0427092032424732,0.0028109859969719,0.8788247507641588,-0.1026418495143048,-0.6169991644410431,-0.4369241172448026,-0.7144604975791017
2025-07-30,005930.KS,0,-0.0165289633992039,-0.3221346059904929,-0.8748128884118151,0.2927700218845601,1.9208543828019653,3.3473039954038004,0.3190361077722262,1.6451430015541306,0.2256612175576322,-0.1914419941798327,0.7048087856100285,0.6041307718981677,0.6599413422540977,0.2227933593631331,-0.0749540451810931,-0.2872428823497172,1.1623113338274855,1.3721380333324686,0.4418305237375972,-0.0771571996890815,0.0264953197322349,1.464707917940265,-0.0421013477950322,-0.5848804852874365,-0.1134554859088934,-0.7878153759219682
2025-07-31,005930.KS,0,-0.0350139394173477,-0.3640317128124802,-0.8695852247517712,0.2927700218845601,-0.0683967695197026,2.421821117946835,0.6130911043139965,1.1684497229907405,-0.6306674713745849,1.921032457867517,-0.6479459261766032,0.4512715950059487,0.4016020515126299,0.2001280219202747,0.6897409672722039,-0.2872428823497172,0.221899569467225,1.016992335292382,0.0075950275812514,-0.2795308760189325,0.0216324219439781,-0.878824750764159,-0.1487549105082227,-0.6100760804325613,-0.1134554859088934,0.188836356513329
2025-08-01,005930.KS,1,0.0116109802104591,-0.5442313628257298,-0.8769039512714583,0.2927700218845601,0.7063345012730775,2.136096985455751,0.6163576750321923,0.5558375568951063,-0.3740230189602749,-0.0596092829788595,-1.2053897857087568,0.2448594005611025,-0.0429539841869033,0.1406580157252148,-0.6560928072976124,-0.2872428823497172,-1.0203495831546836,0.2793921269880146,-0.4630761102175011,-0.6380371995063089,-0.0139970486041563,0.2929415835880526,0.1470355077106087,-0.6752120693524949,-0.4369241172448026,-0.3587520473699389
2025-08-04,005930.KS,1,0.0028693714942735,-0.6137017824668347,-0.8787336452001622,-0.2927700218845597,-0.6571627014917922,1.0903067964363855,0.4731283232677215,0.511922313173309,-0.9036700463296842,0.7117689771670518,0.2006588411431294,0.2818031058778057,0.0171855224392463,0.1454037353477964,-1.210684683450883,-0.2872428823497172,-0.6456756063963163,-0.4704239552687392,-0.3213936340178375,-0.3993973804422538,-0.0343253936956222,0.8788247507641588,0.1254823805434393,-0.6706768289400322,-0.4369241172448026,-0.3193185486274129
2025-08-05,005930.KS,0,-0.0157366157599934,-0.6622849668291585,-0.8748129047963179,-0.2927700218845597,-1.2190333322484124,1.0465740963731962,0.3521322316533935,0.4179635866552609,-0.2479517595869323,-0.6458270559791344,-0.0629582766982666,0.2818457997777171,-0.0214599186745658,0.1337324367106402,0.1881703448975621,-0.2872428823497172,-0.510095280783482,-0.4704239552687392,-0.2735723212580009,-0.34921369507095,-0.0500346193191598,-0.292941583588053,0.1153714074910529,-0.6685686138680066,-0.4369241172448026,-0.361454067002292
2025-08-06,005930.KS,1,0.0247091657717772,-0.5574090705888627,-0.8795177805135183,0.8783100656536802,0.1981810030333278,0.8375521016511714,0.362533515157072,-0.107738019033122,-0.4349626569336814,-1.2052659297148174,-0.6240514225722068,0.2153677235369712,-0.2610351936389666,0.085939880975565,-0.0740980601979375,-0.2872428823497172,-0.6505280948354805,-1.5212766387094951,-0.3331953748237551,0.2243550286294619,-0.0749903867141875,-0.292941583588053,-0.5859540606866493,-0.6925770788010723,-0.1224407256682242,-0.5426791262060309
2025-08-07,005930.KS,1,0.01843972235339,-0.5319549776138145,-0.8753356681102583,-0.2927700218845597,-0.0675295501407608,1.116076478216477,0.105304242520025,0.0872439686945452,0.1590313844794427,0.2058147500217784,0.5956554646173916,0.3426745373470693,-0.0736289390778596,0.0973605870898245,-0.6323205522855383,-0.2872428823497172,0.1124900964874288,-0.5436629779367238,-0.0703538413555469,-0.0941903720593218,-0.0765517640272908,0.8788247507641588,-0.4405424339036602,-0.7108950049104427,-0.4369241172448026,-0.6125448607479246
2025-08-08,005930.KS,0,-0.0111420140718524,-0.6506108211222337,-0.8748128999459971,0.8783100656536802,-0.6330784469390804,1.93307087156291,0.1387189620520607,0.167841047555237,0.6802617965451905,-0.0587458168959577,0.4065904242930839,0.4198567579201717,0.0522334436244162,0.1079972255433038,0.5811460943670249,-0.2872428823497172,0.3995110902811523,0.8140150415629928,-0.0078196274096677,-0.5503748809218024,-0.0673189877750839,1.464707917940265,-0.5421819131033053,-0.6890019424417656,-0.4369241172448026,-0.6614045031596657
2025-08-11,005930.KS,1,0.0014084168459786,-0.6856362325341618,-0.8721990556287591,0.2927700218845601,0.5963143723101624,0.7033431841694529,0.0934922899398794,0.3827301623116087,-1.0942758555673626,-0.6218470372627463,-0.485493899125258,0.3678194692921222,-0.1380994220389757,0.0708262202716851,0.3930483449067432,-0.2872428823497172,-0.0285888437649685,0.2153556102940227,-0.1375772592988605,-0.3086769713419595,-0.0726896960571744,-0.878824750764159,-0.5733185916071907,-0.6877261489595967,-0.4369241172448026,-0.5559318204780106
2025-08-12,005930.KS,1,0.0112518213929639,-0.7218889885797438,-0.874551513823798,-0.2927700218845597,0.4057479293499683,1.2052480646192745,0.0878140274129472,0.3445775902314937,0.514781376000199,0.6022250115883835,-0.1070156883469248,0.3775167215405551,-0.1810991308254067,0.0557779978977396,-0.4944719141319381,-0.2872428823497172,-0.0854329187448848,0.1869199152842874,-0.1565157735510964,-0.3215502644455967,-0.0779583015157606,0.2929415835880526,-0.9402997825308138,-0.6880182723398939,-0.4369241172448026,-0.5303328833766265
2025-08-13,005930.KS,0,-0.004172471229225,-0.6698338878438018,-0.8724604337637019,-0.2927700218845597,-0.4934206109723326,0.8108186872454332,0.2277293077752284,0.5352754988609766,-0.603882244770123,0.4124833337258052,0.189827835616642,0.4274518017709547,-0.1164794248456032,0.0582774897737595,-0.1179300661782222,-0.2872428823497172,-0.0156278628438259,0.9875602746500992,-0.1320642238134211,0.0441056862371196,-0.075890620872979,-0.878824750764159,-0.9419050259909004,-0.7178909337161599,-0.4369241172448026,-0.6496639268226142
2025-08-14,005930.KS,0,-0.0223464932561897,-0.7111327556116532,-0.8724604355521827,-0.2927700218845597,-0.1119368303524603,0.7701977863036629,0.3272129056122589,0.4888352298852007,-0.2534838883891879,-0.4827936356703021,-0.2753162468764535,0.3917380979663348,-0.199835597642565,0.0462453307312724,0.177394752749857,-0.2872428823497172,-0.2220550107939081,0.3650205576868117,-0.1917167271874692,-0.3372650381154619,-0.0802498071518973,-0.292941583588053,-0.920634167306049,-0.7232922732904803,-0.4369241172448026,-0.6848886470498471
2025-08-18,005930.KS,0,0.0,-0.7410113808878624,-0.8745515276325194,-0.8783100656536796,0.1872639863636969,0.9565136665537068,0.0387062019544423,-0.5811427659681073,0.0521286405695963,-0.1029609039060121,-0.823382794108626,0.2757407006458265,-0.4622929035074208,0.0094592652374277,-0.285369568679641,-0.2872428823497172,-0.7146846590234821,-1.225169754913509,-0.3156873713073388,-0.3016626089799959,-0.1013053026104873,-0.878824750764159,-0.8321490752995411,-0.7101675081469395,-0.4369241172448026,-0.7213476960001431
2025-08-19,005930.KS,1,0.0071429119718533,-0.757477735101774,-0.876381212254798,-0.2927700218845597,-0.2815738966877892,0.6105877594231807,0.1055016181089484,-0.6243799973727521,-0.6115865272577415,0.1949449818297878,-0.1494887389844721,0.2739564726441263,-0.4788604085880037,0.0054744335924672,-0.8306321085548398,-0.2872428823497172,-0.6362206836980143,-0.952568531440624,-0.2931530215885198,-0.2496986699228225,-0.1157186300557831,0.8788247507641588,-1.013799114481925,-0.701293714104382,-0.4369241172448026,-0.6689963806006181
2025-08-20,005930.KS,1,0.0014184056940667,-0.7161788673339227,-0.8771653528321451,-0.2927700218845597,-0.8339927480648422,1.391382200167646,0.3201756223698254,-0.991403397604572,0.9987153737420978,-0.2718637867754485,0.065917135168682,0.3203404804371453,-0.4379336921751354,0.0028142235643168,-0.1601858170242346,-0.2872428823497172,-0.3892934526603497,-0.6288483519981285,-0.2356789312233865,0.0107548834101124,-0.1201208474074479,1.464707917940265,-1.140932511004299,-0.7007383452642119,-0.4369241172448026,-0.7105302556981887
2025-08-21,005930.KS,1,0.011331509123363,-0.7638518658711468,-0.8735059897377563,-0.2927700218845597,-0.1547471678309379,1.5493291896070358,0.2088114294696022,-0.7035583505757927,-0.0536803428266602,-0.8218917881119412,-0.106714458741596,0.3391737848661988,-0.4545540633183116,-0.0070950508007908,0.0541180018056908,-0.2872428823497172,-0.2454684002043987,-1.2633361793429143,-0.1985202172343777,-0.3776540433678171,-0.1218692247586509,-0.292941583588053,-1.1760806194298927,-0.7141165692347364,-0.4369241172448026,-0.7405789024863995
2025-08-22,005930.KS,1,0.0014006372589652,-0.7047586248422805,-0.8729832107646616,-0.2927700218845597,0.0623692866954263,0.4687557304272021,0.380981895300559,0.251908648186123,-1.1274759991554415,-0.1455859596967962,0.1922309459018478,0.418501651066771,-0.3762126648368811,-0.0087872927297684,-0.1176303777179126,-0.2872428823497172,0.0913609341156649,-0.3982737166621968,-0.1076814942701344,0.0951511487028817,-0.114766390879291,0.2929415835880526,-1.121361445838377,-0.718507789973817,-0.4369241172448026,-0.7571389569430338
2025-08-25,005930.KS,0,-0.0167832544974367,-0.7148508482868192,-0.8729831963475935,-0.2927700218845597,-0.111633208623645,0.5893630506456866,0.3669073288156922,0.082115972998606,0.0101410251245531,0.0705908221829581,-0.107250294169843,0.4706574046094161,-0.4033672738886233,-0.0298865341031504,0.1797855682891905,-0.2872428823497172,0.0099791675470002,1.6371673246840297,-0.1308178066088448,-0.2187236116520641,-0.1093366294470286,-1.464707917940265,-1.1752354345509533,-0.7150976665541073,-0.4369241172448026,-0.7156050818454632
2025-08-26,005930.KS,1,0.004267322671752,-0.7370273237465521,-0.8753356554821516,-0.2927700218845597,0.1896861802198809,1.0826763428428163,0.2686606361771582,-0.3815786395028909,0.5710803727913627,-0.1026585962417346,-0.6556144787949263,0.3826106371788088,-0.5798724288302343,-0.0516579631937148,-0.1181634717154145,-0.2872428823497172,-0.4929129866925525,-0.0590274621111002,-0.260611665066017,-0.2701917450951382,-0.1180704489768749,-0.878824750764159,-1.0823960581564211,-0.71982922304892,-0.4369241172448026,-0.7635493591051192
2025-08-27,005930.KS,0,-0.0141641905374181,-0.690416379790287,-0.8771653590572064,0.2927700218845601,-0.1121732992263176,0.6094946932466234,0.0868259194682471,0.0700219950215366,-0.72022957349415,0.1973566925131676,-0.0208008349441525,0.4046434221369396,-0.5355606118974543,-0.0461734103835825,-0.6637221262169118,-0.2872428823497172,-0.3811833307204325,-0.1947303362971252,-0.2349329262740281,0.026672265851788,-0.1201773684036834,0.2929415835880526,-1.2852591779570868,-0.720640184825265,-0.4369241172448026,-0.7041198535361034
2025-08-28,005930.KS,1,0.0014367470276195,-0.6739500255763754,-0.877165337606524,-0.2927700218845597,-0.6648921515933034,0.7286192523098257,0.1322296469201354,-0.8045397860156707,-0.0170302061870323,-0.1031963493506087,-0.5766324384178477,0.3527997816097769,-0.6614124671591064,-0.0645639662692921,-0.0321563035233574,-0.2872428823497172,-0.7014546509849076,-0.8322957857027942,-0.3262744361980624,-0.1110075764500369,-0.1308255774510628,-1.464707917940265,-1.1826729898840884,-0.7065404481820742,-0.4369241172448026,-0.7142695058306523
2025-08-29,005930.KS,0,-0.0301290809043723,-0.7135228292397158,-0.8771653439338108,-0.8783100656536796,-0.0250373278578758,0.7403940272858364,0.234120405491327,-1.324522404723964,-0.1836526023990332,-0.6535230532829313,-0.1061613466491259,0.3667432183279391,-0.6341659387449677,-0.0612949703016755,-0.5851441722111044,-0.2872428823497172,-0.5267160944679212,-1.4725355279960812,-0.2720367698557373,-0.3316457230525866,-0.1351731301864873,0.8788247507641588,-1.2116333184932384,-0.707738854621422,-0.4369241172448026,-0.7365721744419669
2025-09-01,005930.KS,1,0.0221892823670313,-0.5840481852816038,-0.8816088560929288,-0.2927700218845597,-0.585282899313874,0.7765482330859532,-0.1687504228421219,-1.6428396347307936,-0.150049859943513,-0.016437499508996,-1.058079105940024,0.1952292704469581,-0.9361407140444836,-0.0930471621526715,-0.1170800954467194,-0.2872428823497172,-1.0660298408486917,-1.8544844600757864,-0.4636046872701926,0.3647795569698946,-0.1570689120874099,-0.878824750764159,-0.9529767135545044,-0.6856245955216457,-0.4369241172448026,-0.6896959952851527
2025-09-02,005930.KS,1,0.0101303458106318,-0.5095506446197848,-0.8831771690020137,0.8783100656536802,-0.1110757041593638,0.6186014695566961,-0.1321759955620167,-1.08084166936315,-0.412921264414302,-0.5742583471455583,0.5196643716706739,0.3036674427410957,-0.709263308817604,-0.0638041602146056,-1.0641276717027917,-0.2872428823497172,-0.3592274195459359,-0.7290347053731087,-0.236690427573473,0.0751739567888077,-0.1527877485447396,0.8788247507641588,-0.8072360768129974,-0.6893998641355845,-0.4369241172448026,-0.6731359408285182
2025-09-03,005930.KS,1,0.0042980038383848,-0.6987825391303151,-0.8795177815849645,-0.2927700218845597,-1.070552829425562,0.582340747129061,0.1873576573239362,-1.1159170346082985,-0.2554011459240036,-0.102103504637854,0.1560079552785415,0.3551694682755632,-0.6046447936264661,-0.0507179414547503,0.5055437855647933,-0.2872428823497172,-0.007918832753236,-0.5537539406970892,-0.1335050207030733,-0.7546620958497595,-0.1400804335069868,0.8788247507641588,-0.76071220771494,-0.6998868941481089,-0.4369241172448026,-0.7129339298158415
2025-09-04,005930.KS,0,-0.008559220115858,-0.7886843794250866,-0.87873362915913,-0.2927700218845597,0.5197198191623501,0.8084095815914482,0.3312589260372409,-0.9394040784456404,0.155442726504591,-1.057428045468997,-0.0198755955537428,0.381346523287553,-0.5697218083838808,-0.0487357410381591,0.1437479010225318,-0.2872428823497172,0.0733329092039038,-0.068053127063554,-0.1263124319221021,-0.5435987424006088,-0.1265641178384768,-0.292941583588053,-0.8125438711568427,-0.6952730180887996,-0.4369241172448026,-0.5827225225519171
2025-09-05,005930.KS,1,0.0086331128288452,-0.7957225197180111,-0.8766425641360892,-0.2927700218845597,0.153175535710334,0.7228246574087834,0.4336427128962397,-0.6610305485962873,-0.3127711152011937,0.5259619570671,-0.4076056384213961,0.337771027109794,-0.6513669950549552,-0.058051604565538,-0.0312357978246331,-0.2872428823497172,-0.1551645238625335,-0.3444488690633807,-0.1786580566793352,-0.2112759478166799,-0.122060699355425,-0.878824750764159,-0.8056801483383412,-0.696276629832066,-0.4369241172448026,-0.5078010606291086
2025-09-08,005930.KS,1,0.0199714384555529,-0.8001046219167289,-0.8779494784567126,-0.8783100656536796,-0.0241047409596603,0.4671408118443522,0.2704526531065072,-0.4675124977880879,-0.5588302256073224,0.161004064833946,0.1108565127683243,0.3955932528689278,-0.5497616477449265,-0.0474069726220803,-0.4169821438251611,-0.2872428823497172,-0.1154388222803607,1.0182831912362498,-0.1700826689125246,-0.1987162165290379,-0.1113714478907457,0.2929415835880526,-0.835357355633831,-0.7232922732904803,-0.4369241172448026,-0.6981097614694545
2025-09-09,005930.KS,1,0.015384576279297,-0.79001239847219,-0.8771653333005628,-0.2927700218845597,-0.4149138242854292,1.100492293629596,0.3294068770339322,-0.217553782372157,0.9056523302163152,-0.0155089488152254,0.4527817601573619,0.4935861686622262,-0.3455532610464251,-0.0211959389748354,0.0988274614399992,-0.2872428823497172,0.253973956210099,1.0010924181126364,-0.0855688701356323,-0.1269963953332104,-0.0892983424386957,0.8788247507641588,-0.7505685069187963,-0.7078462810001995,-0.4369241172448026,-0.7885231797460555
2025-09-10,005930.KS,1,0.0110192363724266,-0.7403473713643106,-0.8727218200158633,-0.8783100656536796,0.1076655367230303,1.8977652971758832,0.2864703423901656,0.0154601297376237,0.666981726259474,-0.4046266236917867,0.3144576340040778,0.5531467697552556,-0.1936813151263988,0.00184582259245,0.4390033575612833,-0.2872428823497172,0.4655577270836974,1.0646984009246887,-0.0200741904232855,0.0643743615885756,-0.064174175778779,0.2929415835880526,-1.1938888437944202,-0.6805392543505473,-0.4369241172448026,-0.7956013699155463
2025-09-11,005930.KS,1,0.027247948189863,-0.7302551479197716,-0.8690624592883781,0.2927700218845601,0.4523060796887932,1.7695540678044088,0.2332254227111954,0.0154584445376845,-0.2946551946739979,0.1156910315777238,0.1828138643033739,0.5849795451709151,-0.0865901567272246,0.0208794238007479,0.3013869225986758,-0.2872428823497172,0.5141766642493968,1.1283056123506878,-0.0040960493146186,-0.1327342777529976,-0.0414389857202354,0.2929415835880526,-1.272297002067643,-0.6598892922767532,-0.4369241172448026,-0.8000084080554155
2025-09-12,005930.KS,1,0.0145889284946634,-0.6641237665979807,-0.8654030913260007,0.2927700218845601,0.3128834944694809,2.608378383173556,0.1234934719129219,0.3644686015234514,0.4523008867549488,0.4588399819700718,0.6722164873777683,0.6579064283674181,0.1797500358518203,0.0703898371403321,0.1704166661795336,-0.2872428823497172,0.8207230308268181,1.6371673246936247,0.1087981161665166,0.108351632561858,-0.0095057103706581,0.8788247507641588,-1.131793588928458,-0.640232887101231,-0.4369241172448026,-0.7898587557608664
2025-09-15,005930.KS,1,0.0379085140148418,-0.5333218235707147,-0.8586071056732101,-0.8783100656536796,0.1801943157260073,1.6696231724716122,0.305909235258236,0.8832625973970741,-0.7380860387857104,0.3200208129678124,0.2904636092642559,0.6491883769526318,0.2905623222187523,0.1026905843657821,0.6573154171191422,-0.2872428823497172,0.7329641660260956,1.6371673246938807,0.1465111853511261,0.3251472293112715,0.0174406149011007,1.464707917940265,-1.15310733359977,-0.6376163255198343,-0.1466317557894995,-0.7399111144789939
2025-09-16,005930.KS,0,-0.0151133842181652,-0.3885498304165837,-0.8593912529850343,0.8783100656536802,0.6734833811962734,2.608218777664878,0.1038906466259508,1.1478773634186763,0.5623378418358844,0.1879059084866851,0.9937028096991904,0.7185326564941393,0.6403730201886366,0.1782977050959609,0.2775156556192639,-0.2872428823497172,1.206463586192033,1.637167324694453,0.4147207630028244,0.2790850401837935,0.057570976697727,0.2929415835880526,-1.2057722742114745,-0.60181475379194,-0.0643822533771636,-0.7297614621844448
2025-09-17,005930.KS,1,0.026854180408971,-0.629863039123054,-0.8536408218812065,-0.8783100656536796,0.2886989284644516,1.7766494532489288,0.3283521194264015,1.09084819414662,-0.676683299533777,0.6790600356230263,-0.6052568839307783,0.5581693219214171,0.4037493274224922,0.1632683239654554,0.9771569574017624,-0.2872428823497172,0.3284850873988642,1.0646989663700304,-0.0227230603476764,-0.8116583161599847,0.0627935998513115,-0.878824750764159,-0.8483699527141157,-0.6207628678735115,-0.4369241172448026,-0.663253766445938
2025-09-18,005930.KS,1,0.0398505876035417,-0.4143385314202175,-0.8536408298424567,0.2927700218845601,0.997522689574276,2.314622580693415,0.1352453338702387,1.247496124012113,0.2170519013648497,0.2959409169436678,0.6603417935007283,0.5992344204730969,0.6307460334984102,0.2158109718617604,-0.6136221698953672,-0.2872428823497172,0.5789704966721964,1.1447213989101732,0.1410640443637209,0.6056784512990347,0.0784052688503223,0.2929415835880526,-0.8202164639617245,-0.6390258157642792,-0.4369241172448026,-0.5317075072421191
2025-09-22,005930.KS,1,0.0143712905781192,-0.3116884295867003,-0.8473676193525194,0.2927700218845601,-0.614134657173234,2.5304369024170845,-0.1479560714005338,1.97259922013928,-0.0638647744336448,1.0016969128717377,1.0522691284067571,0.6687721067471112,0.9927871556807196,0.3005726231333924,0.6455014763188248,-0.2872428823497172,1.12294376332097,1.2010010179925683,0.4310451302468188,0.1009697685711182,0.1103294532971207,1.464707917940265,-0.7013476874464691,-0.6062860974069295,-0.4369241172448026,-0.3861117026527562
2025-09-23,005930.KS,1,0.0082644504737969,-0.3804758490026982,-0.8361281195996569,0.8783100656536802,0.6615143880418168,2.087721606257617,0.047831096276238,1.9638586481038696,-0.4601723475103079,-0.602985235576085,0.2839003916512151,0.6110391685973835,1.055851395984159,0.3436239459110017,1.0354236402542378,-0.2872428823497172,0.9416879364076524,1.2051156932473766,0.3083711629318773,-0.3433970391169831,0.1305094018923019,0.8788247507641588,-0.7148768175703364,-0.5978920532295618,-0.4369241172448026,-0.6287980815178584
2025-09-24,005930.KS,1,0.0081967091767576,-0.3670635779404007,-0.8403102591493276,0.8783100656536802,1.0565540949267924,1.4880131132385723,0.2236145863183303,1.9638584142794588,-0.6108806680460304,0.667142843864734,0.0997389129477665,0.5356563574142644,1.032122730909656,0.3678001166576654,0.2709860166118967,-0.2872428823497172,0.7525639313251565,1.0919592361672417,0.234900916075651,-0.1422018778857832,0.1368526221177694,0.8788247507641588,-0.698339912288667,-0.5814583809226407,-0.4369241172448026,-0.412047151838298
2025-09-25,005930.KS,0,-0.0325203692253925,-0.4039803435095345,-0.8397874947038553,0.8783100656536802,0.2820835910506946,1.6421012187480537,0.1272509844046278,1.9754532859156588,-0.0639347503063054,1.0604728323053183,0.0976960663660743,0.4711275626252491,1.0056836704248429,0.3876725297338766,0.0877667412663496,-0.2872428823497172,0.4371948875646821,1.637167324694453,0.0868726337930262,-0.2718861826190398,0.133732945154908,0.8788247507641588,-0.6782311441772252,-0.6245915226208374,-0.4369241172448026,-0.3088129292375261
2025-09-26,005930.KS,1,0.0153141739205993,-0.5177847233685499,-0.8382192035299963,0.8783100656536802,0.0964596498577249,2.1397859849659486,0.2826975433516314,1.4200324384312513,0.2091873595903018,0.2893542104857238,-1.1301922095553738,0.2479741960599399,0.5117932463836022,0.3194809126652392,0.0857343462564111,-0.2872428823497172,-0.7038961223427119,0.3946016569688402,-0.359511443997985,-0.4817621291474155,0.0895738626870261,-0.878824750764159,-0.3844254480617322,-0.6838401648037729,-0.4369241172448026,-0.3779917770056548
2025-09-29,005930.KS,0,-0.0035629171841079,-0.6094126277678321,-0.8416912781159523,0.2927700218845601,0.0944005806299147,0.8970431630134722,0.3344323364456577,1.4534609705979975,-1.0350383992075216,0.1045336434104619,0.3123345388746009,0.2690966840570379,0.5743304540145455,0.3314117098012169,-1.1358718316668774,-0.2872428823497172,-0.3493247573184136,0.0364194290552146,-0.2292882556023991,-0.4598759679222837,0.0622053450584513,0.2929415835880526,-0.4997066667886854,-0.6926612954779057,-0.4369241172448026,-0.3645031846740784
2025-09-30,005930.KS,1,0.025029786202249,-0.6557576072579527,-0.8382781252599663,0.2927700218845601,-1.143238597366714,1.264143400961924,0.2922396787125801,1.3126023003302358,0.2541661982593353,0.1024834857643881,-0.2569341749078458,0.2204304184102702,0.4093597127112803,0.2967669551809555,0.2992746896070044,-0.2872428823497172,-0.4215359009918651,-0.4116624379416424,-0.2485395613331397,-0.340208805529377,0.0308184327881591,0.2929415835880526,-0.5307133346905627,-0.6910813039645026,-0.4369241172448026,-0.4016300216317801
2025-10-01,005930.KS,1,0.043604625635284,-0.5916182545068169,-0.8374904784586934,-0.2927700218845597,0.3107435394243996,1.9102802667013388,0.3592482841795754,1.3675836984545466,0.4402250733903161,-1.1297992318733368,0.6053242837725591,0.2980888695084029,0.5652831723417135,0.3150569272412821,-0.267081542708361,-0.2872428823497172,0.2154442742021827,-0.0098524846904177,-0.0481432423906592,0.0657606412734274,0.0223259276569425,0.8788247507641588,-0.716464936960303,-0.6789116556430834,-0.4369241172448026,-0.516081994629943
2025-10-02,005930.KS,1,0.0518106575698378,-0.1961579856231741,-0.8259382955905058,0.8783100656536802,-0.2630458490736609,4.089958380882186,0.1029214473696466,1.5038407186330331,2.1077317853521587,0.3178901195755395,1.1654781175442512,0.4376214411683479,0.9135627536728116,0.3712425916779804,0.590765446098608,-0.2872428823497172,1.1856969323159154,0.4827752094792168,0.5403408758407867,1.1773695498871617,0.0449205139619346,0.8788247507641588,-0.4253931266316471,-0.6010717121122806,-0.4369241172448026,-0.6082312990167913
2025-10-10,005930.KS,0,-0.0116525883654617,-0.3361228980832325,-0.8135984410286038,0.8783100656536802,0.6060599734581328,3.404719507422892,0.2667643102745853,1.6018281100073477,-0.7352448001559592,-0.2534159279225823,1.4129440654876957,0.5783344245058616,1.3371282748695783,0.4532396264942896,1.1480534317741795,-0.2872428823497172,1.907453393761992,1.5423102198616283,0.7634620851972715,-0.4787792794363565,0.094561219826494,0.2929415835880526,-0.1407333183025051,-0.5049064501661924,-0.4369241172448026,-0.6548400002616364
2025-10-13,005930.KS,0,-0.0182207892544391,-0.368391596987504,-0.820687295505867,-0.2927700218845597,1.170662098892229,2.1185634223347143,0.2666421947575798,1.363091370190668,-0.7898419759819861,0.6119284341053354,-0.5008910792204949,0.4390075808434746,1.0136461935511116,0.4054073786973191,1.3942532992714842,0.7065179374420291,0.9405862308694284,1.188172827767899,0.3149210129796272,-0.2571921828820958,0.1007288634334891,0.2929415835880526,-0.0387423100015538,-0.4995741926810494,-0.4369241172448026,-0.5903356685453459
2025-10-14,005930.KS,1,0.0371178958670399,-0.2653434500965794,-0.8101853048968214,0.2927700218845601,1.420093222554553,3.435837159771886,0.1859543597091713,0.9255411240452744,0.6918749307324416,1.174086980702233,-0.6989656263630087,0.3070075054245522,0.6398545995601743,0.3366215945004435,-0.5097903194753102,0.2891383931294957,-0.0862546043429505,0.8337035719535388,-0.1165864237428469,0.0877028764984298,0.0729537531737227,-0.878824750764159,-0.2254973428699911,-0.5672016603113951,-0.4369241172448026,-0.1926250701291159
2025-10-15,005930.KS,1,0.0284209930972372,-0.4250947643883079,-0.8180617990260424,0.2927700218845601,-0.5089400631002021,1.7985394673669128,0.29976337265395,1.298359129766464,-0.9450326803486512,1.4224385749266342,0.9698604616596656,0.4302513943402219,0.8992009463263037,0.3696602094041781,-0.7068514814911058,-0.2872428823497172,0.3975227536489782,0.9052448383191788,0.0637711398202249,-0.5453040043577857,0.0760135192494744,1.464707917940265,-0.1495954536493297,-0.6315552560876075,-0.4369241172448026,-0.3333864397830258
2025-10-16,005930.KS,1,0.002047120487985,-0.3569713544958618,-0.8101853213265019,-0.2927700218845597,-0.7085875591425846,2.599498081771409,0.2601289815244766,1.323812846449249,0.4152565785502364,-0.4982459201360673,0.7075915227540293,0.4943861624891021,1.0537113265909053,0.3935915484337082,0.953436591117278,-0.2872428823497172,0.7186782117587128,0.8485274267636617,0.2251256333214927,0.0097951874224239,0.090925135290309,0.2929415835880526,-0.2339555906604079,-0.625556486742653,-0.4369241172448026,-0.3658387606888891
2025-10-17,005930.KS,1,0.0020428579923212,-0.3723756541288144,-0.8051968669943891,0.2927700218845601,0.9734910047640248,1.9883828213823496,0.3284055339114906,1.1879199810131784,-0.5512989785765281,-0.6970293485912905,-0.0877545639100959,0.4404187910522655,0.9047957704180284,0.3669636382991377,0.6925094674308173,-0.2872428823497172,0.5627819575105836,0.4628736667513188,0.1512323665177861,-0.2162375372449113,0.0871473856259228,-0.292941583588053,-0.1765818130681307,-0.5984376891761023,-0.4369241172448026,-0.2622042279926809
2025-10-20,005930.KS,0,-0.0061161598855772,-0.3774217658510839,-0.8033590298668893,0.2927700218845601,0.7091393366795378,1.4076748389303426,0.5457665378818475,1.1355965278035076,-0.6132554893838015,0.9777692363777486,-0.0878831062480311,0.3940727988841976,0.7721369095550461,0.3425141332606807,-0.0987674851297778,-0.2872428823497172,0.3308125481974093,0.8459516611923095,0.050695390993386,-0.1901728019018196,0.0715089673422385,-1.464707917940265,-0.2766157068515412,-0.5955620737814397,-0.4369241172448026,-0.4228645921402523
2025-10-21,005930.KS,1,0.0112820158636781,-0.3626814757416829,-0.8017837190229121,0.8783100656536802,-0.0925227495417297,1.996630913278432,0.3643648173867831,0.9874324277515596,0.341394788455108,0.7145616733410645,-0.3339312705184822,0.3251216040009033,0.5595157639836119,0.301117277824472,-0.098895369821916,-0.2872428823497172,-0.1939281734337206,1.3146524956142458,-0.1716375871610023,-0.1388744216756514,0.0409529271066406,0.2929415835880526,-0.6083225827449786,-0.6797926646129177,-0.4369241172448026,-0.3543535323795292
2025-10-22,005930.KS,0,-0.0212981663504816,-0.4962722574323685,-0.8054594242494724,0.8783100656536802,-0.0926523126596286,1.2210566909228877,0.4473376976523482,1.0115116359777223,-0.7501298706853132,-0.0836308465781479,0.1907383979173406,0.3341452499368635,0.5620063300613888,0.2980201065402733,-0.3436847072833446,-0.2872428823497172,-0.0848279439050682,1.1601134903097212,-0.1363666501412495,-0.5183143418322478,0.0193978772805165,0.2929415835880526,-0.6819361600067079,-0.7232922732904803,-0.4369241172448026,-0.3698454887333219
2025-10-23,005930.KS,1,0.0238342264582078,-0.563731657801263,-0.8062470713273301,0.2927700218845601,-0.3406543937502224,1.5092016763948517,0.5103379420047551,1.1355243230150966,0.0922877972186256,-0.0837598489512697,-0.7917688284861805,0.2180239578020555,0.2000227987678388,0.2277494997064139,0.1783006564495098,-0.2872428823497172,-0.6224320593915363,-0.8162649684226081,-0.3226181448532425,-0.3794575793180065,-0.0275540717745519,-0.292941583588053,-0.6402026462529062,-0.7065209212168954,-0.4369241172448026,-0.3749203148805965
2025-10-24,005930.KS,1,0.0323886201267498,-0.3811931820799382,-0.8033590168905325,0.2927700218845601,0.1881817796185478,1.544595468688656,0.7873450548041804,1.1904242502826807,-0.1691401567619287,-0.3306885854516917,0.5692702776778025,0.3120381334789799,0.3479652990484406,0.2370669054517441,-0.7991798856854161,-0.2872428823497172,-0.0096397343118818,0.0015468171411108,-0.094371524064731,0.4231310771908145,-0.044075668469076,0.8788247507641588,-0.80410888479495,-0.6987024012979979,-0.0934114895226939,-0.3600961465342092
2025-10-27,005930.KS,0,-0.0245097910674393,-0.0710228687069657,-0.794432337156671,0.8783100656536802,-0.8021277297293467,1.9250332149553395,0.4120732544861508,1.3865982285830276,0.127129640906882,0.1958588029065802,0.8272416279175244,0.4156918750383845,0.5947796933681404,0.2744483173015056,0.5548958988051569,-0.2872428823497172,0.6815482255736315,0.5291669159046664,0.3394746273645885,0.6316142949428196,-0.0317095589110503,0.8788247507641588,-0.7512025152501389,-0.6355023484176914,-0.4369241172448026,-0.4944471140260338
2025-10-28,005930.KS,1,0.0100502774780426,-0.3750842074654257,-0.795482532565776,0.2927700218845601,0.5697196554164818,1.680181873203868,0.4368273420057026,0.8885473491510769,-0.378710746206181,-0.7901646804943545,-0.8886204811922751,0.2595469496099654,0.2194032400931466,0.2169970562837518,0.8115474210648395,-0.2872428823497172,-0.1496831126856062,0.0696967798542871,-0.1532460170203426,-0.7636052167760444,-0.0589206183295672,-0.292941583588053,-0.5491368087739694,-0.6406882976811954,-0.4369241172448026,-0.5622903857793515
2025-10-29,005930.KS,1,0.0358209254307875,-0.3473266851512105,-0.7973203738351463,0.2927700218845601,0.8297396068389962,1.7815597229359308,0.4755378496964536,0.7195935344029185,-0.1181335557588704,0.5757453957268371,0.1535933673287909,0.2799487887685787,0.2384903741626343,0.214909046612288,-0.895536027858904,-0.2872428823497172,0.026074547036238,0.0555762742749448,-0.0744645898328827,-0.1052667976417949,-0.0745465528902781,-0.292941583588053,-0.5385974508199609,-0.6370331376705082,-0.4369241172448026,-0.3787131919994245
2025-10-30,005930.KS,1,0.0326608957186416,-0.070739193795759,-0.7915442718968854,0.2927700218845601,-0.8997485004406179,3.325681345927741,0.5246680097652178,0.6455451323387957,0.9947425516112932,0.8346399896242502,0.930748254807246,0.4047931367326047,0.5270461238236701,0.2570867694445729,0.1413456665404565,0.1798247029524035,0.6038998359487101,0.8799358792912393,0.2951996740702827,0.5173635995500155,-0.056085474510848,1.464707917940265,-0.3944934505946023,-0.632995324628811,-0.1177054601976767,-0.0667778835783138
2025-10-31,005930.KS,1,0.033488326143511,0.0465741929684251,-0.7847179805212826,0.2927700218845601,0.1507417730432156,4.089958380882186,0.6209532109778663,1.038587460607889,0.8701857074639283,-0.887362951823078,0.8354525315536228,0.5137341821644236,0.7502493942843222,0.2847604296864667,0.9145244893731076,-0.2872428823497172,1.045932429083775,0.9407352971416983,0.6220247391848013,0.0490693354193367,-0.0192438043515293,0.2929415835880526,-0.3055368683004466,-0.5740239264352375,0.0468964851807025,-0.3725694548384046
2025-11-03,005930.KS,0,-0.0558055418719822,0.0826602008212087,-0.7797295479211859,0.2927700218845601,0.9340682001915676,2.821907285040836,0.5815192698311072,1.4780508738396931,-1.0235800953221328,0.158580835409053,0.8604050123726844,0.5993664348760513,0.9749921205391778,0.3222718267127174,0.8197163162362371,-0.2872428823497172,1.5043530728553556,0.9604922092921584,0.9406951704721116,-0.1137963005922745,0.0290837687598411,0.2929415835880526,-0.539582527958766,-0.4824701278582845,0.2013073157420341,-0.3446539809494549
2025-11-04,005930.KS,0,-0.0409914955359888,0.0126672422589229,-0.7668645991583403,0.2927700218845601,0.8380157148742848,2.8603362929211102,0.6185463973387485,0.4192565705320269,-0.1794592798815432,0.9385170523655348,-1.83239363503988,0.3048755366056503,0.1882523047294702,0.1893276556071694,0.8445411356606292,-0.2872428823497172,-0.4622138550679537,0.3078428644346855,-0.322185045498528,-0.2967227048277345,-0.0160690279801101,-1.464707917940265,0.2817681018176216,-0.5313543414542998,0.0366024298099471,-0.0664925944416574
2025-11-05,005930.KS,0,-0.0139163657408873,0.1028458566725706,-0.7952199918612365,0.8783100656536802,0.8631663482466128,4.089958380882186,0.8116285473053647,-0.241932059576861,0.6633336288253311,0.8428802789448399,-1.3856525001463975,0.1290261473448645,-0.3477771187467545,0.0905410238228881,-1.8344806679428656,-0.2872428823497172,-1.6181712046342744,-0.2620142222196788,-1.0878491408908462,-0.0146273009782563,-0.0985686801799692,-0.878824750764159,0.4377941375581324,-0.533136670230545,0.1704251496297678,0.0514883531360276
2025-11-06,005930.KS,0,-0.0131049191305301,-0.2307290958272002,-0.7881311120905626,0.2927700218845601,-1.8510163423513093,2.657628034584829,0.5708248032269345,-0.3871605999860497,-0.8595120110091702,0.867922061229504,-0.5691588874145753,0.0817323064472316,-0.5452558999671344,0.0484884107195811,-1.3900251413121578,-0.2872428823497172,-1.7442365967123168,-0.7657822635486955,-0.934413426499052,-0.7386061327401977,-0.1710923617612308,-0.878824750764159,0.3879111653698166,-0.4793748059862581,-0.4369241172448026,0.0877797050285893
2025-11-07,005930.KS,1,0.0275791052020037,-0.1618552063910924,-0.8072972648672956,0.2927700218845601,-1.4007275483224448,2.0084068178051053,0.8463946293729688,-0.5146817784076502,-0.5664974414475212,-1.834513738798467,-0.5446884239507415,0.0220417637635578,-0.6998539637791044,0.0236579349788565,-0.5777088572434042,-0.2872428823497172,-1.6012090187860677,-1.3614722865003714,-0.9076068155761544,-0.0237449999634396,-0.2323182905288389,1.464707917940265,0.3882666151621569,-0.453504317214528,-0.0457500131560962,0.017388458106842
2025-11-10,005930.KS,1,0.0288270983263498,-0.2328153085598281,-0.8015211851291485,0.8783100656536802,-0.5777499993735559,2.113934410762792,0.5903552096620044,-0.2554005163612955,-0.1256010738830142,-1.3861737793880884,0.6822030539157857,0.1600812991454574,-0.4552864046582328,0.0481113823020985,-0.553363589086468,-0.0414178374538642,-0.2807492371634279,-1.5312068280572548,-0.2098263710029183,-0.3253038131233049,-0.2428967075355498,0.2929415835880526,0.3124093990869296,-0.60452685862492,-0.0972202900098734,0.108080225459458
2025-11-11,005930.KS,0,-0.0038647290855086,-0.3773664302487673,-0.7881311334103706,0.2927700218845601,-0.5530852111509885,2.5544834546608133,0.5009640512052816,-0.1315149585996212,0.0987250584092089,-0.5667580493405276,0.7198382720097789,0.3131526127567364,-0.2163154372143653,0.0662466192811931,0.6672508905806256,-0.2872428823497172,0.6149281636093333,-0.4830826286558133,0.1713882713483616,-0.4997516901000201,-0.2187691944976855,1.464707917940265,0.2762750747790287,-0.6348904294679392,-0.4369241172448026,-0.2273929039900749
2025-11-12,005930.KS,0,-0.0029097732978722,-0.2698672113600603,-0.7899689801395389,0.2927700218845601,0.6835492530214974,1.6136756244941184,0.673321775783206,0.0173113884083616,-0.7485352674764271,-0.5422000094843046,-0.2660357929464294,0.2923990968680587,-0.3007902995590176,0.0490518359298641,0.7046935601073877,-0.2872428823497172,0.3582981790150066,0.277284826620332,0.0947668914315665,0.1019437978263738,-0.2067785708510906,-1.464707917940265,0.0381066776584406,-0.6158914677095707,-0.0972202900098734,-0.1581270941523051
2025-11-13,005930.KS,0,-0.0544747861845893,-0.412848056269637,-0.7912817226090596,0.2927700218845601,0.7214833397775741,1.7746641550036906,0.5188010316392098,-0.1687613629548787,-0.0659894019517391,0.6890823426966102,-0.2372375819333297,0.271514493896203,-0.3585984040588184,0.0394452874986487,-0.276136595226627,-0.2872428823497172,0.0699975227030501,0.632836653596104,-0.0658486020274893,-0.50815673917885,-0.2016989142490024,0.2929415835880526,-0.3783187633304303,-0.6204802227845035,-0.4369241172448026,-0.2294909881203952
2025-11-14,005930.KS,1,0.0349794190389529,-0.438062723830566,-0.8004709850383203,-0.2927700218845597,-0.2722197448495275,1.88395959010785,0.573396091894971,-0.8691608738130528,-0.1152790645459736,0.7268522520126278,-1.7922625801904415,-0.0053536090075589,-0.9328496040520596,-0.0340350930842997,-0.2474857210578507,-0.2872428823497172,-1.4510742166811488,-0.3833066500094029,-0.6717283620187783,-0.2453411350859531,-0.2538677884251221,-0.878824750764159,-0.1608928359285537,-0.6050526843321447,-0.4369241172448026,-0.3748646643962302
2025-11-17,005930.KS,0,-0.027832887877944,-0.4141159010425388,-0.7983705884951924,0.2927700218845601,-0.2431928415840172,1.362812249338983,0.5843523875543694,-0.4150034061123466,-0.5865989416465219,-0.262550119388878,0.9053712908109284,0.1621820659061248,-0.5947784094202219,0.0077933865273433,-1.794554930811885,-0.2872428823497172,-0.5035963326817608,-0.271057395043243,-0.2995729733164216,-0.1103984265768176,-0.2488119070694334,0.8788247507641588,0.0221684318884813,-0.6050526843321447,-0.1486905668636506,-0.2667537312949217
2025-11-18,005930.KS,0,-0.0132925153728944,-0.4541690313737836,-0.7983705577395067,0.2927700218845601,-1.8105665989096889,1.5312829234400764,0.7080131135760291,-0.6933828690137182,-0.0416271229999061,-0.2336488435755748,-0.988833752219972,0.0253550870466446,-0.8848719435084421,-0.0302839189186935,0.8892773585039945,-0.2872428823497172,-0.974103952264763,-1.1412074829498826,-0.4775825835094842,-0.2856351101560406,-0.2696906156670623,0.2929415835880526,0.1183476117298724,-0.5985887960592268,-0.0560440685268517,-0.4105481952788053
2025-11-19,005930.KS,1,0.0424870107293189,-0.2711193067679449,-0.8054594221417147,0.8783100656536802,0.9084897127376634,1.5662174404343172,0.7837747531299538,-1.0796653261986526,-0.16986161156493,-1.7942390604736629,-0.5503456870856595,-0.0436718037268885,-1.0085321516156256,-0.0431398886404479,-0.99523658970804,-0.2872428823497172,-0.9777906333287516,-1.2109295728947136,-0.5412185187581791,0.343234612000015,-0.2902716072724514,-0.292941583588053,-0.0013043394597802,-0.6040131561622599,-0.0663381238976071,-0.4359063445382293
2025-11-20,005930.KS,0,-0.0576540402565304,-0.1793704155749345,-0.7954825415807328,0.2927700218845601,-1.0007575847451304,2.28541240054898,0.889287488688018,-1.016931764450206,0.4122734004313251,0.9130492677372388,1.13177466204394,0.1631285882453843,-0.6065335908951888,0.0042149151004652,-0.5589919086423065,-0.2872428823497172,0.3214414451306727,-0.5151336241377427,0.1028704708972573,0.0355281448304915,-0.2551076866007613,1.464707917940265,0.1619025023783495,-0.6430754483194804,0.0674845959222134,-0.4118232546033566
2025-11-21,005930.KS,1,0.0200422297192166,-0.3340033406340424,-0.8093976673143581,0.8783100656536802,-0.558787399724095,2.030488516670596,0.6511973232045704,-1.6602695895277493,-0.3626638426993514,-0.987934872238805,-1.8881380445976768,-0.1352814989229397,-1.1843938979294086,-0.0634706116917821,1.114522409234164,-0.2872428823497172,-1.2092901216896363,-0.5342606261664291,-0.6229935297927531,-0.5052254313562242,-0.2853450011738772,-0.878824750764159,0.4920763729252689,-0.6090604784276988,-0.4369241172448026,-0.4521043035123928
2025-11-24,005930.KS,1,0.0268872842863394,-0.4617071146121321,-0.8036215643009524,-0.2927700218845597,1.1366909976291693,2.7904047947809665,0.6750607100698538,-1.148571616865776,0.331834029977001,-0.5478775191787896,0.4549165833347968,-0.04154340475224,-0.9622119244631612,-0.030751409467729,-1.8899398790420092,-0.2872428823497172,-0.4380520869867441,-0.7391118736907264,-0.2690405551048582,-0.4932080731867816,-0.2775367937800188,1.464707917940265,0.5916031195585614,-0.6315682989490653,-0.4369241172448026,-0.2680129516341727
2025-11-25,005930.KS,1,0.0352467383386472,-0.3166890359049898,-0.7941697726680953,0.8783100656536802,-1.907203429219002,1.2405350014203618,0.6529039409415454,-0.6060459693267011,-1.040325166597052,1.1402629052125155,0.6613400935876543,0.0859508977616355,-0.6922776052684547,0.0046314044770049,0.4411272585981029,-0.2872428823497172,0.2287613578934029,-0.0887434673022612,0.0218716928442845,0.2389970491551862,-0.238809754593812,1.464707917940265,0.3589284037327026,-0.6211898658117095,-0.1281024561221397,-0.1757419719896054
2025-11-26,005930.KS,1,0.0068093100107846,-0.4751146266307983,-0.7965327174567373,-0.2927700218845597,0.4544578559165659,1.828457198046633,0.5217236856884986,-0.2155213056507274,0.3900929691537338,-1.8904576498610948,0.913432729570856,0.2504099071800691,-0.3423359191262762,0.0507678945274171,0.6464946689223579,-0.2872428823497172,0.8630505106015566,0.4005530784307681,0.2236607152912321,-0.5620666264365086,-0.1733411475102713,0.8788247507641588,0.3611027803283128,-0.5754974678075974,-0.4369241172448026,-0.3312548211911642
2025-11-27,005930.KS,0,-0.0289855061448257,-0.3542110455964287,-0.7870809344705745,-0.2927700218845597,0.6625206158258959,1.279272941406959,0.7576547269648555,-0.0515779274564624,-0.6167811731418983,0.4609824453833585,0.0558568373060777,0.2880719954833681,-0.2668358475449962,0.0600176937178678,0.8972975534884997,-0.2872428823497172,0.8905619851908211,0.1105883771244383,0.3013509239107076,0.1757050763545229,-0.1222753983794366,0.2929415835880526,0.2060583060106094,-0.5416976634966292,-0.0457500131560962,-0.4596852815057018
2025-11-28,005930.KS,1,0.0029851293031581,-0.4617071146121321,-0.7878685833662582,0.8783100656536802,0.9166151689668304,1.148162946169102,0.6301810526272958,-0.5060351110264576,-0.3289725771371713,0.6681447167291134,-1.0235927897554904,0.1844779166634065,-0.5407927750147276,0.0158772223474056,0.0441091742423824,-0.2872428823497172,-0.286379125639533,0.6585907427317631,-0.2107557598943087,-0.4491129502852115,-0.1197562749599374,-0.878824750764159,0.327705388533155,-0.5983066003849117,-0.4369241172448026,-0.3138419910365917
2025-12-01,005930.KS,1,0.0257935755379772,-0.5287145950084232,-0.7925944640019296,-0.2927700218845597,0.052229098030679,0.6526571961351452,0.6713717136880063,-0.7272933024627072,-0.7241192421070068,0.9211395572676108,-0.059467415812524,0.3110585311865779,-0.4559390136918203,0.0006857146625382,-1.0298177937350854,-0.2872428823497172,-0.4312355742815047,0.5035689816195289,-0.2612216973205223,-0.3694296043058894,-0.1146923687753341,0.8788247507641588,0.1186869996912204,-0.6545600465740418,-0.4369241172448026,-0.4731690877127558
2025-12-02,005930.KS,1,0.0106382646882785,-0.5941517986253513,-0.7946948814910764,-0.2927700218845597,-1.0357926506277573,0.9626014928068564,0.5576734741763276,-0.4741389716849641,0.2595298931663495,0.0604945199106102,0.6283575663021066,0.4577379843651119,-0.1768268574371675,0.0328766768868064,-0.0706250591864296,0.0077471715253064,0.0624040714778907,0.5035680986777589,-0.0978177492038483,-0.3820680294688143,-0.0851989704267022,0.2929415835880526,-0.5478381545844416,-0.6702840588934028,-0.4369241172448026,-0.3515775162014535
2025-12-03,005930.KS,1,0.0057417322578576,-0.5570998958251189,-0.7855056499565825,-0.2927700218845597,-0.0640109676427816,1.0810281025154087,0.5644662229402423,-0.3650179837779785,-0.0597847548118199,-1.022818307545325,0.1713250570809291,0.4860647184833699,-0.0832654110467761,0.0497621819041802,0.6136808861982641,-0.2872428823497172,0.2708202547660993,0.150237401887928,-0.0213661385583491,-0.049755815066508,-0.0568812775810961,-0.292941583588053,-0.5618973988442485,-0.6516294406118445,-0.4369241172448026,-0.4596852815057018
2025-12-04,005930.KS,1,0.0313986425817593,-0.5342406434332341,-0.7876060191249125,-0.2927700218845597,0.6292761678102133,0.7685060582757309,0.5514659694121936,0.2122051298801685,-0.5439706660277452,-0.0552424627036148,0.0236623317596192,0.4835878364746816,-0.0528814583673755,0.0587312097660451,0.1589866377680512,-0.2872428823497172,0.3460923867062891,0.130675268434293,0.0108660848791859,-0.1026796322139719,-0.0357976677753506,0.2929415835880526,-0.6254654550612909,-0.6334400864369444,-0.4369241172448026,-0.5270740616782402
2025-12-05,005930.KS,1,0.0101475693411312,-0.4328863555072688,-0.7839303294319726,-0.2927700218845597,0.1686142736278955,1.6523146158426394,0.7825734888609199,0.2053008220775941,0.99787328993809,0.63504414955618,0.7973872800953821,0.5825838217960572,0.2312844196704233,0.1066323705282063,0.0120793815959582,-0.2872428823497172,0.8023228368528983,1.6371673246944638,0.2224314708534759,0.1426625611431206,0.0065639365221724,-0.292941583588053,-0.6727278723057315,-0.5975531675006351,0.0468964851807025,-0.5928836295588269
2025-12-08,005930.KS,0,-0.0100456306079614,-0.4766849034101615,-0.77237814991319,-0.2927700218845597,0.0197789295895595,1.1747621699560793,0.586853271375771,0.613240981344889,-0.5910327845747779,0.176375984417766,0.1565273582416246,0.5675591303723997,0.2953418254863018,0.1292239377298941,0.7818458134735208,-0.2872428823497172,0.6143706836632096,1.6371673246946878,0.1290319801370217,-0.2984638663412672,0.0378954808270203,0.2929415835880526,-0.671947763955244,-0.6046948913668893,-0.4369241172448026,-0.5556208863843003
2025-12-09,005930.KS,0,-0.0036900318123457,-0.4565275964158316,-0.7744785386928081,0.2927700218845601,0.7996481797745151,0.965121859201144,0.8169230136697717,0.6393718244556581,-0.418441488328189,0.0281847946971979,-0.4524307115377428,0.4756778981650222,0.1554149188577657,0.1192047866877847,0.1442646466263269,-0.2872428823497172,0.0522582048656153,1.0541003398557072,-0.0798247691882247,-0.1181999816819883,0.0384537841576191,0.2929415835880526,-0.9902371988675818,-0.6268889838457383,-0.0045737916730745,-0.5326315555628035
2025-12-10,005930.KS,0,-0.0064815271414085,-0.4976745968892256,-0.7760538356972417,-0.2927700218845597,0.1536990633544079,0.8175225704301672,0.7370997751381388,0.3026982535303664,-0.3746937741624657,0.80467879723485,-0.2607675187487202,0.4239783373538734,0.0877905703591394,0.1168370556360203,-0.4615778837785372,-0.2872428823497172,-0.238067989804921,0.7564507103855922,-0.1927334237952934,-0.2944619204805912,0.0264564974154558,0.8788247507641588,-0.9417633784025854,-0.6588143771208365,-0.0972202900098734,-0.4307005205769679
2025-12-11,005930.KS,1,0.0149115165509923,-0.4987810665233894,-0.7736909011766836,-0.2927700218845597,-0.4600948621153752,2.018168846454768,0.7355566978851326,1.1558790023255754,1.370222149248805,0.1615253266681441,-0.344949501379988,0.3655230990797448,-0.007994106544123,0.108687646597276,-0.2708952744703995,-0.2872428823497172,-0.5357026134113527,0.36501599522285,-0.3018306456690406,-0.1804699432253393,0.0040143252567692,0.2929415835880526,-0.9841158180926728,-0.7059981363569012,-0.0766321792683625,-0.4747483000047078
2025-12-12,005930.KS,0,-0.0376492574106334,-0.6256776530007728,-0.7792044307643905,0.2927700218845601,-0.2669096342512154,1.0259497437730714,0.6483466409669465,1.1376119297841183,-0.8979373923020084,-0.4496121195233758,0.3001917653074367,0.4090168071699808,0.0921416561076344,0.1230892391777074,-0.3546465668874683,-0.2872428823497172,-0.1443615150984236,-0.0763402117774552,-0.1660272718279627,-0.5589607937726355,-0.0009684337486827,-0.292941583588053,-0.9636223615105064,-0.7036362605377486,-0.4369241172448026,-0.4544762897473804
2025-12-15,005930.KS,0,-0.019083943680241,-0.580744286606685,-0.7839303370897626,-0.2927700218845597,-0.3517601225480463,1.7470932917364257,0.621251183672567,0.1933998225944009,0.6206089230393727,-0.2572629907690189,-1.284861992317505,0.2054714069660979,-0.345784408729026,0.0645833512086944,0.2871940406606336,-0.2872428823497172,-0.974378871574321,-1.4063286458632025,-0.4348822851569743,-0.0150118502391441,-0.0518521605559359,-0.878824750764159,-0.5294020596593885,-0.6611891706282285,-0.4369241172448026,-0.4958574333639126
2025-12-16,005930.KS,1,0.0496108839989173,-0.5949369370150329,-0.7849805287918467,0.2927700218845601,0.2985043377063225,1.550260617083722,0.6912174962657194,-0.4981240126555376,-0.3546655773045021,-0.341746249032189,-0.7249954212634173,0.1143037198998147,-0.5736185674897605,0.0292386825220982,-1.289750295909466,-0.2872428823497172,-1.2156863561440383,-1.485380665924274,-0.5073867226244388,-0.2249824315929302,-0.1078800658856601,1.464707917940265,-0.7744022391535993,-0.6115204395313388,-0.4369241172448026,-0.4969701992596495
2025-12-17,005930.KS,0,-0.0027803301502618,-0.4122431922567149,-0.7886562280182353,0.2927700218845601,-1.299136643265873,1.93945091257257,0.7889225167503319,-0.0043243622322756,0.1337674614274525,0.3057038887071197,1.3466063938419692,0.3491499327195344,-0.117978826491036,0.082520782060856,-0.732748103263598,-0.2872428823497172,0.1451814509420171,-0.2851926400695709,-0.0350741199032326,0.451720206157231,-0.0931429793012665,1.464707917940265,-0.195906927020717,-0.6124057505966969,0.1395429835175015,-0.6245888788487903
2025-12-18,005930.KS,0,-0.0120818589922898,-0.5712925462334667,-0.7810422793978286,0.2927700218845601,-0.7348240617590682,1.73026038889163,0.5446732206482788,0.3872240365161837,-0.3518238110338814,-1.285022556320771,-0.233334017886337,0.318794502166192,-0.1844457870625699,0.0734706292379506,1.3282550231248602,-0.2872428823497172,0.0493033594887195,-0.2273568050317001,-0.0985228621019369,-0.6070045064124399,-0.088721504621232,0.2929415835880526,-0.2090165401283452,-0.6106188280423439,-0.4369241172448026,-0.5793998233517728
2025-12-19,005930.KS,1,0.0395108775448824,-0.6327739782049469,-0.7723781595485976,-0.8783100656536796,1.3532287504231495,2.3482903066191336,0.7057696259848019,0.1605993844563427,0.2887551535417515,-0.7231523005148742,-0.5138364178981296,0.2871707901803148,-0.3730953933721844,0.0305165611507324,-0.24360212834894,-0.2872428823497172,-0.1573802442027548,-0.6586665857397582,-0.170387669748289,-0.381538023228308,-0.1009344630341967,-1.464707917940265,-0.1898216454694287,-0.6332567301441032,-0.4369241172448026,-0.5936732357048029
2025-12-22,005930.KS,1,0.0090497969494613,-0.3950398646983443,-0.7723781431719716,-0.2927700218845597,-0.2392582785678895,2.2287920921966204,0.7007150513714191,0.30165089676612,-0.2746665774292949,1.3558634899613435,1.04202463114395,0.486399947399271,-0.0266382214215281,0.0650413248726728,-0.5226694274642193,-0.2872428823497172,0.6496958691002386,0.5721114506682469,0.1783611217214606,0.6903384955405485,-0.0678860327525929,0.8788247507641588,0.0364349712925695,-0.5948316386970954,-0.1075143453806288,-0.4099398893440049
2025-12-23,005930.KS,0,-0.0035875095009242,-0.5129516678207124,-0.7692275395926836,-0.2927700218845597,-0.5219882032559933,1.7272734051184688,0.6260351302926968,0.2933291731925033,-0.5263653976259307,-0.2297313092146483,0.1234222853272947,0.5131969936220836,0.0089059828151724,0.0666944942149284,1.0252315556880978,-0.2872428823497172,0.4426538270421215,1.1240300147387827,0.0518865356356083,-0.4895039696591476,-0.0401707321183431,0.8788247507641588,0.0225273218764314,-0.630655993558625,-0.4369241172448026,-0.5698942987373303
2025-12-24,005930.KS,1,0.05310529313188,-0.6083444490336991,-0.7652893128091895,0.2927700218845601,1.0462282440982107,0.8319635367910551,0.6051999580482011,0.1853632660663005,-0.9091970577011858,-0.5112375883840968,-0.2576757953453001,0.4669730879603969,-0.0730472137399023,0.058213996495857,0.1113289452390017,-0.2872428823497172,0.1697563323401359,0.5770387738675886,-0.0663776138442835,-0.4695953899925996,-0.0312960013878614,-0.878824750764159,-0.2836921044774874,-0.6223451475251103,-0.4369241172448026,-0.6317255850253053
2025-12-26,005930.KS,1,0.0263326252606526,-0.267780998627433,-0.7652893176848639,0.8783100656536802,0.1203310965510252,3.2633478832771403,0.6313515406268569,0.394311096992059,2.9473582986560403,1.05019167140868,1.4519858604937608,0.6488775483814294,0.4331053542253267,0.1421236733061278,-0.2678193688818281,-0.2872428823497172,1.1835295058382462,1.130291413634788,0.4892986569696737,1.0191593623192363,0.0281877085260014,1.464707917940265,-0.2009990789691298,-0.5391821127482107,-0.4369241172448026,-0.3926386678652851
2025-12-29,005930.KS,1,0.0033472642171599,-0.2640198316907674,-0.745386916857785,-0.2927700218845597,-0.263793358864735,1.6433271200825763,0.7712358183524636,0.5301187507802596,-0.9702589306192818,0.1283017752926318,0.6446134682623231,0.6854341074170405,0.6273707335737588,0.1853830763828783,1.4330953494090122,-0.2872428823497172,1.2289082392069262,1.532468404117174,0.513663100671082,-0.1684564168301127,0.0878919649400269,-0.292941583588053,-0.3790495349069905,-0.5140867240140797,-0.1178084007513842,-0.5112214370332585
2025-12-30,005930.KS,1,0.0717264209461003,-0.2545680913175492,-0.7461784000251367,0.8783100656536802,1.4594450561263483,1.6512729442212473,0.8517366563771281,0.702964736458506,-0.1935687948237573,-0.2541602025166499,-0.0485466613612161,0.6192023823218785,0.5613354749184676,0.1884413081916122,0.6298536200305939,-0.2872428823497172,0.8146363865501574,1.495590165478189,0.3200898236919458,-0.1553921878444567,0.1174867559685653,0.2929415835880526,-0.4176770683402437,-0.4997475442000107,-0.1178084007513842,-0.6071570419118569
2026-01-02,005930.KS,1,0.0747081794557897,0.0010025626173777,-0.7432763188853324,0.2927700218845601,0.6456611610821282,2.86180448287284,0.9388763217910948,1.1548400696018617,0.7913261732461138,1.461620095098268,2.013535594040176,0.8035168007634174,1.2441730020173638,0.3273232878351536,-0.059760177285599,-0.2872428823497172,1.9925087030939188,1.5543105985774828,1.167158804061168,0.4055397863617648,0.2085876199572434,1.464707917940265,-0.1888259521749073,-0.3888503672583355,0.0777786512929689,-0.2646556471646018
2026-01-05,005930.KS,1,0.0057928759439755,0.528655556621576,-0.7052853676469315,0.8783100656536802,-0.0530034893344828,4.089958380882186,1.0239836274223857,1.502287474890909,0.5434758453430085,0.6513582291332942,2.1034552655724843,0.9079232518833392,1.9557980939504456,0.5107779610471515,1.991772093184161,0.4748147568274271,2.821754222112259,1.637167324696202,2.452525463185768,0.7825590492616689,0.3428842393520184,1.464707917940265,0.1033713896263286,-0.2592255752847708,0.5718933090892295,-0.2608730776605976
2026-01-06,005930.KS,1,0.0151188593970763,0.1490313184745428,-0.703438595261536,0.8783100656536802,2.025454166449567,4.089958380882186,0.8311589137131892,1.484798858177679,-0.0953468120085506,-0.0442826243878584,0.0252046509788754,0.7319455192273487,1.833984604258651,0.556178344924001,2.081231719450459,0.548562270296183,1.904633282218986,1.6371673246960452,1.2682974182823088,-0.6642237457867757,0.4079193890010074,-1.464707917940265,0.1279581503234304,-0.2272826028016717,0.1395429835175015,-0.2513675530461552
2026-01-07,005930.KS,0,-0.0156029280780637,0.4337265825537885,-0.6818048354261931,0.2927700218845601,2.11608790776244,4.089958380882186,0.8915961347950527,1.9919430651530543,-0.1599516271318566,2.025179537201439,0.3064445186923487,0.6223924892722977,1.8403846509522048,0.6163717009576436,0.0136138100317695,2.171007566608813,1.3678775553890956,1.6371673246960068,1.1284084007449475,0.2863649509133277,0.4381124800080606,0.2929415835880526,-0.0341392678659022,-0.2560058389736863,0.5924814198307404,0.0056574017009264
2026-01-08,005930.KS,1,0.00144097176591,0.2803663829805951,-0.6955238235168977,0.2927700218845601,0.0213334966687965,4.089958380882186,0.8796791933920665,1.966150115025312,-0.3920949199724959,2.115421018757872,-0.6200198578401976,0.4074405559519093,1.4792308160903411,0.5971015636704082,0.2934148038308879,0.9664648466191332,0.0893571717913149,1.2768140263143954,0.061405779413864,-0.3849262143203905,0.4005598853630453,-0.878824750764159,0.2113916599426675,-0.4774916220766477,0.2116013711127896,0.5363129555291942
2026-01-09,005930.KS,0,-0.001438898354008,-0.1397779425158855,-0.7015918042041763,-0.8783100656536796,0.3048067454345101,2.7553202734586835,0.8547436471257233,1.8971860794033355,-0.7258197752696597,0.0297326336628754,-0.1060339429448485,0.3063815580323626,1.332897335672607,0.598491729603167,-0.628309613766214,0.0323296760148917,-0.3020137648722567,1.073662408151214,-0.2217840380874672,-0.8029567378720267,0.3455559870297638,-0.292941583588053,0.2811035635813528,-0.6896943851162028,-0.0972202900098734,0.1545285012957263
2026-01-12,005930.KS,0,-0.0086454921802971,-0.1656321226927754,-0.6884005209890872,-0.2927700218845597,-0.6290148667593449,2.3882804664707007,0.7513680451008887,1.910583695431296,-0.401175322074867,0.3119790198285531,-0.192881007989603,0.2112008065557808,1.154441204986907,0.5836885058889962,-0.1169533435627837,-0.2872428823497172,-0.3709787362444474,-0.0281963814642299,-0.2576795836826194,-0.2300653570436879,0.2775470086165084,-0.292941583588053,0.3080084643593881,-0.6971248428589739,-0.1075143453806288,0.4408437970468105
2026-01-13,005930.KS,1,0.019622084588329,-0.191343826968948,-0.6915664179843541,-0.2927700218845597,-0.1109472887172363,1.9492879433862536,0.8052699403338422,1.9233882471465868,-0.4703394560068517,-0.6178010441201174,-0.4102073097745828,0.104102473264928,0.8968825753573599,0.5435017413631071,-0.2033560833507845,-0.2872428823497172,-0.5622792352772404,-0.6915107709892059,-0.3547561485526688,-0.2310140811232552,0.1941316667618124,-0.878824750764159,-0.0559409413393418,-0.6818954282231484,-0.0766321792683625,0.2866109156560549
2026-01-14,005930.KS,1,0.025659290678927,-0.2375261388979168,-0.6989535498269984,0.2927700218845601,-0.1984840233706795,1.5042105308803806,0.8306236241663807,1.8998935073282268,-0.521654675156656,-0.1019756449734019,0.4422464385049766,0.1301362817386181,0.9723520350538126,0.5586533160222357,-0.4195705045582205,-0.2872428823497172,0.015409471312698,-0.4765603573316559,-0.0641379804302257,-0.2762242531835996,0.1440074905999281,1.464707917940265,-1.0774950098341742,-0.6968346572297451,-0.0972202900098734,-0.135924201679724
2026-01-15,005930.KS,1,0.0347463494403017,0.0035336832571836,-0.6936770331295234,-0.2927700218845597,-0.4175361560220517,2.210940108743692,0.8750867243501869,1.9401166586017395,0.4195693801816085,-0.1891335236101197,0.6243079927439802,0.188450476527745,1.0842648498705962,0.5687066088895247,0.4285219365156227,0.0814946849940623,0.5345739825162479,0.9608344168888484,0.2842090439259966,0.3633190405213453,0.1259407344163239,1.464707917940265,-0.9121403791471572,-0.6155367829550158,0.0674845959222134,-0.1619255026416098
2026-01-16,005930.KS,1,0.0026863539068062,0.0277121216207717,-0.6770559943363712,-0.2927700218845597,0.4416870949770095,2.809499509873296,0.7622785155787722,2.051762696552607,0.1917878418335218,-0.4072376060656507,0.8983427062737226,0.2879790567371777,1.2743085773541405,0.5856926426100715,0.6096520309892267,-0.2872428823497172,1.1249767209714705,1.2164559553302057,0.6590564468276959,-0.1332572760954875,0.1425397244957361,0.8788247507641588,-0.7084444782865622,-0.4960033254709364,-0.0074733615682307,-0.1877835169570417
2026-01-19,005930.KS,0,-0.0274614877117136,0.1810084621017695,-0.6720433048135049,-0.2927700218845597,0.6251944357927336,1.991962141523173,0.9536250291678312,1.9874823477421544,-0.6408109405926935,0.4482669558637296,-0.0684774632105942,0.2324862021705251,1.108048339264797,0.5514592467789976,0.8822847334736241,-0.2872428823497172,0.7709171876616181,1.2821501726212663,0.5163824791014107,0.0959011172769324,0.1333331262998442,-0.878824750764159,-0.8674534857862003,-0.4630543979581305,0.2220933890868285,-0.23422862499625
2026-01-20,005930.KS,1,0.0296143732669227,0.0267700260609557,-0.6686135668444646,0.2927700218845601,0.9014053128295536,2.1384333480470405,0.8325656655681754,1.396629540283806,-0.0960350261866123,0.6309800831363446,-0.9776335893476408,0.0699294105896619,0.6058070210284536,0.4458318069390339,-0.0795890095561034,0.1060771894836476,-0.3316748672103541,0.6468225387180183,-0.2427310442470142,-0.4226978210460688,0.062796653455428,-0.878824750764159,-0.5487977045796583,-0.5427960215710352,0.1021629860739212,0.0082029254451008
2026-01-21,005930.KS,1,0.018729111981615,-0.0174951799969891,-0.6860260667288368,0.2927700218845601,-0.0730925655976851,3.001906153208213,0.817854031515844,1.4950293099269163,0.3803146039656258,0.9059955288714984,0.7435798003166111,0.1918008387976768,0.7530459112589499,0.4350482577563367,-0.9840937288900888,-0.2872428823497172,0.1410079608962924,0.7378891663922432,0.0409752994087226,-0.2560469456801611,0.0415800406270602,0.2929415835880526,-0.4757592371295821,-0.6048248867627695,-0.0474501625725332,0.032518948942222
2026-01-22,005930.KS,0,-0.001313242727741,0.1411342098929559,-0.6514648502959918,-0.2927700218845597,-0.989468479178634,3.0437011091090755,0.8039757673253887,1.341598782888668,-0.1787797482106185,-0.0642847558107842,0.4153174289214901,0.2518345236129012,0.7858529737415308,0.4156933616185696,0.7283136224711252,-0.2872428823497172,0.3488101089142797,0.6945506847948894,0.2121792315100812,0.1156586399911879,0.0370849161398963,0.2929415835880526,-0.5692386298808904,-0.6093580205914633,-0.0074733615682307,0.1866876078566133
2026-01-23,005930.KS,0,0.0,0.0562240942377789,-0.6522563468365388,0.2927700218845601,0.7454134042258246,2.290728291879055,0.9431024070489592,0.9254264787855502,-0.5797661342969326,-0.9766946255380664,-0.1890916626742807,0.2330175690697375,0.5947908826971482,0.3557131704036859,0.4017307006046391,-0.2872428823497172,0.187524142350291,0.2464267168163468,0.0849301406067156,-0.3161648401828885,0.0129501114134786,0.2929415835880526,-0.5303852016994627,-0.5906030921167867,0.2169463614014509,0.0315714924760709
2026-01-26,005930.KS,1,0.0486522282167112,0.0392701491555228,-0.6517286947851929,0.2927700218845601,0.414544236836957,1.743369727975941,0.8648312410797583,0.8811072183697489,-0.5485019674852083,0.7506787479540938,-0.1494887389844721,0.2521383558015551,0.4227142242400172,0.2871130855833544,-0.1995861250099016,-0.2872428823497172,0.0804541614522582,0.1976291023469113,0.0143314176021129,-0.206690532330357,-0.0203962223713607,0.2929415835880526,-0.5630537350299488,-0.5808735040878348,0.1059592101133626,-0.0129456005811406
2026-01-27,005930.KS,1,0.018181853878235,0.1892558847034812,-0.663337030176889,0.2927700218845601,-0.1946645861196141,2.7443753793547576,0.8281948134836141,1.1362023857726142,0.5872156017165318,0.4212415710925227,1.317696603606307,0.463236483822276,0.7951941357998153,0.3201046611507841,-0.1601858170242346,0.1716305347892083,0.9121797522389616,1.585241128039781,0.6189044963980117,0.0876326571174859,0.0164422393589872,0.8788247507641588,-0.3729829660075814,-0.5411789347919272,0.2610687322156956,0.1465864549591702
2026-01-28,005930.KS,0,-0.0104680503487614,0.2354460682151972,-0.6314140652479104,0.2927700218845601,-0.1547471678309379,2.7480759002817177,0.4993221164140346,1.545051243479494,-0.19806575966782,-0.1853306167538514,0.3988139901824297,0.5144605891824253,0.830408025139864,0.3102306808138894,1.2994931405929588,1.2204840596781814,0.9507024831404324,1.5797752158195444,0.6727821707188774,-0.1040270806499291,0.0499683992066748,0.2929415835880526,-0.3778621219757119,-0.4767619729440892,0.0671818295877794,0.0611931662625808
2026-01-29,005930.KS,0,-0.0012445004440956,0.380913065565342,-0.6219163587995626,0.2927700218845601,1.324089381862545,3.49705745024413,0.6038673678397711,1.3033505939249188,0.2111086697398092,-0.1455859596967962,-0.4651694508481403,0.4595561145092607,0.5437002801227488,0.2408159186127779,0.3853116964362953,1.679357476817107,0.3304874317368239,1.0427978719944355,0.2688657343223799,0.0460268095236603,0.0332085472952787,-1.464707917940265,-0.6148923329247843,-0.4772368087634931,0.2222913516901125,0.0441427463475427
2026-01-30,005930.KS,0,-0.062928363618662,0.0962718071409218,-0.638009723082601,0.2927700218845601,0.3979097410479973,4.001971566615173,0.6985196642085117,1.303352666530447,0.0261744834399678,1.326850235598927,-0.1870186297490159,0.4284621058740258,0.4046601963133182,0.2095162649913344,-0.474251449399854,0.1716305347892083,-0.0100065865455189,1.042802007171038,-0.0350773493013008,-0.5751852781666486,0.0006503957629411,0.2929415835880526,-0.6386930089899254,-0.5269036123407363,-0.010372931463387,0.1949819616423368
2026-02-02,005930.KS,1,0.1136967585348642,0.1098129743439768,-0.6496180751648798,0.2927700218845601,-0.4729347622577578,3.910602439397565,0.8648876008149367,0.3561864113381061,-0.2365332651932983,0.4046790688367897,-2.047193656491433,0.0984640483896707,-0.3549921250334643,0.0994727840480163,-0.1975236980951715,-0.2872428823497172,-1.7479419222894153,-0.4165269843263135,-1.1778106379033273,-0.154243299096047,-0.1396648313163704,-0.878824750764159,0.144191070258436,-0.4858769710281425,0.0284044490621961,0.2414349860567951
2026-02-03,005930.KS,1,0.0095522869673805,0.332478560345104,-0.6438139211323594,0.2927700218845601,-0.1925750908325455,3.547050233036572,0.9296101446025308,0.8801300710637203,-0.3480168057057022,-0.4623964490137076,3.2792178945410617,0.5567910761233226,0.7381803744902752,0.2641499887110714,-2.04818173372294,-0.025029501127474,1.000178814269385,0.2059983180525905,0.7674561126967019,0.1957340957236601,-0.0668538730745877,1.464707917940265,1.3804056274577414,-0.4048264250463993,0.3774008737924453,0.3877297496982993
2026-02-04,005930.KS,0,-0.057953919825897,0.1708479995063382,-0.6290396433689724,0.2927700218845601,-2.067522132980721,2.8030410780476256,0.8025232649416343,0.8229719102604487,-0.5294831457854696,-0.1832501647314711,0.138575671227838,0.515077539503919,0.7399618441092027,0.2809533651413961,3.25097893463702,0.1060771894836476,1.0351245091566814,0.1453951890924094,0.693026423297842,-0.410031298222207,-0.0199184054741612,-0.292941583588053,1.3618324985748405,-0.3394235096654448,-0.010372931463387,0.1014687669161491
2026-02-05,005930.KS,0,-0.004394179321871,0.1183650797187528,-0.6329970549166466,0.2927700218845601,3.247920263226486,3.7622765106850986,0.8276531627909995,0.0052843403348945,0.3179843756430823,-2.0500824997138896,-1.8971813900896315,0.1936415065819007,-0.0127093856617505,0.1693916962009895,0.1264048036827741,0.1060771894836476,-0.6303998306563544,-0.3399109159125787,-0.4433971414725232,-0.2612921754013089,-0.1062393259361866,-0.292941583588053,1.6072016048609503,-0.3354951644880582,0.1059592101133626,0.1150869888598706
2026-02-06,005930.KS,1,0.0491803391976293,0.2928107533872553,-0.653839292013183,0.2927700218845601,0.1356048184665963,3.527652233591235,1.0217731006578712,-0.050107349121204,-0.2988218047597233,3.242354842200024,-0.2820022071250783,0.1665407893955374,-0.1307127562140108,0.1429614960992216,-1.8989369571465105,-0.2872428823497172,-0.6874427483335928,-0.3633126541022176,-0.5161738310864721,0.1131751182575868,-0.1800804395684072,0.8788247507641588,1.580271992555795,-0.3298036971874358,0.1447365906389459,0.3390196324733432
2026-02-09,005930.KS,0,-0.0036057989746135,-0.0163054905480942,-0.6155845124547454,0.2927700218845601,-1.9163185896944963,2.25587871709467,0.8856480465450262,0.4664229217021153,-0.7657913461064364,0.1435093930581176,1.3336226304064138,0.3778309064074673,0.3003993344877739,0.196406204855309,-0.2920213223491191,-0.2872428823497172,0.1127249823262489,0.5541208839662315,0.0242969105270418,-0.6338950396674189,-0.1566083519267414,0.8788247507641588,1.7444950902643896,-0.4791729838108844,0.0671818295877794,0.1764693281026902
2026-02-10,005930.KS,1,0.0120627630844092,-0.2783982001546027,-0.6187504380662389,0.2927700218845601,-0.2883129514605179,1.6087133954766195,0.7167794617666291,0.2871087806770616,-0.6170941361904579,-1.8995333602314048,-0.2582273435210822,0.3506739564372469,0.1581362585046741,0.1630150257459763,1.3153376869660258,-0.2872428823497172,0.0686578549488556,-0.4292999086977814,-0.0445798722183505,-0.6604644544451588,-0.1575131976337608,-0.292941583588053,1.7477751281027611,-0.4922759799545759,-0.0491503119889703,0.1236877591873737
2026-02-11,005930.KS,1,0.0643623067536136,-0.3194920253942334,-0.6277205072314579,-0.2927700218845597,1.3401418803708849,1.991707427848673,0.56114788343419,0.2581891177377531,0.1196742419833877,-0.2785736751478335,0.2142830724474098,0.3959693350911322,0.1937580306328474,0.1574706142422633,-0.2683680952376134,-0.2872428823497172,0.4597472944333725,-0.3897505113840094,0.1257259319348324,-0.2731053761423807,-0.1473275459958605,-0.292941583588053,1.2797258384716008,-0.5114352407725351,-0.1267050730401367,0.2991260995841837
2026-02-12,005930.KS,1,0.014557645051763,0.4933830668105514,-0.6087250449987932,0.2927700218845601,-0.2643492869929584,4.085416444111772,1.0065233090871963,0.6063948674734453,1.2875832826100808,1.342833259438518,1.7914590150137268,0.6295607823203475,0.7821371746056027,0.2504478946413306,0.2017248721759295,-0.2872428823497172,1.6145896241808102,1.410620508847814,1.383137775383513,1.8037382390837529,-0.0421664569983875,1.464707917940265,0.5053886800022525,-0.3507828500266322,0.3774008737924453,-0.0117491413161298
2026-02-13,005930.KS,1,0.0485651498343622,0.0144471838483194,-0.5868274965052181,0.8783100656536802,0.211913427035513,3.3125983253738776,0.5844074364165176,0.6728834232361639,-0.5027493179468348,-0.2547137246068016,0.289520207274839,0.5977837435035636,0.8331552868269724,0.2780343278793256,1.7708316980108354,-0.2872428823497172,1.2494387592026412,1.5409535329688024,0.7264437661946006,-0.8039892044209901,0.0346177634799593,1.464707917940265,0.5075854655431028,-0.3421391514863678,0.0284044490621961,-0.2753332648802738
2026-02-19,005930.KS,1,0.0005263338756542,0.1978079900782572,-0.5644022710701363,0.8783100656536802,1.801614033671738,2.4761881986367,0.643476885787018,0.7068179488336535,-0.5926977625365821,0.2194877405589383,1.3150706164537782,0.6954776081644788,1.2511216322444356,0.3722284641143643,0.2765770802446665,-0.0905828464330348,1.8616490688084828,1.5448331321220994,1.2890592223864867,0.1528433567483809,0.1516255422939088,1.464707917940265,-0.1883101725672532,-0.1953060469626171,0.338623493266862,-0.3166609306743672
2026-02-20,005930.KS,1,0.0152550762811469,0.283665980547822,-0.5591257413973406,0.2927700218845601,0.2877480347344613,2.1559032045106856,0.9598586810253962,0.6376631503466945,-0.3915914555645674,1.8023081769215012,-0.1336163036207886,0.5859902117209216,1.0909575851439055,0.3656739642090842,1.2968805884645749,0.1060771894836476,1.0633984281847788,1.6371673246961094,0.7846228530673744,-0.0420293445186252,0.1998553819815343,-0.878824750764159,-0.2370112310807303,-0.236019329833067,0.3774008737924453,0.5008397509264315
2026-02-23,005930.KS,1,0.036269460736823,0.3171483476736082,-0.547517422413368,-0.2927700218845597,1.32144254123004,2.3988474129227964,0.85906954020186,0.805115873742675,-0.0378390820140591,0.2949941386494692,0.3105523555386197,0.5509560809577602,1.115334160716886,0.3891425014236467,-0.1443945879041315,-0.025029501127474,0.703165710870345,1.6371673246961376,0.5329891946724873,-0.1273794756828671,0.2299639162695898,0.2929415835880526,-0.3388565481840574,-0.4009713510637018,0.2998461127412789,0.0191785282867445
2026-02-24,005930.KS,1,0.0174999751439712,0.8751791611990699,-0.5512109716393679,0.8783100656536802,-0.138748686339149,2.5904116373732697,1.096523844911121,0.9632953731088976,-0.0825929533206138,1.3242148504028497,0.9442745505345138,0.5967966020873374,1.3770566624938894,0.4585443881560918,0.297501624242574,-0.2872428823497172,1.0842138161343402,1.6371673246960023,1.1842626931328113,0.6346968782512274,0.2876377609600016,0.8788247507641588,-0.4696919618873428,-0.3745307498204505,0.648842537471528,0.2035827319698399
2026-02-25,005930.KS,1,0.0712531366617379,1.1207563232047688,-0.5261475118888287,0.2927700218845601,0.3089472034203541,2.4692536612065865,1.144037599648685,1.638663059707959,-0.2699270730110785,-0.1296567190899412,0.3782508521514266,0.5528713632586589,1.405208128179759,0.4899465829629298,0.9279815821305474,0.3682905707058908,0.9143627548021644,1.6371673246960388,1.1495369083763822,0.0868693936884739,0.3236176229579738,0.8788247507641588,-0.4996877465997709,-0.4101342708606513,1.3080580064064429,0.2899292892734578
2026-02-26,005930.KS,0,-0.0068807547010446,2.0989323162386238,-0.515594437702584,-0.2927700218845597,0.9477019108910792,2.820291688727588,1.0825234216212287,1.606714198017811,0.010256097624145,0.3161015580527548,1.999262953498367,0.717257881114728,2.037227687698689,0.6398798015797339,0.3648537631301793,0.8271639878448165,2.1335463682608777,1.6371673246962133,3.671544889951141,0.7661155598998313,0.4536910441207798,0.2929415835880526,-0.3884025001623748,-0.1420286966539345,2.083605616918108,0.323602184665906
2026-02-27,005930.KS,0,-0.0988452620814644,1.4095683400307282,-0.5063605379115137,0.2927700218845601,0.3771833070972996,4.089958380882186,1.0060406597490672,1.48022716273031,1.1157632220895497,0.952091756827845,-0.3569888435710024,0.5183755882858812,1.7410044239624645,0.6367311447933194,1.9775724740469336,0.4338439160114516,1.1425315501902693,1.4424499773255168,1.6061264927390664,-0.6484663132087115,0.4740721567328883,-0.292941583588053,-0.199311411223425,-0.1508054601948389,1.3080580064064429,0.8848084201454238
2026-03-03,005930.KS,0,-0.1173757237708044,2.076265427902434,-0.507679665928442,0.8783100656536802,2.011068184064688,4.089958380882186,1.2967181038186757,0.7902227326340706,-0.0905744905125161,0.3840423381888092,-2.6155589853821524,-0.0407852996750823,0.3809647581470037,0.4207140877086931,-0.3666243136312744,0.1716305347892083,-1.845596922289236,-0.1873979247294851,-2.5280906018819045,0.3962696097635984,0.2235727453999242,0.2929415835880526,1.243917722991816,-0.1852266031759835,1.2305032453552769,1.131783015935686
2026-03-04,005930.KS,1,0.1126597512501323,2.2055989565447285,-0.5744276631622943,1.4638501094227998,-0.3638950715210915,4.089958380882186,1.378763697046392,-0.1108138498553611,0.9499197141031536,2.010855816860085,-2.6155589853821524,-0.5924634832289415,-0.9825967386750588,0.1990586286020301,-2.6136392030267053,0.0405238441780867,-2.256570635605031,-1.1025406910237232,-2.5280906018819045,-0.0881194093677123,-0.199295989964429,0.2929415835880526,2.263831524322579,0.2893570043933003,1.0753937232529438,2.1155252276225687
2026-03-05,005930.KS,0,-0.0177453397348646,1.7083735279036296,-0.5459344274224586,0.8783100656536802,-2.640400962630117,4.089958380882186,1.521075270249841,0.1489892304000065,-0.9246193418661416,-0.3538286783579193,3.2479452900975128,-0.1360661274376414,0.0468642760765104,0.3436939374382643,-2.6136392030267053,-0.2872428823497172,-1.2768575146233063,-0.5559738219728529,-1.6402244179484693,-0.506645007916099,-0.2829563274984132,1.464707917940265,3.099742422703305,0.3096613742054839,1.1917258648296931,1.4222384904284904
2026-03-06,005930.KS,0,-0.0781084168523237,1.1390609162740195,-0.5694149636302136,0.2927700218845601,-2.640400962630117,2.755555671816847,1.2187262607079838,0.0637549849688774,-1.0273755684524966,-2.620481929231141,-0.6846276897087146,-0.1980270041985108,-0.2598438840116568,0.2607445767814776,3.219866326481101,0.1716305347892083,-0.9325089025743586,-1.0999945446077457,-0.9682615605927084,-0.6175552278016876,-0.3780770509988466,-0.878824750764159,3.0312754506688706,0.1345690938959506,0.8039520595738608,2.092729355486367
2026-03-09,005930.KS,1,0.0829971742785711,1.6779537859131062,-0.6026570543087754,0.8783100656536802,3.247920263226486,4.089958380882186,1.1345239011781374,-0.3687477238930543,0.6379081154973524,-2.620481929231141,-2.504972311663615,-0.5526060995722952,-1.1120130795814702,0.1282936871458762,-0.692586900308087,0.1716305347892083,-1.9000213943897435,-1.2741582519114678,-2.5047341036922104,0.3385515556307348,-0.5881515414021362,-0.292941583588053,3.22469131472544,-0.1620343126200253,1.5019449090343593,2.222798844431017
2026-03-10,005930.KS,1,0.0111761245807662,1.222159119233443,-0.5654575590645728,0.8783100656536802,-0.6941357621159604,3.2082253591038805,0.6463583314651726,-0.292578766985656,-0.6045836816906687,3.242354842200024,2.353423091395894,-0.2073328172635238,-0.3485900903510857,0.2329109117523812,-2.503618310686827,0.4338439160114516,0.5382420627486856,-0.4547366174932689,0.7587265804675379,-0.5333873693469622,-0.5658518101687752,0.8788247507641588,3.3480014108296188,-0.2443479916932702,0.9590615816761938,1.7227440011698785
2026-03-11,005930.KS,0,-0.0110525993534507,0.8507041756881412,-0.5512109695413492,0.8783100656536802,-2.528936098405656,2.166913612553064,0.5216183518599973,-0.3029176985979931,-0.7023450826527926,-0.6826400984517269,0.1875450778189372,-0.1437683519374382,-0.3183460316833628,0.2127498392850177,2.3299206647690185,-0.025029501127474,0.3011958742029255,0.3579497728156631,0.3744077655069028,-0.5207240080089416,-0.5214444711543058,0.2929415835880526,3.38407803926072,-0.3458070517659497,0.8039520595738608,1.150191769573284
2026-03-12,005930.KS,0,-0.0234167649868204,0.6649767039154905,-0.5680958194562997,0.8783100656536802,2.3680407772085847,1.7297093940782324,0.8525376678511686,-0.5471098519007329,-0.4909343170028515,-2.5094994811561064,-0.4827974560421876,-0.1676068130817906,-0.5181044179872498,0.1546661258835491,0.1751236739529803,0.0405238441780867,0.0962235776267069,-0.4634397769743745,0.1339803168834654,-0.3791297478807915,-0.5066414463851288,0.2929415835880526,2.926876383721729,-0.3742142738614721,0.7263972985226944,1.6921511584934927
2026-03-13,005930.KS,1,0.0283379105103167,0.4134547854301967,-0.5855083642860509,0.2927700218845601,0.1849631007377659,1.6309389990965724,0.6984110577477071,-0.6471471068790862,-0.2782446312693505,2.3662834447359256,-0.8556585408385822,-0.2586698079365857,-0.8089266725130075,0.0968612378661145,-0.4917892665382673,-0.2872428823497172,-0.4318688637196182,-0.5089529610872345,-0.3348381439364188,-0.4770389557431788,-0.5332573752157894,-1.464707917940265,2.008981187218339,-0.3822136738468847,0.2222913516901125,1.2337628350550345
2026-03-16,005930.KS,1,0.0275569196609153,0.9121944770905838,-0.5733723501757318,0.2927700218845601,-0.4907027549048972,1.6514482504841403,0.3615666156023889,-0.5935785377634738,-0.1831480683588152,0.1926540543587576,0.7050860351695497,-0.108569985473833,-0.5841329078506413,0.1077687417058009,-0.8627427267402066,-0.025029501127474,-0.1037600538680114,0.7574891346648489,-0.0313159205085289,0.5067465890135681,-0.4869672069574537,0.8788247507641588,1.0856183834989563,-0.6141330385320494,0.7651746790482777,0.8601941620272611
2026-03-17,005930.KS,1,0.0752965507740774,0.8907199624422643,-0.5380196865946661,0.2927700218845601,-0.8665248028416612,1.7138198919471503,0.4791018499863121,-0.6353461956984232,-0.1490213067532289,-0.480087542391687,0.6815340136293379,0.0391155640714197,-0.370908198136281,0.1169503392889676,0.6900167983729476,0.2371838800947692,0.4940898246489742,0.3315387261813337,0.5846575526023574,-0.1998394068617169,-0.3964436440551994,0.8788247507641588,1.1099582455756851,-0.5415487792284053,1.2692806258808598,0.6734098255133745
2026-03-18,005930.KS,0,-0.0383692725013454,2.037300619295689,-0.5314240330329044,0.2927700218845601,0.7066139525258296,2.2614711224270403,0.9474109889898804,-0.3942100060294983,0.2361922772282847,-0.8542830452597713,2.121198538714001,0.3559464967491083,0.3383183893020897,0.2165602457985506,0.6665852732250149,0.3682905707058908,2.080058922408431,0.8496455601218424,3.515798021688267,1.0466234211584555,-0.1877896620594079,0.8788247507641588,0.5301421671504231,-0.2124107677536888,3.440813935313521,0.4204566451648897
2026-03-19,005930.KS,0,-0.0054863166164212,0.9273100968744666,-0.5330069715891573,-0.2927700218845597,0.6828748997546706,1.6668758793491336,0.6284526026865432,-0.878794135063306,-0.5824668827571359,0.712047218964266,-1.306575192848248,0.1458278763106735,-0.1495037008258211,0.1450332176218381,2.0988842148047224,-0.2872428823497172,0.524818088869147,0.371820152672189,0.6303502747827249,-0.9502241109519334,-0.142695367993983,-0.292941583588053,0.4194454787350134,-0.2045096714518005,1.3080580064064429,0.9220343682168628
2026-03-20,005930.KS,0,-0.0656970736319064,0.6183161967733083,-0.5274666422508099,0.2927700218845601,2.13397208372247,3.405850639456791,0.443337005474746,-0.8711643285300429,1.2142275931109,0.6884109080078358,-0.314937344720904,0.1066587993118257,-0.2348772166205903,0.1334410879544778,-1.3113524077880383,-0.2872428823497172,-0.0983625975745892,0.6187013195517244,-0.0498162982415518,-0.5014307124983134,-0.1330130535724088,0.2929415835880526,0.4440558111489615,-0.3365689994755041,0.9590615816761938,0.9004376548590559
2026-03-23,005930.KS,1,0.0182501732140629,0.9643705549371344,-0.5578066253967024,0.2927700218845601,-1.3210222725886045,2.8397662717078744,0.7784592664694778,-0.7022984831131669,-0.4595931806557655,2.1332277926113066,-2.130688511675089,-0.2145207550348443,-0.929917849683632,0.039955225605492,-0.3247879578376952,0.0405238441780867,-1.9022443244511529,-0.3800990311741121,-1.948862446007508,0.2456958603007924,-0.2663786205280372,-0.292941583588053,0.9572860776354548,-0.2921003978188477,1.3080580064064429,2.053542821294427
2026-03-24,005930.KS,0,-0.0036900810624342,0.3753463836627909,-0.544615304235557,0.2927700218845601,-0.3215096334556405,2.296536102522854,0.7927487528137669,-0.0208301816109493,-0.49034728215391,-1.3068134653825565,0.4008742684433931,-0.1292018938890998,-0.7380955299512794,0.0670393911568476,-2.131249414160416,0.1060771894836476,-1.300425046563809,-0.4704235577877947,-1.0144643966891749,-0.7850316256995229,-0.3162607947971007,-0.878824750764159,0.9121090757920266,-0.2546954530555121,0.5325103958947783,0.937236002016007
2026-03-25,005930.KS,0,-0.0470899091749947,0.5951599331003548,-0.5493641955715773,0.2927700218845601,-2.1516800372158613,2.018326644682385,0.8534938600680012,-0.5833878505668241,-0.3768267171145775,-0.3116266830299226,-0.2607690039634927,-0.1324963144140026,-0.7468254789652262,0.0655790177672889,0.3873614339418882,0.0405238441780867,-0.8525148883408741,-1.6858999804359214,-0.7239406039413379,0.1312843831412463,-0.3517990685347138,-1.464707917940265,0.8526308938037017,-0.3889520112616735,1.1917258648296931,0.626483801135987
2026-03-26,005930.KS,0,0.0,1.0328946943791493,-0.5709979102573496,0.8783100656536802,0.399986380383469,3.043758377327688,0.6773780502815635,-0.7488295148219487,0.5210529687507307,-2.133876171395683,-1.5695598653825895,-0.3308018122396765,-1.1686241388355865,0.0101696494777064,-0.2708967520865452,0.3027372254003301,-1.5864037395271082,-1.7022251110131033,-1.6546804772431698,0.3643862957212763,-0.458170930311052,-0.878824750764159,0.9386403200362836,-0.3620491815008155,1.6958318116622757,0.9745073491358868
2026-03-27,005930.KS,0,-0.0190732662690287,0.8725678079879741,-0.6063505991908023,0.8783100656536802,-0.2669111312603702,2.7122166201597024,0.8470762481073987,-0.2577525836782061,-0.3672681311987871,0.4067467205476953,-0.1494887389844721,-0.2317639186361563,-1.0709963607639124,0.0028762624114315,-1.572991603280803,0.1060771894836476,-1.0241883852029332,-1.68211914514744,-0.977411049591012,-0.3376672475446893,-0.5130929525953916,0.0,-0.0462592677068384,-0.4898032227057192,1.4243901479831926,0.3821313911150055
2026-03-30,005930.KS,0,-0.0516165626772546,0.6119011166632479,-0.6083189133480578,0.8783100656536802,-1.586095358083182,1.9362357595654889,0.5327128919230236,-0.9694163396731468,-0.6307728657269428,-0.2572644812991689,-0.7246734269416419,-0.2066278871956426,-1.1569508200189245,-0.0318527627231911,-0.1601858170242346,0.4993972613170125,-1.2649416070004538,-1.3897552595563325,-1.099557826554532,-0.4577256387628566,-0.5663592388549219,1.464707917940265,-0.1076206245028801,-0.4240041334267705,1.1529484843041105,0.6031957689186112
2026-03-31,005930.KS,1,0.1342703349282297,1.044524472279572,-0.6109626343726453,0.2927700218845601,-0.1547471678309379,3.787619674134852,0.6935968828473753,-1.356610050611285,1.1444097268165656,-1.5707393235592635,-1.7060683031856851,-0.453069993964086,-1.5815319864759392,-0.0751134575738322,-0.7324277563228783,0.3027372254003301,-2.031294649995349,-2.179282114781857,-2.154507911905178,0.3532829738961035,-0.6717257083539979,-0.878824750764159,0.0061171619860381,-0.320995896911052,1.967273475341358,1.043421418760058
2026-04-01,005930.KS,0,-0.059319799630899,0.8267296085884474,-0.5871691451513572,0.2927700218845601,-0.7344995104171127,3.079465732885534,0.193216556049815,-0.4329745867022785,-0.4963380882401363,-0.1455859596967962,3.2799399175535657,0.1348734782423626,-0.3870425447533248,0.0767321986230805,-1.7088016392824712,0.6960572972336948,1.4926991655222042,-0.2257925343405529,1.5622877864070892,-0.3941058741246857,-0.4853628808836789,1.464707917940265,1.8230581220424324,-0.3013151176640202,0.8427294400994442,0.8821822072740451
2026-04-02,005930.KS,1,0.0437219730941704,0.8713864773745752,-0.5512145392169662,0.2927700218845601,-1.7236878362143395,3.782608761483779,0.6487841171943755,-0.632692914667099,0.1509756315056784,-0.7228291538201119,-1.9383716685844483,-0.1491978857659402,-0.980325914531677,0.0003846265444266,3.255957501319405,0.4993972613170125,-0.2466129297839661,-0.3258753068669844,-0.1808276358137493,-0.1280225753303236,-0.4640695829058356,-0.292941583588053,2.048505628100461,-0.3028673641803863,1.0366163427273605,0.6200322166148353
2026-04-03,005930.KS,1,0.0370569280343715,0.2277273136575461,-0.5734217958235017,0.8783100656536802,3.247920263226486,1.701887883518854,0.1935905989271407,-0.5568333546104932,-1.07151690545925,-1.7077363061147357,1.1690169168547704,0.055364294796005,-0.5393260732681961,0.0594620417975344,-1.939916498743557,0.6960572972336948,0.7774612706512442,-0.0424716545719366,0.5443838113997785,-0.8703600290654927,-0.3547499008027042,0.8788247507641588,2.2055315819035006,-0.2594240139030245,0.1447365906389459,1.05511737481977
2026-04-06,005930.KS,1,0.0176074572760227,1.4634431790034108,-0.555708864958765,0.8783100656536802,-1.9578359682845972,1.7517587877947618,-0.3444994813244932,-0.5090662907218246,-0.1601617023792272,3.242354842200024,0.9680218796719678,0.2318828850468796,-0.2105497693188943,0.095088993179687,1.151574125948832,5.1597207973470205,1.305326901088036,0.2864760882898533,1.8555567148410332,1.7284818917558098,-0.2043813946550914,1.464707917940265,2.072374683921879,-0.1746568306810159,2.1223829974436907,0.8360831699043209
2026-04-07,005930.KS,1,0.0712468193384223,1.2564597897859688,-0.526363561585843,0.8783100656536802,1.1742290005034353,2.905266655552248,-0.1907070556815227,-0.8506101208687126,0.7038970606021089,-1.9408710530160005,0.3814921468365108,0.2982392940230846,-0.0473704207154894,0.1201994675695113,0.9516074156468106,3.645957835983931,0.8880543360256542,0.8083052360067242,1.1948215773990656,-0.3516502905251563,-0.0710661018423069,0.2929415835880526,2.060662850061343,-0.3629257128033847,1.0753937232529438,0.8809941544096991
2026-04-08,005930.KS,0,-0.0308788598574821,1.2805978385750934,-0.4946389092907921,0.8783100656536802,0.9716378222354872,3.47489001848332,0.2362450573582774,-0.1989328582552731,0.0985286186982154,1.177638444884321,1.9990724445635708,0.5667975884260981,0.6657716377320275,0.2380881505288349,0.3680784747667469,0.6960572972336948,2.303262182427084,0.64673926946852,2.935112325237629,-0.1551229741321929,0.1512519744576825,-0.292941583588053,2.125117581330127,-0.0808359552794255,1.6570544311366922,0.2336723086510031
2026-04-09,005930.KS,1,0.0098039215686274,0.6782506270379057,-0.5131449564629051,0.8783100656536802,0.380450341540382,4.089958380882186,0.0786861864785946,-0.361151969799333,0.1271606256534481,0.9759240743603006,-1.080689883092629,0.3567716608306133,0.257723524857063,0.1911667309152787,1.9773829397902265,0.3046652649681406,0.5782793861146172,0.994500968307576,0.585213896329729,-0.7214864249933848,0.210926416057451,-0.292941583588053,1.9117826118685988,-0.2235409722761049,0.9601387311352376,1.4764198991143476
2026-04-10,005930.KS,0,-0.0242718446601941,1.1318106697989856,-0.5091793749260237,0.2927700218845601,2.010876162261007,1.481626859700266,0.3632991082062058,0.1116852183333384,-1.2393342539993293,0.3872952330176997,0.1461641129533353,0.3580537761704163,0.2998726113511956,0.2037322179840946,-1.0866227680392568,0.437699995147073,0.2874017685579975,0.8808587467509452,0.4355343472636324,0.3599425070105103,0.2504365137285138,-0.292941583588053,0.8012046485312847,-0.3547147919595292,1.074230401837176,1.2682586903530464
2026-04-13,005930.KS,1,0.027363184079602,0.6253509466169886,-0.5364097014792758,0.2927700218845601,-1.0933431632024808,1.6351278247751346,0.1297112531931914,-0.1487655610155323,-0.0640332404404359,2.010664626120253,-0.8814448287334153,0.2095874297961446,-0.0099062720949379,0.1640984249909807,0.1339544215710317,0.1716305347892083,-0.630502201767278,0.2168058828193024,-0.5312760585551317,-0.6632730426386139,0.2040817142589449,-0.878824750764159,0.3286908941141409,-0.4571998541265581,0.6846038995117881,1.2925340944426225
2026-04-14,005930.KS,1,0.0217917675544794,0.6459859092639981,-0.5105012354383175,0.2927700218845601,0.14325352149894,2.0947039236807736,0.0336899655843713,0.0122843683113698,0.1790377219873655,-1.0801197434547962,0.6756916089613529,0.3089261704343881,0.2517860797625692,0.2076672467318381,-0.8883970873329059,0.1716305347892083,-0.1457697990088242,0.3071925200296811,-0.0909572012053325,-0.1520257681018161,0.2113850902849902,0.2929415835880526,0.2456485442394211,-0.5558394388415925,1.1215818920567495,0.6867592826491054
2026-04-15,005930.KS,1,0.0308056872037914,0.6073707571293545,-0.4919951882662045,0.2927700218845601,-0.8925158647155897,2.1422360933089992,0.2785960379607908,0.4324485185934135,-0.1676267100273475,0.1511249927633219,0.5076766800927877,0.4059840290438914,0.487468324106267,0.244011920761844,0.6607727593536024,0.1716305347892083,0.4588392707878879,-0.2304568690909935,0.4492180191071329,-0.2236450857845459,0.2412472269012005,-0.292941583588053,0.181680795572489,-0.5459191571798793,1.1215818920567495,1.1429002662513676
2026-04-16,005930.KS,0,-0.0068965517241379,0.6011819286898317,-0.4999263513399672,-0.2927700218845597,0.6769860994032035,1.8493327627142029,0.3323644813053986,0.5584283882056156,-0.3967100848344759,-0.8801616187000039,0.779505767341436,0.489883941832299,0.7870652971302644,0.3062867687175072,0.493617425180258,0.1851268117638826,0.9648514534506336,0.8251568056582242,0.8995573891901563,-0.184751884582009,0.3031128825213036,-0.292941583588053,0.2186605480910197,-0.4049639314130805,1.1215818920567495,0.6335585815632006
2026-04-17,005930.KS,0,-0.0069444444444444,0.6115229465303549,-0.4867077462170294,0.2927700218845601,0.507636930970101,1.4629737989171585,-0.2470691700258258,0.6324803686468373,-0.4907212080795948,0.6825475941844334,-0.3574652279338275,0.3920670891896046,0.6548991634101508,0.3040012826938303,0.7640557857656317,0.0366677650424656,0.4828755518305566,0.5586055265827405,0.4722827875774528,-0.1643937577692548,0.3004568385934248,0.8788247507641588,-0.3516861377707289,-0.3707297856118212,1.0730670804214084,0.6543109655278545
2026-04-20,005930.KS,1,0.020979020979021,0.7226494579837416,-0.4933170487784983,-0.2927700218845597,0.7816246664141303,1.3532288026491364,0.286095053034996,0.9525371407995898,-0.2982685058718499,0.5139313632048734,-0.3589095091070858,0.298627999083482,0.4898992153809767,0.2893222612355315,-0.3670982607257334,0.0366677650424656,-0.0837985440491945,1.050021257083952,-0.0273760168174171,-0.0408686497594838,0.2566684086681597,-0.292941583588053,-0.6001092883327218,-0.5047158445068686,0.7375134809400282,0.6154760774953438
2026-04-21,005930.KS,0,-0.0068493150684931,1.0073318087163523,-0.4840640251924418,-0.2927700218845597,-0.3643752389457498,1.313060964478284,0.1536488847346463,0.6018688484925868,-0.2380711053717846,0.7867332890286001,0.483167014113218,0.3352968422916633,0.6420931854818989,0.3245486958101455,-0.3685351526958815,0.4145635203333455,0.1762770046575186,1.0182836318075854,0.2812444630822147,0.1524250142230162,0.2490393887585036,0.2929415835880526,-0.5631101345885078,-0.5791848962771752,1.0730670804214084,0.6092520321086194
2026-04-22,005930.KS,1,0.0321839080459769,0.7332659055992261,-0.482742164680148,0.2927700218845601,-0.3658309894396015,1.3211200825484508,0.149625611092474,1.1682364089546866,-0.1923195368964003,-0.3543067676342599,-0.3560407314341748,0.2464567406978814,0.4787267626101076,0.308764530174368,0.469233155074731,0.3335858584852998,-0.1913151016216338,0.5291658745247715,-0.1293905892744342,-0.4546345907301253,0.203385037121509,-0.878824750764159,-0.7863087177992721,-0.6549006596401902,0.9612158805942818,0.6196518945403052
2026-04-23,005930.KS,0,-0.022271714922049,1.1453456277176512,-0.4708454200695039,0.2927700218845601,0.4829326289169173,3.320651230915398,0.2704847513033631,1.1527169411301943,1.7220326349083783,-0.35575621768938,0.8210682094458485,0.342795201351885,0.7152914452385576,0.3462555080793459,-0.3656810522072304,0.7384741677255283,0.533343292531814,0.5637909198426398,0.7232970799135016,0.2973726430050312,0.2212133773186002,1.464707917940265,-0.7396066518075499,-0.5357346242040866,1.240843880162099,0.7314107609740871
2026-04-24,005930.KS,1,0.0227790432801822,0.9204384929070072,-0.4682016990449164,0.2927700218845601,-0.3629394302394844,1.6377541430216092,0.2593805160509647,0.6714012583470652,-0.988394593563104,0.4893339805325519,-0.8211277344779363,0.1979270069363028,0.343173146087518,0.2842767339632019,0.8054055869160888,0.0906528729411627,-0.2049728310544384,0.0714444777306765,-0.1366736044793409,-0.3918101723522809,0.1564951966433838,-0.878824750764159,-0.5430068563192746,-0.5474431700873541,0.9052902806807186,1.01771306989635
2026-04-27,005930.KS,0,-0.0111358574610245,0.7548449893393955,-0.4787765831432666,0.2927700218845601,0.8235171640381799,2.0041473952101074,0.4822698758273719,0.7139294500198603,0.1018064005980116,-0.3528771730593462,0.5374495502559935,0.2836297839896893,0.4648830581705417,0.2874743819695732,-0.8283885862161574,0.5495262900800881,0.178175495164827,0.5586055265827405,0.2290780537182392,-0.351480847475614,0.1435548670845196,0.8788247507641588,-0.6223002445185807,-0.5675635919823396,1.0171414805078451,0.7420876204880101
2026-04-28,005930.KS,1,0.018018018018018,0.7740007535151612,-0.4682016990449164,-0.2927700218845597,-0.8317197805625133,1.5042213745667452,0.4333468683385433,0.0975432873777538,-0.553611092113359,0.8284444773446962,-0.4853082367312042,0.2694583559196662,0.188662081990834,0.2032305850185386,0.5232379719670465,0.2796007505866026,-0.2184865099679899,0.0015461363483395,-0.1544133378957431,-0.155323221580778,0.0878034410227191,-0.878824750764159,-0.5955822704099497,-0.5780550152637377,1.0730670804214084,1.15651224357735
2026-04-29,005930.KS,0,-0.0243362831858406,0.7471134459672492,-0.4800984436555604,0.2927700218845601,0.5376462333455458,1.7210121928385531,0.3958499579934867,0.6922856381861836,-0.0100158620013238,-0.8196286579358215,0.3938732591715014,0.3269949410320861,0.2912109589564876,0.2130268289957736,-0.494287201620196,0.9544145993203172,0.0722896420643194,0.4191515461392945,0.1253148639974897,-0.2074875568143691,0.0732025556210718,1.464707917940265,-0.5996690798348118,-0.6073518192174254,1.0171414805078451,0.9303252958313062
2026-04-30,005930.KS,1,0.054421768707483,0.5436699987270409,-0.4549830939219785,0.2927700218845601,-0.4932334741967256,1.9241301392002936,0.4146788786388583,0.2403119204874054,-0.0387896694109476,0.5438107863381043,-0.8833880749893858,0.2451210043050588,-0.0918254719270608,0.1257738771619109,0.3803962430967984,2.4120125125851395,-0.5236092534775741,-0.6180073440863584,-0.4244891773453771,-0.4098006366197622,-0.01074828805388,-0.292941583588053,-0.4768974268719584,-0.5989147254844644,0.7934390808535918,0.7637894979782667
2026-05-04,005930.KS,1,0.1440860215053763,1.1425761196440465,-0.457626814946566,0.8783100656536802,0.3929297747212734,3.139395737635465,0.4935350420254579,0.9372024563018868,0.6867166510306661,-0.4826073088163088,1.491686275853977,0.5032910580796668,0.3759134498636693,0.1738665897270215,-0.8903303915903623,0.1446379808398598,0.6597872090053106,0.5843536862195223,0.8681479508545765,0.5848956673945089,0.0422092052141821,0.8788247507641588,-0.068467966017784,-0.4908917810062199,0.7375134809400282,0.7830542662316499
2026-05-06,005930.KS,1,0.0206766917293232,2.8198858327464564,-0.3888900683072891,1.4638501094227998,-0.8944745426719205,4.089958380882186,0.2172166082809865,1.409737919333034,0.919509709230772,0.399720655635316,3.2799399175535657,0.9079232518833392,1.7926696706579788,0.434767877204767,1.4725926502801083,1.6022358941046828,3.555485352199674,1.1061830548560885,5.1901700615863415,2.1729906959832497,0.3943066082704031,1.464707917940265,1.6318574549403495,0.2970630244218644,4.412205689340532,0.7560139589844314
2026-05-07,005930.KS,0,-0.011049723756906,2.1145580573095453,-0.3413030898647128,0.2927700218845601,1.499460740285944,4.089958380882186,0.4875805970350421,1.421489455717317,-0.6023866550778193,-0.8821118195646139,0.4740497946136875,0.8457971208893447,1.8360235261877391,0.5025835847729215,3.255957501319405,0.8734369374722712,3.0069598555493537,1.2902173756530868,5.104810883082399,-0.8798977188796822,0.632643292582029,0.2929415835880526,1.4166873789932837,0.5694289225203942,2.3034302785198038,0.5514128359078404
2026-05-08,005930.KS,1,0.0633147113594041,1.683899551864022,-0.3730277421597637,0.2927700218845601,3.247920263226486,2.343634524696499,0.1895364856228336,1.1816239926823795,-0.8852174876418804,1.501462592734888,-0.4827107378536036,0.6137059036723664,1.5310170474712128,0.5052538985548314,0.4601625809154077,0.6035113979787856,1.605310505904626,1.091960261913942,2.4462325730835763,-0.4702260528321523,0.7000627912343562,-1.464707917940265,1.5535984361405386,0.5619177048002307,1.464546279816352,1.1537269758780655
2026-05-11,005930.KS,0,-0.0227670753064798,2.8198858327464564,-0.3082565770573682,1.4638501094227998,0.4737430077858367,3.4907173953279385,-0.964821187789565,1.4608926305054182,0.5168201664967016,3.242354842200024,1.7598671092842817,0.7256763717062106,2.0851882185424127,0.6537241584220881,-0.4917029920155848,1.0083997072190145,1.940281989758893,1.47590889767641,4.169837575366979,0.7424846558908853,0.8563316727982672,0.8788247507641588,1.4723649044901128,0.3395416742156005,2.9186118775690004,2.759985837723474
2026-05-12,005930.KS,0,-0.0227670753064798,2.697654902973057,-0.2937161114221365,0.2927700218845601,-0.4906153480701378,4.075830851275666,-1.2709118464861195,1.2391526171790033,0.0625238045046012,0.4801841317698458,-0.8360661149381207,0.4605872846427123,1.5876057604305989,0.6092634217500588,1.7394014221720182,0.8464443835229225,0.2358310190037181,1.0836364899630873,0.755946341565037,-0.2692039537805736,0.8215282612895024,0.2929415835880526,1.7228294818722198,-0.3031896889009783,2.6389838780011834,2.1312398855060444
2025-05-12,012450.KS,0,-0.0324319830354551,-0.7578518930163508,1.236870772452169,0.2927700218845601,-0.4906153480701378,-0.5469594944601569,0.8362005438820498,1.2391526171790033,0.0625238045046012,0.4801841317698458,-0.8360661149381207,0.9079232518833392,1.5876057604305989,-7.73054816967184,1.7394014221720182,-0.2872428823497172,0.2358310190037181,1.0836364899630873,0.755946341565037,-0.2692039537805736,-0.0639991524041028,0.2929415835880526,1.7228294818722198,-0.3031896889009783,-0.4369241172448026,2.1312398855060444
2025-05-13,012450.KS,1,0.0199005698140768,-1.0492897577561373,0.9995684724454068,-0.8783100656536796,-0.4906153480701378,-0.537860625004725,0.5094637968132432,1.2391526171790033,0.3158047491108186,0.4801841317698458,-1.1275267833844276,0.9079232518833392,1.5876057604305989,-7.73054816967184,1.7394014221720182,-0.2872428823497172,0.2358310190037181,1.0836364899630873,0.755946341565037,-1.5041041473544217,-0.3294539225330504,-1.464707917940265,1.7228294818722198,-0.3031896889009783,-0.4369241172448026,2.1312398855060444
2025-05-14,012450.KS,1,0.0024390038797945,-0.859393777519389,1.0435627919969035,-0.2927700218845597,-0.4906153480701378,-0.5475893319098296,0.7145159938863476,1.2391526171790033,-0.6302371847420281,0.4801841317698458,0.4506446035288946,0.9079232518833392,1.5876057604305989,-7.73054816967184,-1.1332200422972112,-0.2872428823497172,0.2358310190037181,1.0836364899630873,0.755946341565037,1.8686362663270883,-0.3237123845522019,0.8788247507641588,1.7228294818722198,-0.3031896889009783,-0.4369241172448026,2.1312398855060444
2025-05-15,012450.KS,1,0.0231143166774789,-1.0723531619027018,1.072029660440691,-0.8783100656536796,-1.1405520045227966,-0.5602989230145152,0.4772996838393246,1.2391526171790033,-0.9351003059660276,0.4801841317698458,-0.0759366967837105,0.4835438576884027,1.5876057604305989,-7.73054816967184,0.4368771350117877,-0.2872428823497172,0.2358310190037181,1.0836364899630873,0.755946341565037,-1.3909534642048758,-0.2856020194313932,1.464707917940265,1.7228294818722198,-0.3031896889009783,-0.4369241172448026,-0.757515243968096
2025-05-16,012450.KS,0,-0.0023781014241581,-1.0089288004996495,1.0694415879225134,-0.2927700218845597,0.4501519514795948,-0.560822695656935,0.4661246152380592,1.2391526171790033,-0.2507820443055678,-1.127124266512069,0.5475602529371397,0.1750577688727871,1.5876057604305989,-7.73054816967184,-0.0870100803442038,-0.2872428823497172,0.328059761572718,0.0288510441558655,-0.1315356053126672,0.5889579294301791,-0.0612439579160481,1.464707917940265,1.7228294818722198,-0.0005543760612307,-0.4369241172448026,-1.0506115085157557
2025-05-19,012450.KS,0,-0.0286054715609601,-1.0665873108660606,1.0927326987620696,-0.8783100656536796,-0.0806110344103208,-0.565586314651813,0.5451165396505291,1.2391526171790033,-0.7791132379163304,0.4566951767546552,-0.2212041707459444,-0.1508791630853965,1.5876057604305989,-7.73054816967184,0.5332969464687494,-0.2872428823497172,0.2032244140757309,-0.0381129352445641,-0.159809000027042,-0.6994888081607675,0.0612305394240672,1.464707917940265,1.7228294818722198,0.079564190220714,-0.4369241172448026,-0.859634943031714
2025-05-20,012450.KS,1,0.042944816997146,-1.0665873108660606,1.131551028495861,-0.8783100656536796,0.5478372271034037,-0.5584175434302705,0.7443692982096117,1.2391526171790033,0.9980640391050288,-0.0717706849455635,-1.0121322422828944,-0.4976232098997264,1.5876057604305989,-7.73054816967184,-0.2315343396954089,-0.2872428823497172,-0.6931607154185293,0.0621258653707693,-0.2441221702144923,-0.1771455361644376,-0.1035625475122949,-1.464707917940265,1.7228294818722198,-0.1068064793514306,-0.4369241172448026,-1.0738061527983256
2025-05-21,012450.KS,0,-0.0069143168250254,-1.1011824170859077,1.0616780463361442,-0.8783100656536796,-0.2270321059278792,-0.5515873764814162,0.476945094333743,1.2391526171790033,0.4009183018945154,0.5539576738208439,1.1455805383731847,-0.5137307954518548,1.5876057604305989,-7.73054816967184,-1.0184158804914722,-0.2872428823497172,0.2935478332088954,0.4270741073358018,-0.1606593067506605,-0.5827297238321764,0.1414780631321572,1.464707917940265,-0.2016021096983396,0.0365526614498179,-0.4369241172448026,-1.0100208810212588
2025-05-22,012450.KS,0,-0.0036014562850873,-1.0089288004996495,1.1345951591100267,-0.8783100656536796,-1.0242410926957208,-0.5619639936468012,0.5059751669498758,1.2391526171790033,-0.8871416786355236,-0.2175580510348875,-0.3580009628135465,-0.6952911562349113,1.5876057604305989,-7.73054816967184,1.128257652208769,-0.2872428823497172,-0.0570074478437659,0.2205213048621484,-0.1784073449939482,1.136174690569192,0.2274345470741541,0.8788247507641588,-0.4436323589728777,-0.0186671745167645,-0.4369241172448026,-1.0680074917276832
2025-05-23,012450.KS,1,0.0036144736539456,-1.0550556087927785,1.124105326019269,-0.8783100656536796,1.1506065091351547,-0.5638091146547646,0.54127332028158,1.2391526171790033,-0.3959117063469416,-1.0113167443639772,-0.2580963828096449,-0.824726115078299,1.5876057604305989,-7.73054816967184,-0.3676312546891317,-0.2872428823497172,-0.1601407460747869,-0.2687972601801962,-0.1933816560681438,-0.5950201537615013,0.236455783250351,0.2929415835880526,-0.4691953819638106,-0.018397416373732,-0.4369241172448026,-1.0680074917276832
2025-05-26,012450.KS,1,0.0648259862157729,-1.0319922046462138,1.0349420719282143,-0.8783100656536796,-0.3649152282014188,-0.5600303158668607,0.5535121573995905,1.2391526171790033,0.2490697517302032,1.154118190856973,-0.0404885356920763,-0.8994126670193427,1.5876057604305989,-7.73054816967184,-0.2682378045448083,-0.2872428823497172,-0.0923556102427627,-0.1332903776696937,-0.1846704241777054,0.0782222857004354,0.2559880659686467,-1.464707917940265,-0.4696469267475661,-0.0019013802810457,-0.4369241172448026,-1.102799458151538
2025-05-27,012450.KS,0,-0.0620067948058974,-0.7956757423861088,1.1477075232249343,-0.2927700218845597,-0.2642172862967782,-0.5374934080841931,0.8033768605424182,1.2391526171790033,1.950068886638146,-0.3548444198347567,1.8054420068617103,-0.7414761418876268,1.5876057604305989,1.556155266258708,-0.0517432784415114,-0.2872428823497172,1.1580333785008765,1.3024631216438372,0.1155558913006793,2.1777912229196863,0.7894206899870753,1.464707917940265,0.069163278411234,0.5782176782325765,-0.4369241172448026,-1.0100208810212588
2025-05-28,012450.KS,1,0.0300481064138957,-0.9266550870933536,1.2578503396222338,-0.8783100656536796,-0.0448813725060086,-0.5429431511678302,0.7601906246551265,1.2391526171790033,-0.4389277269416149,-0.2545822952051547,-2.019402282820851,-1.0276736298218148,1.5876057604305989,1.556155266258708,1.7847431503492242,-0.2872428823497172,-0.6383746448847573,-0.3784695955396613,-0.2637341659822887,-0.821820265718641,0.5270448758768584,-1.464707917940265,0.6538071257902979,0.6101623230952451,-0.4369241172448026,-1.056410169586398
2025-05-29,012450.KS,0,-0.0536756725679501,-0.7818797485957796,1.1634422135471945,-0.2927700218845597,1.8157080672055996,-0.5526938843108627,0.8624672391262675,-0.0814988238160707,-0.6916827125926353,-0.0361956598053663,0.75665971338863,-0.9332795528107252,1.5876057604305989,1.556155266258708,-2.0205325457351493,-0.2872428823497172,0.0372450604366315,0.0560671125340838,-0.1335171612609927,0.8132331220481532,0.5768128805480363,0.8788247507641588,0.586988411716399,0.6047688489967429,-0.4369241172448026,-1.0332155253038282
2025-05-30,012450.KS,1,0.0295931467700778,-1.1415433743423953,1.171309421501129,-0.8783100656536796,-2.039510062550906,-0.5298530144447896,0.5601348276207435,-0.5846713887782017,1.3753940271975196,1.8163412119565567,-1.7681640377727066,-1.1164786426426292,1.5876057604305989,1.556155266258708,0.7413266163475324,-0.2872428823497172,-1.374789894434765,-0.4691788933865438,-0.2684856417346944,-1.694115980593315,0.1094578403627899,-1.464707917940265,0.7680775099641292,0.8535983835785302,-0.4369241172448026,-0.7955543264016285
2025-06-02,012450.KS,1,0.0119759991053767,-0.8498118358723807,1.095258490911028,-0.2927700218845597,0.7585971874577092,-0.5615327312036787,1.0068327858027946,-0.0948197120162782,-1.3211300755919388,-2.02219166457421,0.7429396815350695,-0.9752076316242584,1.5876057604305989,1.556155266258708,-1.7705796808858612,-0.2872428823497172,-0.5841993378509579,-0.2523490495390779,-0.2666034706310988,4.648913285754266,0.0408020529814254,1.464707917940265,0.8669957059749597,0.8438664246925889,-0.4369241172448026,-0.9272789967730308
2025-06-04,012450.KS,1,0.0710059295136356,-0.8818281190844073,1.137217581035861,-0.8783100656536796,-1.7862766852313283,-0.5550440274202406,0.7828555478556618,-0.1444006018643559,0.4716780663603789,0.7638054722195871,0.2116665666270735,-0.8626633055041987,1.5876057604305989,1.556155266258708,0.7276767786527827,-0.2872428823497172,0.034810551350184,-0.7719667221247654,-0.1486725191536125,-0.3553935690513972,0.08565923511537,0.2929415835880526,0.8729228249978176,0.1921126750148735,-0.4369241172448026,-0.781679827803862
2025-06-05,012450.KS,0,-0.0276242674658407,-0.7114314109929938,1.1634421029832522,0.2927700218845601,0.7447682021352575,-0.5213421890645005,0.841162498239957,0.2813820182015885,2.350930162834535,-1.7700542727173425,1.9918080286660684,-0.4689161087926617,1.5876057604305989,1.267191899952375,0.1991217528715315,-0.2872428823497172,1.5383814970096723,0.5731868185316006,0.2738453562795224,0.8512852726772435,0.6980555063064993,1.464707917940265,1.2545058422461044,1.171868693676268,-0.4369241172448026,-1.143390085646035
2025-06-09,012450.KS,1,0.0636363760034304,-0.8552214404971584,1.2762075391044412,-0.8783100656536796,0.2092761430283224,-0.5470309950171229,0.4214555772779231,-0.0890780433347513,-1.0114896643893931,0.7500363382762777,-0.9825424717992745,-0.3592298477296846,1.5876057604305989,0.6594015207886571,1.9701556899553556,-0.2872428823497172,0.5502424919807233,-0.0050625312658714,-0.0440350652923197,-0.7767050724797804,0.7838930023353545,-1.464707917940265,1.042571873259791,1.3093407598317128,-0.4369241172448026,-0.8499984762453568
2025-06-10,012450.KS,0,-0.0331197110512035,-0.7790072518577316,1.3102994137166242,0.2927700218845601,2.003554058209428,-0.5410440376381768,0.7668468300414406,0.272240758746635,0.1401148676546509,0.2168618706274258,1.7695674183604222,0.6934749846342209,0.6605937739654195,0.1922671763276032,-0.9889774966132676,-0.2872428823497172,1.5225476486211866,1.091961047099009,0.2115543836151175,0.2528048711906003,1.3417763376660763,1.464707917940265,0.835908262718011,1.5623123558529572,-0.4369241172448026,-0.8821969451111764
2025-06-11,012450.KS,1,0.0530386965734104,-0.7213695990518656,1.394217673048287,-0.2927700218845597,-0.9944163440303956,-0.5323268433517628,0.7276763694867363,0.2079263723460963,0.217490583523794,2.003374211886509,-1.148266315804211,0.4608672211624058,0.2190778661622686,0.1424603831867954,1.7490521027164565,-0.2872428823497172,0.0719068904692306,0.4628748845746307,-0.1156097180052822,0.0967668168733987,1.2946738035237602,-1.464707917940265,1.0281219574530278,1.1235614963373275,-0.4369241172448026,-0.7108306105499378
2025-06-12,012450.KS,0,-0.0083945359154503,-0.8030142498766153,1.349636080417824,-0.8783100656536796,1.7795485915477816,-0.5292352631872106,0.5739645787247187,0.2781033889203519,-0.0795561042429667,-0.9816210761986722,1.4499775353248,0.6338282289373997,0.7020637870490734,0.2248298962482754,-1.153853467526583,-0.2872428823497172,0.8787517162465951,0.6657074872479244,0.0489420519378703,-0.5238290380697934,1.6563029118206325,1.464707917940265,0.649110807520311,0.8380169711623627,-0.4369241172448026,-0.8554388637173751
2025-06-13,012450.KS,1,0.0264550522074269,-0.5874969000460277,1.4151973423686908,0.8783100656536802,-1.161456233644777,-0.5234100574632019,0.7350471117109769,0.2594091884380275,0.0129703550899773,1.7803382332821918,-0.4026393243623929,0.5132640279848518,0.5127922758890577,0.2112192292306065,1.4310972991940285,-0.2872428823497172,0.3792078312660702,0.1832820284181806,0.0058629467137478,0.9005586357462955,1.6922653889941073,0.2929415835880526,0.7406722740125091,0.9349541809821196,-0.4369241172448026,-0.7787909853928084
2025-06-16,012450.KS,0,-0.0164948947806666,-0.7421687114813831,1.4650239507148817,-0.8783100656536796,1.4574207824525915,-0.5423202039772016,0.419716164915176,0.4044689396086521,-0.8195308363034919,-1.147938022839865,0.6483054476110459,0.5576598835425239,0.7086138894589509,0.2546499952984327,-0.4120412383250799,-0.2872428823497172,0.5769161133081316,0.7512053876060028,0.0070912524548963,-0.7036873527552485,1.8476134912553064,0.2929415835880526,0.7391933822923125,0.5797681501308647,-0.4369241172448026,-0.7208253509349192
2025-06-17,012450.KS,0,-0.0283018780695251,-0.7658820357700389,1.4414217767844058,-0.8783100656536796,-0.4099080717506188,-0.548636086509205,0.4663467798471479,0.2609773713947538,-0.5131330217801531,1.4596045824122708,-0.6469185327849263,0.4084647514432416,0.434596748530598,0.2264009477392943,0.6335267105467325,-0.2872428823497172,-0.0123652971430679,-0.0027142918429068,-0.1429865707591702,-0.2818622058800946,1.6560404697420068,-1.464707917940265,0.4795565328755977,0.5941433851805494,-0.4369241172448026,-0.8029345929800393
2025-06-18,012450.KS,1,0.007551250752583,-0.9058351171032908,1.4676462961802632,-0.8783100656536796,0.6493824591643212,-0.5500559316925598,0.6696743999625729,-0.2323231819645376,-0.2850241075987785,-0.3996425358840598,-1.0029768975624964,0.2354068702058407,0.0495953779696723,0.1727468109549421,-0.6550706702359256,-0.2872428823497172,-0.9480943477816852,0.0674985723431992,-0.320439067437094,-0.8246732077377241,1.143348475564137,-1.464707917940265,0.4855510220649444,0.1139084168585118,-0.4369241172448026,-0.586190861903928
2025-06-19,012450.KS,1,0.0042826513460383,-1.0319922046462138,1.3679932323831856,-0.8783100656536796,-0.6561271493673124,-0.5567778876879015,0.4738110539759573,0.2594090505629243,-0.6217591056397457,0.6550634215636824,0.078231240726794,0.2575051482759627,0.0514732823647944,0.1649061269233404,-1.0093073761667912,-0.2872428823497172,-0.6280952603834634,-0.7078795372895993,-0.2439541704580869,-0.989800679058722,0.7928864602385542,0.8788247507641588,0.002739266508139,0.1847987226974625,-0.4369241172448026,-0.7417428187610076
2025-06-20,012450.KS,0,-0.0202558619639925,-0.8177538375392638,1.3627483235322422,-0.8783100656536796,-1.0150130435839024,-0.5317545000308354,0.6729604754925977,0.1360895266540728,1.8406407199892083,-0.6447959856891045,-0.0203385743846962,0.2534655416744846,0.0370308237702221,0.1619693933221164,0.066369106177626,-0.2872428823497172,-0.4670253053766175,-0.4401406751164812,-0.2464331186405645,1.9577789675335364,0.5305806975338242,-1.464707917940265,-0.209138246616603,0.2062534340524808,-0.4369241172448026,-0.7655910814952199
2025-06-23,012450.KS,0,-0.0261153190400564,-0.5801166774344308,1.423064670856822,0.2927700218845601,0.0747811809854574,-0.551680790321244,0.8648911899572371,0.4109160313187909,-0.9676673899553484,-1.0021286339355298,-0.7603364815119955,0.1447304118189202,-0.2375960855850658,0.1182219829245642,-0.0316964079723406,-0.2872428823497172,-0.7354064365967858,-1.604200737518107,-0.3568390162935402,1.0505412009913522,0.1063465604118766,-0.292941583588053,-0.7023333421523028,-0.0250969042677561,-0.4369241172448026,-0.9063405526984072
2025-06-24,012450.KS,0,-0.043575466346474,-0.8449895787080589,1.3129218406716447,-0.8783100656536796,-0.0245713963964841,-0.5474322114126103,0.7346040205680211,0.0068982634605285,0.0821569042996857,0.0829489982157415,-0.9370377314372342,0.0230557666376324,-0.5555199553378568,0.0661790493516737,-0.7679083522704744,-0.2872428823497172,-1.1151704049423246,-1.6609984177645625,-0.3737282064711497,-1.069089284298463,-0.4474384858328287,-1.464707917940265,-0.6074361283747026,0.1909774182334933,-0.4369241172448026,-1.0332155253038282
2025-06-25,012450.KS,1,0.025700948681572,-0.6893324582792938,1.291942125983511,0.2927700218845601,-0.7704457723114847,-0.543803416952749,0.8321310401524706,-0.4124389840854061,0.0087162390018486,-0.0159735845831563,-1.4635762507696866,-0.1788519286568955,-1.0217994614071342,-0.0014625681610161,-0.9437055667144764,-0.2872428823497172,-1.90013627122922,-1.727874005354446,-0.6528021233926843,0.6794564007267289,-1.202244956683412,-1.464707917940265,-0.7467995986620777,1.1167096102028915,-0.4369241172448026,-0.8177580548824668
2025-06-26,012450.KS,1,0.0136674137081027,-0.8581147947957516,1.223758466531712,-0.8783100656536796,-0.948550241583606,-0.5427964225367102,0.6764491053559654,-0.7312110496511526,-0.1480974584240716,-0.758619841512963,0.6255642560873588,-0.0600234707561163,-0.7611732227361252,0.0341908445237098,-1.4675502199655297,-0.2872428823497172,-0.8744513507860018,-1.2605072084905835,-0.321683048635155,-0.8537867401025121,-1.432002900631504,1.464707917940265,-0.3812898102182816,1.0419987651046152,-0.4369241172448026,-0.5787686428284465
2025-06-27,012450.KS,0,-0.0471910048724197,-0.7329013011251477,1.294564579527099,-0.2927700218845597,-1.479270106761199,-0.5413742052969632,0.7912954164234103,-0.4084754956614954,-0.1286878201953131,-0.9359534806866512,0.2626738648398048,0.0157319714184718,-0.6549925519341022,0.039032204424943,0.6109018670626416,-0.2872428823497172,-0.1930775636559232,-1.060667802603238,-0.1848474588700249,0.5342792538741798,-1.417325266885633,0.8788247507641588,-0.361327508775851,0.526629717991625,-0.4369241172448026,-0.8451487784793755
2025-06-30,012450.KS,0,-0.0106131795091877,-0.7591517333005334,1.2394931521817392,-0.8783100656536796,0.6264606753701737,-0.5497556971263421,0.7746119652788399,-1.3211233356308902,-0.6051151483681396,-1.4643764082995268,-1.5726085669713488,-0.2133098674443032,-1.1365735985866523,-0.0234980589453442,0.2498680885420859,-0.2872428823497172,-1.0916036986840671,-1.2457621951226168,-0.4028635729712707,-0.2910379283572797,-1.7861350300939514,-1.464707917940265,-0.1553780664729378,0.3923190484777248,-0.4369241172448026,-0.6886059058205644
2025-07-01,012450.KS,0,-0.0238378803350047,-0.9973970984263671,1.1765544234901388,-0.8783100656536796,0.2606885002189307,-0.5582674261471616,0.5619077751486515,-1.1603382090721348,-0.728580668796588,0.6322408424718676,-0.4695460515664367,-0.2444566138775886,-1.2559534287577236,-0.0479026654912855,-1.5760247071620803,-0.2872428823497172,-1.030152121362897,-1.132836394564321,-0.3010704837215395,-1.2647116109529457,-2.0426532962045187,-0.878824750764159,-0.2133823139476063,0.4218464258486821,-0.4369241172448026,-0.858348682376964
2025-07-02,012450.KS,0,-0.0024420386064124,-0.681637704376924,1.124105477675573,-0.2927700218845597,-1.5891682700103174,-0.5423020182115278,1.022189589798301,-1.9800137068614945,1.194684470157353,0.2680517168809651,-0.8683579441145015,-0.3621435670707352,-1.478962571179585,-0.072855425636423,-0.4786056586390962,-0.2872428823497172,-1.4534194368097073,-0.9434788502523004,-0.5342967595676561,2.5590284649169064,-2.3206309812582115,-0.878824750764159,-0.2054411947868061,0.8495007406298042,-0.4369241172448026,-0.7324226730762039
2025-07-03,012450.KS,0,-0.0465116243200049,-0.7719832756579982,1.1581972446892077,-0.8783100656536796,-0.4773461184223461,-0.5481827978281547,0.975895192171386,-1.9453517513390104,-0.4914243245783428,-1.573798936027868,-0.2231322981943357,-0.3870918493151447,-1.487413352639585,-0.0665966266649791,-0.8753771575772958,-0.2872428823497172,-1.1283636924716114,-1.640489552276431,-0.4064559799099598,-0.5345401332396456,-2.4126740770830315,-1.464707917940265,-0.2052312369084872,0.8840314322745764,-0.4369241172448026,-0.7588224808713812
2025-07-04,012450.KS,1,0.033376133306211,-0.7434476942050205,1.0637890631806255,-0.8783100656536796,-0.8793250545743865,-0.5456014356980666,0.8363632947078151,-2.043127004137857,-0.0479601524046763,-0.4667887129785298,-1.5521207655883522,-0.6265905933822816,-1.5815319864759392,-0.0933615213187082,-0.233452602495834,-0.2872428823497172,-1.6960202726300684,-2.179282114781857,-0.5596185132358936,-0.0434768045590833,-2.737338581606516,-1.464707917940265,-0.1724065194763194,0.7204152570773651,-0.4369241172448026,-0.9984235588799736
2025-07-07,012450.KS,1,0.0124223879587688,-0.6915550348752506,0.9379114961830672,-0.2927700218845597,-0.228975545015209,-0.5482277539445409,0.6895545144841411,-2.043127004137857,-0.3429883972659999,-0.8670278979374171,0.8570216588765804,-0.5022612407835868,-1.52120603265137,-0.0338953781298767,-1.555641725068085,-0.2872428823497172,-0.5063001128712855,-1.1347797632632948,-0.269153769553683,0.0525739659535431,-2.545866272220208,1.464707917940265,-0.0651637465219497,0.4665512415524934,-0.4369241172448026,-0.6808673656435292
2025-07-08,012450.KS,1,0.0429447639330593,-0.8767121881898574,1.0900136401777945,-0.8783100656536796,-1.5685177709707514,-0.5491525170723155,0.8298407522932153,-1.7367182071353346,-0.2546822739576413,-0.2194930789838045,0.225128132660093,-0.4342271613813407,-1.3385006682779244,-0.002826228970372,0.8411750920115543,-0.2872428823497172,0.0107191695106137,-0.7481129487723203,-0.1523863036416262,-0.9223216230142232,-2.194976586314844,0.8788247507641588,-0.0752503662795818,0.1641755309948398,-0.4369241172448026,-0.7717270399159513
2025-07-09,012450.KS,1,0.0035294270259051,-1.026226353609573,1.147707490932318,-0.8783100656536796,0.8597561268755781,-0.5483060318054849,0.5017773580753452,-1.3409424865466395,-0.1485984880870977,-1.5532378116473011,1.1455789381412314,-0.2375322284886807,-0.8938261617407932,0.0604490933931635,0.2125144471035195,-0.2872428823497172,1.0097216509050664,0.2618698195426902,-0.0591781011164864,-1.067576847998238,-1.5081631205657726,1.464707917940265,0.0255807742386439,0.6604801870500109,-0.4369241172448026,-0.7430290794157575
2025-07-10,012450.KS,0,-0.0550996887397567,-0.6400186219573438,1.1713095727277516,-0.2927700218845597,0.2228446100023645,-0.5454893842722999,0.9407544318386843,-1.353809221676198,-0.0334302939113073,0.8645265991808257,-0.0430532520611167,-0.1782753101118418,-0.8006407150621468,0.0665181084499849,1.1282560601638911,-0.2872428823497172,0.8537768736709079,0.3423009339788571,0.1312813811930549,3.577616090751464,-0.96292461561401,-0.878824750764159,0.002419152912251,0.978832583511988,-0.4369241172448026,-0.6908411297799754
2025-07-11,012450.KS,1,0.0012406741306194,-0.8260985115837249,1.1608196784577185,-0.8783100656536796,1.150604896195445,-0.550286360027806,0.920351619159006,-1.5388688766754264,-0.4602181231286775,0.2303716137368959,-1.8111075108975263,-0.398285540855154,-1.2838800913552628,0.0002560883572725,-0.0542948732587919,-0.2872428823497172,-0.9472947006299862,0.1547444538207965,-0.3462324139388336,-0.8640458058832152,-1.0320399719811415,-1.464707917940265,0.3557556394005475,0.5647714318758301,-0.4369241172448026,-0.8770519024921765
2025-07-14,012450.KS,1,0.0508054662241346,-0.6925612014292052,1.0585440968472597,-0.8783100656536796,-0.047466455791694,-0.5585056483819822,1.026881008976891,-1.3695352598762522,-0.7197969997209996,1.1541165848980115,-0.1120742367900755,-0.3229046681832562,-1.1801764746500798,0.0034965261553526,-1.813303447452812,-0.2872428823497172,-0.926438010366042,-0.2313033917701818,-0.3839539265163305,0.5259259161418823,-1.0012706110063894,-0.292941583588053,0.3565377046883445,0.5413605559295456,-0.4369241172448026,-1.027416864233186
2025-07-15,012450.KS,1,0.0070755025398934,-1.0031629494630083,1.042809426919401,-0.8783100656536796,-1.8295611809144867,-0.5525308901501961,0.5737920227610802,-0.5768287024549237,0.3278877320571272,-0.0387695549383249,1.3826309213014591,-0.0241546578849045,-0.6194689767059152,0.0640276731145753,-0.1229627341746975,-0.2872428823497172,0.2464309808799255,0.2247797340974478,-0.1400444204704612,-1.4293872468673334,-0.5081051609947954,1.464707917940265,0.2624881167517985,0.5797681501308654,-0.4369241172448026,-0.6390114537428173
2025-07-16,012450.KS,1,0.049180319402452,-0.7793217831485048,1.1424625818483756,-0.8783100656536796,-0.1170355497227866,-0.5604799899857895,0.786333462065503,-0.747175825326425,-0.7450504688064375,-1.8131514345721893,0.0638842965064229,0.0585705652261998,-0.5016741062102664,0.0695907788692872,1.3640952426010622,-0.2872428823497172,0.4222744213261049,-0.1931707969767313,-0.0438567877183638,1.8056261560687696,-0.0993174014815,0.8788247507641588,0.1946668685413176,0.6222200185182643,-0.4369241172448026,-0.8261502135111445
2025-07-17,012450.KS,0,0.0,-0.9339727370233152,1.1817993100120612,-0.8783100656536796,1.3895393557338989,-0.5268311275561427,0.231928292852854,-0.4416616591334001,3.087431364829074,-0.1080375561919458,1.333622033451351,0.3386935119798533,0.037378320369317,0.1311528619902525,0.0520955635128637,-0.2872428823497172,1.5362750762598036,0.3278739132076624,0.0804755484630981,-0.9125740753169248,0.5945749873796131,1.464707917940265,0.383373674408149,1.3196849895053742,-0.4369241172448026,-0.691853021830242
2025-07-18,012450.KS,1,0.0256696369709605,-0.6745928706166454,1.312921796477827,-0.2927700218845597,0.060320304861904,-0.5592072122987536,0.9323879019436738,0.0213275687573491,-1.3211300755919388,1.392016944204631,-0.1494887389844721,0.3915564405912938,0.0646058895919115,0.1209812432093495,1.3153370930650927,-0.2872428823497172,0.9069639792268808,1.6371673246966825,0.1276535872322342,1.6367266033180257,1.010059386680141,-0.292941583588053,0.2670358711028799,1.3130413498134512,-0.4369241172448026,-1.004222219950616
2025-07-21,012450.KS,1,0.003264432020092,-0.6857891838386094,1.2762074868579585,-0.8783100656536796,1.3401412786752844,-0.5538568696734579,0.4186416807449049,0.3264018299466417,0.2893184940721222,0.0685507082732722,0.6246200016401439,0.5243220090286672,0.3477025532739516,0.1584045875949959,-0.1601858170242346,-0.2872428823497172,0.8963222558393856,1.637167324696715,0.1183883339121106,-0.2209059826901432,1.4563930158072216,1.464707917940265,0.2962461297597006,0.9296046414997632,-0.4369241172448026,-0.7791073064943622
2025-07-22,012450.KS,0,-0.0130151723745816,-0.7796363144392778,1.3417687636535351,-0.8783100656536796,-0.1547471678309379,-0.5557714580471941,0.7061937148100244,0.6286037746590227,-0.3382279197711469,1.3428326603470355,-0.051044598041345,0.5093390867514248,0.3666011317278001,0.16903342951664,0.609962443591574,-0.2872428823497172,0.5053929936532399,1.6371673246966365,-0.0246994872101444,-0.5510636667329539,1.695566314934131,0.8788247507641588,-0.4977544407778941,0.752229072590192,-0.4369241172448026,-0.9346382871029066
2025-07-23,012450.KS,1,0.0340659195334771,-0.7598016534426246,1.362748391142903,-0.8783100656536796,0.6255089224128505,-0.5550736216476105,0.8135561414729138,0.4837660200462641,-0.1456359410070717,-0.1455859596967962,-0.5419819677472099,0.4011424754879893,0.1837170296436956,0.1526590259683496,-0.0622453340709073,-0.2872428823497172,-0.2259551659684537,1.064700359642773,-0.1937658426580885,-0.0827621865417497,1.6386222087159366,-0.878824750764159,-0.3557095669161805,-0.0695939362161435,-0.4369241172448026,-0.6737824439181369
2025-07-24,012450.KS,1,0.0042507931108828,-0.7268000612371885,1.3286565103860135,-0.8783100656536796,-0.0555212626206251,-0.5494297088050086,0.660327245361429,1.2550244779855628,0.2276356574303015,0.6312932086690428,0.8778232599390827,0.5133359203744116,0.5210350490786646,0.2136887688974205,-0.5506709796012672,-0.2872428823497172,0.4513659883371653,0.9734374419572632,-0.0189447860418924,-0.0263018750110768,1.8243934766340173,1.464707917940265,-0.5358275521447758,0.1630064684160631,-0.4369241172448026,-0.6850424687093329
2025-07-25,012450.KS,1,0.0084656007046111,-0.9339727370233152,1.3863503952710925,-0.8783100656536796,-0.5503572624469348,-0.5648348596118087,0.530807430691478,1.1461342337657383,-1.1461016481927768,-0.0467895008366674,-0.021299310149002,0.4805381676853094,0.5329072836997609,0.2294722940889927,0.8618702683292684,-0.2872428823497172,0.2669571199647468,1.0098061791126656,-0.1196797717596466,-1.0657678695432289,1.8787465934123104,0.8788247507641588,-0.5242464607608351,0.077107481021003,-0.4369241172448026,-0.7794236275959159
2025-07-28,012450.KS,1,0.0472193141101524,-0.6774653673546933,1.423064672464799,-0.8783100656536796,0.8807229175395653,-0.5653346857801734,0.5697269663426111,1.13530692223574,-0.2637609401661576,-0.5394838672496598,0.1058049181673974,0.4509877145725345,0.5597596145112285,0.2491774138281627,-0.0326522284391066,-0.2872428823497172,0.2993631809910753,0.8475575247264786,-0.0445572610100347,1.6166389154181091,1.8833788087095256,-0.292941583588053,-0.8751296495199663,0.2266116979690028,-0.4369241172448026,-0.7594760993230237
2025-07-29,012450.KS,0,-0.0210421122556602,-0.3337994544338186,1.4335544871894106,0.2927700218845601,-0.0255397615522758,-0.5424669326083216,0.5907204580263744,1.1878146528049036,2.8176601118084665,0.8854026462863981,1.2744847991033332,0.5735784807153304,0.99383136881014,0.3389492346452564,0.093801711708636,-0.2872428823497172,1.1775475414543248,1.1791936805147742,0.440606939109167,1.1726558079784597,2.221487524821943,1.464707917940265,-0.5953934528501379,1.0003148330833225,-0.4369241172448026,-0.7262867146554727
2025-07-30,012450.KS,1,0.0194472864930053,-0.928206885986674,1.5568095495332193,-0.8783100656536796,0.1025738264167553,-0.5461385370383094,0.0606418383931596,0.824891295629657,-0.3828023271813329,-0.0169377586874184,-0.7840471099009808,0.389245865826416,0.637073973062152,0.2993019880454942,1.2565024154796072,-0.2872428823497172,0.1474061005847918,0.9018871641215584,-0.1373780677738986,-1.6479609692501116,2.0868890373132585,-1.464707917940265,-0.3942378546343898,0.582631622650988,-0.4369241172448026,-0.9346382871029066
2025-07-31,012450.KS,0,-0.057228912423434,-0.876314226656904,1.4886258556350038,-0.8783100656536796,1.2805344239290328,-0.5111222405760697,-0.1459427693982392,1.7508029610836269,1.7359842993207224,0.11062135802085,0.4369751238546094,0.4108461452995962,0.7435500545257696,0.3254506578838719,-0.7914976728059208,-0.2872428823497172,0.3749275046588539,0.8109247734289373,-0.0848261481785474,0.1794888357502974,2.057427431096695,0.8788247507641588,-0.3867270674111048,0.588911987777654,-0.4369241172448026,-0.6766712863291905
2025-08-01,012450.KS,0,-0.0010649450044577,-0.834736859358414,1.527962609345912,-0.8783100656536796,-0.794344691459569,-0.5317982136414923,0.6293507587380966,0.7838555407223377,-0.755086598479846,1.283483782045166,-1.875317638455784,0.1165491744035963,-0.024945465177073,0.196530510377572,0.4232775908622418,-0.2872428823497172,-1.246085027967277,-0.3473867044492019,-0.4047650312235927,0.0702133103654789,1.3319660547193717,-1.464707917940265,0.2342002282052999,0.6916061243222149,-0.4369241172448026,-0.3310497747956598
2025-08-04,012450.KS,1,0.024520250421065,-1.0546952431029886,1.3784830217925328,-0.8783100656536796,0.4363739197812075,-0.565586314651813,-0.1543634406689972,0.5044938652630685,-1.3211300755919388,-0.7824153269500649,-0.1816038498124075,0.1101351930886163,-0.1170535266405207,0.1693500467788727,-1.877185064411444,-0.2872428823497172,-1.190796932180792,-0.4712208389421832,-0.296186037306465,-1.3586019028567533,0.7640872975476387,-1.464707917940265,0.0944018370157009,0.8821642070578014,-0.4369241172448026,-0.9288396260322642
2025-08-05,012450.KS,0,-0.0260145283149377,-0.9759956246661446,1.409952405190091,-0.8783100656536796,-1.8942812137127671,-0.5580506653749374,0.2819899257232469,0.6237592912926732,0.8448921278881131,0.4429767759098544,0.5899584216716767,0.2182637428575617,0.0598105163866965,0.1826197295906461,-0.1921366211498427,-0.2872428823497172,-0.3047666471851946,-0.8545643410359928,-0.2091225326847328,0.6927399001531281,0.5624198818428836,1.464707917940265,0.170220742869553,0.6271011315534917,-0.4369241172448026,-0.876651676396482
2025-08-06,012450.KS,0,-0.0042735675612217,-1.0928219330827778,1.436177004279588,-0.8783100656536796,-0.1871173110644737,-0.5583205150283213,-0.1127974329659608,-0.0525157297208873,-0.2234326590152202,-1.877591361265012,-0.9339982267735514,0.0825580274232454,-0.2774363488813914,0.1294258304917521,0.5754781985210801,-0.2872428823497172,-0.8028751481542278,-0.8969546260385047,-0.2477282013893169,-1.113902111221013,0.1203109590981254,-1.464707917940265,0.2583787176458429,0.6629643205074345,-0.4369241172448026,-0.8348377169928405
2025-08-07,012450.KS,0,-0.0547209988522188,-0.9025397034039484,1.4020850003218288,-0.8783100656536796,0.5905720880269649,-0.5615758800390042,0.0054819738885304,-0.1028895487751075,-0.4852216969936913,-0.1778160060490074,-0.2783649676017325,0.060276431718506,-0.3688559481762657,0.1094856755744239,-0.9406816127051466,-0.2872428823497172,-0.5458285851674415,-1.3812973710925358,-0.2520130203512103,2.3983345502522706,-0.2401319659836731,-1.464707917940265,-0.1651929238179234,-0.1210802684440688,-0.4369241172448026,-1.0560477532694832
2025-08-08,012450.KS,0,-0.0011350548653954,-0.7322940785407481,1.3155442407074556,-0.2927700218845597,-0.9454865996161358,-0.5418107766282015,-0.4751421969630858,-0.8768907197395072,1.851204716962648,0.5965075797166799,-1.7996875148819644,-0.1685423480556084,-0.9893395833161188,0.004588459711141,-0.2884026915995327,-0.2872428823497172,-1.7473937801573205,-1.3352595758930357,-0.5803245538786682,0.9094746043373052,-0.9992293226930472,-1.464707917940265,0.1118530706596981,0.8756090122539878,-0.4369241172448026,-0.97690030204258
2025-08-11,012450.KS,0,-0.0329545684800711,-0.7916256482127896,1.234248342737986,-0.8783100656536796,-0.2846468279034115,-0.5614158227100612,-0.0108631003306944,-0.9195333375198056,-1.1585350133513286,-0.9329030980576412,-0.1837181242065971,-0.1278254503600169,-1.0399287718664758,-0.0245635886261991,-1.80194187819766,-0.2872428823497172,-1.4396587406951038,-1.3352595758930357,-0.4687099033263062,-0.4342718652334242,-1.467187518093076,0.2929415835880526,-0.0438283537177767,1.2379576333476587,-0.4369241172448026,-1.0943913995991064
2025-08-12,012450.KS,1,0.0317273692872277,-0.8888282869388311,1.260472785206736,-0.8783100656536796,-1.8180504964665725,-0.5444675927425762,-0.775359077327867,-1.0585565340378942,1.5430070084802467,-0.2749234184490599,-1.1432861788467832,-0.2792308720417084,-1.3685217353291694,-0.0689116864399564,-0.1942400785347004,-0.2872428823497172,-1.6892366930746887,-2.179282114781857,-0.4588982294717814,-0.6514588091738249,-2.004423147131193,-1.464707917940265,-0.2906154338938206,1.279721214984504,-0.4369241172448026,-0.903026386756796
2025-08-13,012450.KS,1,0.0056948095331386,-0.7398344321592646,1.1791768218974614,-0.8783100656536796,-0.1892483753270757,-0.5346658039095773,-0.6124970782957448,-1.1041509864283925,0.3157605983691606,-1.801690567975912,0.8073005568693256,-0.1244702735586232,-1.0768959670409748,-0.0363771707250701,-1.14889880984852,-0.2872428823497172,-0.4740772287538971,-1.2592456947443451,-0.2555861215786079,0.7389486186949561,-1.9935215368912975,0.8788247507641588,0.0042681389650059,0.8727910893888806,-0.4369241172448026,-0.7318119951486964
2025-08-14,012450.KS,1,0.0056624909637117,-1.040448786166621,1.247360625472372,-0.8783100656536796,-1.1564365484411891,-0.5519538027164841,-0.447718891572661,-1.0926436167038944,-0.9095957904563278,-0.1799378471378057,0.022247302346463,-0.1009256632090574,-1.0136180264387782,-0.0259740533830125,0.7917083721345887,-0.2872428823497172,0.0019881342877952,-1.098516598332961,-0.175332157018336,-1.4987138484414522,-1.854828040539361,0.8788247507641588,-0.1507138425889598,-0.0146514603798239,-0.4369241172448026,-0.791481185547656
2025-08-18,012450.KS,0,-0.0686936835460255,-0.7139388241325023,1.244738122500029,0.2927700218845601,0.8096401798272475,-0.5524372504002357,-0.2169902487675132,-1.1273848514622875,-0.2325398973133865,-1.1429400626634785,0.0212726844698593,-0.0759240210424543,-0.9529542548650114,-0.0168031669844813,0.0106715917286288,-0.2872428823497172,0.1177245517567397,-0.0716904190103597,-0.1023305483197546,3.200430391571347,-1.6392265756026088,0.8788247507641588,-0.1590082707788191,0.0493504378679383,-0.4369241172448026,-0.8892369467635702
2025-08-19,012450.KS,0,-0.0133010949038576,-0.9710183299337344,1.2630952960735582,-0.8783100656536796,0.0183526631497847,-0.5501673053879288,-1.159525621626371,-2.043127004137857,-0.0450284934007465,0.8146275522504663,-2.2210560509350405,-0.4284022800761478,-1.5815319864759392,-0.0837857535425075,0.0097019601729565,-0.2872428823497172,-1.5238477589239965,-1.0674029653204198,-0.3797718939685047,-1.253985422254001,-2.041922489898622,-1.464707917940265,0.3153083218833089,0.6745761597965285,-0.4369241172448026,-0.7393952564415586
2025-08-20,012450.KS,1,0.022058841697506,-0.8021340920214359,1.061166648790988,-0.8783100656536796,0.0173703056411137,-0.5427225499233519,0.2889506955208239,-2.027438881983553,0.2686928587649489,0.0267647010901692,-0.5506044164910112,-0.5118844597996928,-1.5815319864759392,-0.0750662213602635,-2.221154616782241,-0.2872428823497172,-1.6658022569144335,-0.8837897591480648,-0.5127749826822458,1.1539170938694407,-2.3074538311467485,-0.292941583588053,0.0760522220386172,1.1329810745658728,-0.4369241172448026,-1.0417202282074374
2025-08-21,012450.KS,1,0.068345315860111,-0.9199781168699168,1.1267279317157004,-0.8783100656536796,-2.2427652028620058,-0.5647169345225945,0.3043024521062624,-2.041776531799702,-1.3022361008173058,0.0257865951914561,0.5157307257633837,-0.42863425843063,-1.4205953807128342,-0.0309024525799125,-0.5592493143413315,-0.2872428823497172,-0.7885624776572809,-1.110675213691702,-0.2896070158558599,-0.7653035429888817,-2.178511582132033,1.464707917940265,0.2045649198331215,1.0969938001885122,-0.4369241172448026,-0.7133522918885099
2025-08-22,012450.KS,1,0.0134680008488612,0.5310928420898017,1.166064662418831,0.8783100656536802,-0.5590481837504941,-0.5503585383151698,1.5648797057241612,-0.9555022700114972,1.6137689810221418,-2.2245671235361937,1.9115729911800097,-0.1178271155071589,-0.7403546320294574,0.0619572078305099,0.5016302648998108,-0.2872428823497172,1.052242759765765,-0.1706245983190298,0.9332584139811008,4.648913285754266,-1.4149759921609093,1.464707917940265,0.651202079148093,1.214182763307562,4.412205689340532,-0.9718946844817844
2025-08-25,012450.KS,0,-0.0033222735085005,-0.8638709661452646,1.2998095722764749,-0.8783100656536796,0.5157549353999613,-0.5648287600382287,0.5173215677838282,-0.8204785088197379,-1.1173287281111517,-0.5481371745407732,0.2566602528239263,-0.0396895732625676,-0.5787040104120263,0.0823915851301314,1.890331149399887,-0.2872428823497172,1.345439885734003,-0.0910361665323233,0.104701678826225,-1.694115980593315,-0.7398114140648042,0.2929415835880526,0.5813214382021035,1.4493878331156198,-0.4369241172448026,-0.8020494266692181
2025-08-26,012450.KS,1,0.00777778820115,-0.9987905124268888,1.2893197393672189,-0.8783100656536796,1.922681858524766,-0.5513180916033639,0.1943910626890494,-1.0963056217858669,1.5199790193990097,0.5220142331870732,-0.2496771820304454,-0.0335298797173917,-0.5829128580878528,0.0787508096557831,0.2438852432504668,-0.2872428823497172,0.7456466243612286,1.1081539182213032,-0.0757673902263499,-0.9547828779806892,-0.3036140628588476,0.8788247507641588,0.5874877613856289,1.4994470534831783,-0.4369241172448026,-0.9205640318774
2025-08-27,012450.KS,1,0.0011025174507373,-0.7944405099123779,1.297187112907502,-0.2927700218845597,0.2546271329283788,-0.565586314651813,0.3446042456094139,-0.8000962440806113,-1.1920639452858723,1.9228520243374112,0.0850628378862293,0.0695606538319414,-0.4493352707402158,0.0814007293519568,-0.2598616779160819,-0.2872428823497172,0.3678784115208052,1.519132320373037,-0.0610941886253915,1.6029762418912197,0.0603001204426791,1.464707917940265,0.5890269771987052,0.9183962458162576,-0.4369241172448026,0.5387641101415541
2025-08-28,012450.KS,0,-0.0264316942180989,-1.0543348774131982,1.3024319690141768,-0.8783100656536796,-0.2557312269898454,-0.5626774178455337,0.0720050399535878,-0.7506349297393059,0.3406870811386857,0.2620165829823336,-0.1162405712650601,0.1247245605892208,-0.3972780770919647,0.0772637942212837,0.0731657516531979,-0.2872428823497172,-0.0751643854883974,1.4940498319866948,-0.1848514856289716,-1.4529595576283434,0.2996580534053961,0.2929415835880526,-0.2546818661317362,-0.3726699256469254,-0.4369241172448026,-0.8641376086791276
2025-08-29,012450.KS,1,0.0361990614815272,-0.6022873084215409,1.3443912230717052,-0.2927700218845597,0.0816670292003225,-0.5584503003994966,0.5227319455549858,-0.4632947388199391,0.2678965181422543,-0.246132963274899,-0.9465785282516354,0.0850147360439914,-0.6119759800276382,0.0279273327077109,-0.1271077529306722,-0.2872428823497172,-0.7843941824719842,-0.555261620986151,-0.3674038561061193,4.648913285754266,0.1980288098148955,-1.464707917940265,-0.1066325301502951,-0.213753020993239,-0.4369241172448026,-0.9998249019720454
2025-09-01,012450.KS,1,0.0185589869582485,-1.0126766036734665,1.2866972523369449,-0.8783100656536796,-0.1212349698785082,-0.5582176129629245,-0.2742155868967436,-0.1245462130352777,-0.1795920906771223,0.0898050447132272,0.9421515489930608,0.2790343695118574,-0.223398236373544,0.07537210109091,-0.9531975510906908,-0.2872428823497172,0.1374503810103953,0.0991946268470563,-0.1554690474073995,-1.6055059283372166,0.446378733570447,1.464707917940265,-0.0323534646592386,-0.0850118533384991,-0.4369241172448026,-0.7943120649534747
2025-09-02,012450.KS,1,0.0085744829276823,-1.040448786166621,1.386350424121222,-0.8783100656536796,-0.958166803740246,-0.5645626379020326,-0.088325952986464,0.3892724965566264,-0.7531019930001109,-0.112218801399755,0.4101870381903708,0.3776124469154029,-0.0209947744525004,0.100918225495038,0.9258694422480868,-0.2872428823497172,0.457706562565534,0.5063681504833425,-0.126752434581063,-0.4325133580293092,0.750182221602268,0.2929415835880526,-0.6685273499932709,0.2275487076131926,-0.4369241172448026,-1.0556853369525678
2025-09-03,012450.KS,0,-0.0106270162559274,-1.0265626949200437,1.3994626535378698,-0.8783100656536796,0.9455620501772224,-0.5619911028627125,0.0658118753364067,0.2332878118883602,0.1213276488915204,-0.9455284226886476,0.1090884348245848,0.4462044064323943,0.0852430541351925,0.1088116775070551,0.3966265578783047,-0.2872428823497172,0.4893266478694707,0.5201581617968936,-0.1183259450794564,-0.0335011363654474,0.9811259519514663,0.2929415835880526,-0.679722395194477,0.4853383900756835,-0.4369241172448026,-0.6010654337097154
2025-09-04,012450.KS,0,-0.0118152587409965,-1.0543348774131982,1.3837278965245638,-0.8783100656536796,0.4093731046649366,-0.5625201843932481,-0.1076914293395107,0.0486665698280599,-0.2563366223636539,0.9499611573585346,-0.4699633206772208,0.3955162740627612,-0.0291024359932556,0.0927456695550833,0.0970684293020783,-0.2872428823497172,0.0374175907304261,0.2112410733822075,-0.1736002924234033,-0.447534994609596,0.9722438980276442,-1.464707917940265,-0.6349725995369786,0.4966459813483875,-0.4369241172448026,-1.0137900107171762
2025-09-05,012450.KS,1,0.0336956392956013,-0.8036351649929746,1.3994625788831818,-0.8783100656536796,0.1058834181249179,-0.5573538455709505,0.3767055409897893,-0.141638030413067,0.3664812064077045,0.4160928194050429,-0.5057966631866644,0.3446733544459599,-0.151003285348687,0.0745907767835283,-0.4790207929258112,-0.2872428823497172,-0.5192433483698237,0.6096606392330209,-0.2592707080980939,2.5891032965450083,0.8011659902718017,-1.464707917940265,-0.58307961196534,-0.1903718819663451,-0.4369241172448026,-1.0417202282074374
2025-09-08,012450.KS,0,-0.0063091095997687,-0.6728433361311127,1.362748253359554,-0.2927700218845597,-0.477766701149131,-0.5592893306319516,0.1997142605822698,1.0545058301383945,-0.362110751258935,0.1139166259284218,0.866656870287976,0.4695519676373322,0.1694909731570179,0.1252375597555066,-0.5146708055886716,-0.2872428823497172,0.2080735170207357,0.5963166258681931,-0.069128543922047,0.4777696298444912,0.954653202376194,1.464707917940265,-0.403877593939075,-0.1102608262106779,-0.4369241172448026,-1.027755119462307
2025-09-09,012450.KS,1,0.023280435274692,-0.9710183299337344,1.4414218397301444,-0.8783100656536796,-0.5138846032725783,-0.5605492314414297,-0.1711950405143286,1.1511894474580389,-0.3158239516995709,-0.467207475437547,-0.3397499761131744,0.4010400083413387,0.059091870986385,0.1161984527265818,0.8507610079426473,-0.2872428823497172,-0.0464046248603455,0.0758923883927769,-0.1730585443378961,-1.339096275530382,0.9318825093221718,-1.464707917940265,-0.6194670434282361,-0.0740919420820779,-0.4369241172448026,-1.0556853369525678
2025-09-10,012450.KS,1,0.039296790300813,-0.693484722253552,1.4178198211529602,-0.2927700218845597,0.8694678533940796,-0.5532867854538563,0.3955484689623099,1.1741076085173057,0.5120867483336536,-0.5031690605063872,0.5525698235137863,0.4726497299331966,0.2431131376654586,0.145464895737345,-0.3494736433302,-0.2872428823497172,0.4560851229920371,0.3491159018789288,-0.0061331428791856,2.010238072443318,1.0770471203191494,0.8788247507641588,-0.7552180646474648,0.2520510622151435,-0.4369241172448026,-0.8035590413555742
2025-09-11,012450.KS,0,-0.0029850875398519,-0.9432461474405796,1.491248405030738,-0.8783100656536796,-0.346519306829399,-0.5455134437014212,-0.2672364397780594,1.0578907537518667,0.3483605418464548,0.8741962936765555,1.0355684897081403,0.5822621408498571,0.6020116178299844,0.213253227943592,0.5382808871783239,-0.2872428823497172,1.1297329489023802,1.036430820023028,0.0101432672158865,-1.185733481622109,1.4769664439537482,1.464707917940265,-0.5571377834271365,0.9858769637161692,-0.4369241172448026,-0.672022953870868
2025-09-12,012450.KS,0,-0.0159680493129381,-0.9432461474405796,1.5620545145053106,-0.8783100656536796,0.5528865796643637,-0.5600605878246283,-0.2223123224547842,0.9102479433737064,-0.9894896912940014,-0.3365281153861073,-0.2395088027174789,0.4913496068855365,0.4923740186550561,0.2130300582661142,1.0188084450369166,-0.2872428823497172,0.5431283677913853,1.2936876927175431,-0.0797468076003683,-0.1771455361644376,1.6028359463055089,-1.464707917940265,-0.5199882231470115,0.8033476706669779,-0.4369241172448026,-0.9718946844817844
2025-09-15,012450.KS,1,0.0557808973531777,-0.3635961797736265,1.556809653782243,0.2927700218845601,1.0397208331746486,-0.5629743767148289,-0.3573417172346261,0.6549361609181867,-0.4785344503271572,0.558985172955287,-0.6310306695483527,0.3609878236014703,0.2492898927980053,0.1869926589469321,-0.249745321866615,-0.2872428823497172,-0.1254332266332737,0.514683526720951,-0.1421252695012219,3.994108567415638,1.416777564212482,-0.878824750764159,-0.4693483375214872,0.6401101473618878,-0.4369241172448026,-0.6927817978631358
2025-09-16,012450.KS,0,-0.0105667684260233,-0.68672942737769,1.5463197665678252,-0.8783100656536796,-0.2454820985787008,-0.5535989932571016,-0.089195919710425,0.9837663630822412,0.8568992912143046,1.043712424338744,1.5326729623994766,0.5693316992223212,0.7384222252272586,0.2594554704761275,-0.6392640921747144,-0.2872428823497172,0.8836024613325423,1.0960289043789186,0.1143477353292527,-1.003214129776464,1.750285349485652,1.464707917940265,-0.2417813785157621,0.761238337448451,-0.4369241172448026,-0.9439644669915233
2025-09-17,012450.KS,0,-0.0058252069656083,-0.6019118069266872,1.632860590272354,-0.2927700218845597,-0.6401131174868635,-0.5562549057309458,0.3435591488483623,0.8035532635813172,-0.3897790433243343,-0.2359281927436791,-0.4681464515183312,0.4828284911029114,0.4829326602652223,0.2132893347960668,1.5133696415409896,-0.2872428823497172,0.2105567242945604,0.70632561653454,-0.0520877581075961,0.1613477712677548,1.7290391113598211,-0.292941583588053,-0.1888938831695712,0.4808843326840638,-0.4369241172448026,-0.9439644669915233
2025-09-18,012450.KS,0,-0.0019531539624696,-0.7993192303218475,1.6748198831659695,-0.8783100656536796,1.540772910163053,-0.5554944922246335,0.2479521708436378,1.0966836661626045,-0.1395003265846653,-0.6288512619951437,-0.3251571223405035,0.4351127493203071,0.3023617241238,0.1760164514524006,-0.4772132191974015,-0.2872428823497172,-0.0637423267231258,0.1273634121783314,-0.1585327999217198,-0.863831805880202,1.5323757622790777,-1.464707917940265,-0.1919007792190535,0.4785277869289453,-0.4369241172448026,-0.3610160556035702
2025-09-22,012450.KS,0,-0.0176124778920807,-0.5396121470645161,1.635483058648376,-0.2927700218845597,-0.4759354038752417,-0.5636515423372801,0.2507454868507364,0.8628683463800689,-0.8292843715007747,1.5425959649428371,-0.2083892039908059,0.3871945951349658,0.2033016264517893,0.1634505724762141,-0.3349554492307831,-0.2872428823497172,-0.2307357956089251,0.1529923942433104,-0.1908225886220351,1.1111740213344865,1.2723613343052398,0.2929415835880526,-0.1972345453478868,0.393652236686719,-0.4369241172448026,-0.6859880626159985
2025-09-23,012450.KS,1,0.0537848413059507,-0.6201138328443918,1.575166841032226,-0.2927700218845597,-0.3318105683374706,-0.5623743594026586,0.3630988079949173,0.409638131575492,-0.0498272644836766,-0.4653841039561079,-0.6806210294699706,0.2769286255076008,-0.0510379705877186,0.1266257389399285,-0.2187849366227141,-0.2872428823497172,-0.8270385822068198,0.1022915731212566,-0.3761462564271532,-0.4330435354293179,0.8235182948578165,-1.464707917940265,-0.3352347530035294,-0.0045590228270607,-0.4369241172448026,-0.600687795458859
2025-09-24,012450.KS,0,-0.0094518168929854,-1.0682209686597757,1.6145035391726628,-1.4638501094227996,-0.2141153730036385,-0.545850953439517,-0.2618292576623815,0.7546173101228683,1.5962591954357743,-0.3218830358151811,1.4724787167744595,0.4865014597141741,0.4421275903645503,0.1995728019467186,-0.6886007388661461,-0.2872428823497172,0.5667627008275486,0.0854250752210823,-0.1262704132271402,-1.694115980593315,0.9965069289626124,1.464707917940265,0.0687981230631521,0.3305622228203685,-0.4369241172448026,-0.7992185472633992
2025-09-25,012450.KS,0,-0.0038167904510798,-0.6978006569246791,1.7246463695953576,-0.8783100656536796,-0.6900972842009647,-0.5555134686757714,0.2098330178455391,0.7546173101228683,-0.7297390370206536,-0.2046972212923699,-0.4345233142657933,0.3955150129807515,0.2526927704322291,0.1753254151865566,1.4534833605389412,-0.2872428823497172,0.1910256924192059,0.1105880832674487,-0.0794673801224388,4.20206095863109,0.9089352761141954,-1.464707917940265,0.0265926893411142,0.4463217307428044,-0.4369241172448026,-0.5380336252311997
2025-09-26,012450.KS,1,0.0143678785245269,-1.0126766036734665,1.6984218821583494,-0.8783100656536796,1.4801006502055525,-0.5574855511782529,-0.0495950002803706,0.8632411457420543,-0.3523359931516643,-0.6786190989320879,-0.264590127159769,0.3476508146702193,0.1325546283374965,0.1563898875997179,-0.4437621039825099,-0.2872428823497172,-0.0292102374049848,0.1626297307466881,-0.1754558788402349,-1.4583953165635917,0.720312894715382,0.8788247507641588,-0.4099545278387382,0.4564785710496913,-0.4369241172448026,-0.6189933982961644
2025-09-29,012450.KS,1,0.0453257352149345,-0.7015538058574636,1.7141567511631746,-0.8783100656536796,-0.4420452586829433,-0.5651622033939377,0.3842953636105197,0.7605481787520596,-0.846580502915202,1.4821862924673148,0.2837974957469103,0.4064049348514814,0.1926385114294361,0.1534596243982265,-0.2746983257270087,-0.2872428823497172,0.1751463144880054,0.4279965451184576,-0.0845714468613396,2.683657759736445,0.6661064934377023,-0.292941583588053,-0.415297375359659,0.4933381254206418,-0.4369241172448026,-1.0696504456976983
2025-09-30,012450.KS,0,-0.0072267322500538,-0.5812704208042482,1.7167790846065525,0.8783100656536802,-0.2707625987467866,-0.5462748738033301,0.102800823145047,1.1273123159344685,2.261705708840145,-0.4316406341620252,1.2173809150278103,0.5648383893233374,0.587041294575017,0.2149845873668076,0.2708836471416064,-0.2872428823497172,0.8950390143633715,1.229302022689922,0.1764329733776049,0.3155690129636861,1.026720952164385,1.464707917940265,-0.1884691819348332,0.6479885310574681,-0.4369241172448026,-0.6971222919553105
2025-10-01,012450.KS,0,-0.0018198058537413,-0.7298887740889608,1.824299544084419,-0.8783100656536796,0.2819798780297949,-0.5612566690216485,0.1201589659924986,0.8906876609824098,-1.031889703054958,-0.2610992797650166,-0.3674223469762475,0.4697250894408794,0.4092540857404971,0.1957220066908392,1.199690685179695,-0.2872428823497172,0.458698334252565,0.6493802778211176,-0.0181389032006968,-0.6784564427717774,1.0669741465288003,-0.878824750764159,-0.1599391786975129,0.8793584932823474,-0.4369241172448026,-1.0137900107171762
2025-10-02,012450.KS,0,-0.0501367601149127,-0.6953612967199442,1.83216698139098,-0.8783100656536796,1.2229770666893374,-0.5578089415330616,0.033538468612054,0.6081162208883607,0.1513460801322958,0.2892509463312587,-0.2043678796289092,0.4156467490004841,0.3014885330110933,0.1827702938520617,-0.3770044373503207,-0.2872428823497172,0.1435839499837974,0.943269413906494,-0.0918407084330239,-0.0281887527968144,0.961633525975192,-0.878824750764159,-0.2807229383322394,0.7897366716447243,-0.4369241172448026,-0.7008967978297355
2025-10-10,012450.KS,0,-0.0470249532920163,-0.4080693152129469,1.743003616788435,0.2927700218845601,-0.3744114294270274,-0.5464011575674502,-0.0150466830303826,-0.0994218356011747,0.7751335362460465,1.2261755310942006,-1.661442502703836,0.1628415012286315,-0.3213977858113827,0.086399311885843,-0.2147841860819209,-0.2872428823497172,-1.2843251408784069,-0.3008729072811457,-0.6203623824212474,0.9868363892444328,0.2391929421653713,-1.464707917940265,-0.1426001596239363,0.8269316430910795,-0.4369241172448026,-0.5799289514665915
2025-10-13,012450.KS,0,-0.0604229676261024,0.3571667763203457,1.6669525692293052,0.8783100656536802,-0.2100621145148067,-0.5584001483500607,-1.4636026645386069,-0.4351834534390752,-0.8688510143197568,-0.3642995218237465,-1.5676010173932144,-0.0398693753115413,-0.8579321792917585,-0.0013841383281267,-1.6644041524488349,-0.2872428823497172,-2.244797264387639,-1.048482940568506,-1.7394132494327608,1.8809386026128,-0.7729631752940107,-1.464707917940265,0.1349029612526398,1.9591064523883568,-0.4369241172448026,-0.7293930035377464
2025-10-14,012450.KS,1,0.0225080008022751,-0.6441328664047619,1.5463198599123251,-0.2927700218845597,-1.6787076534820382,-0.5432009146291202,0.0151331575540196,-1.4550080902412117,1.136231467304837,-0.2006615051687168,-1.9716394545071845,-0.3361963422164378,-1.460227335211037,-0.0762958748619265,-1.571042777111225,-0.2872428823497172,-2.256570635605031,-2.179282114781857,-1.014875557227887,-1.5978809926708204,-2.0218310262159584,-1.464707917940265,0.4506681480803384,3.168547140589874,-0.4369241172448026,-0.6946690508003481
2025-10-15,012450.KS,0,-0.0188678746830004,-1.109879242399508,1.4230646290932547,-1.4638501094227996,-1.5841209544970156,-0.5419894715430836,-0.1851533347516978,-1.1523574897634254,-0.1385872249254483,-1.662950796086745,0.5292758331338618,-0.2318126969407774,-1.2505827148151123,-0.0506497289406427,-1.973014080670175,-0.2872428823497172,-1.671944806207611,-1.7506975299975749,-0.3070552496700157,-1.694115980593315,-2.5406202549851145,0.2929415835880526,0.5166774133451815,2.929848989417646,-0.4369241172448026,-0.4057422612447807
2025-10-16,012450.KS,0,-0.0256410687917421,-0.9293600561940022,1.444044353689773,-1.4638501094227996,-1.9913679402323587,-0.5583532719975474,-0.3377191980715616,-1.230683815077937,-1.0039237426902363,-1.5687734651248102,-0.7184795169079663,-0.3312497199891007,-1.4194290953548825,-0.0660190404901241,0.5151060730566995,-0.2872428823497172,-1.3052786570975272,-1.784477572202967,-0.3698936965624422,2.539039478216479,-2.958254110369417,-1.464707917940265,-0.0462065305767202,1.7932766474578536,-0.4369241172448026,0.3638483344237571
2025-10-17,012450.KS,1,0.0449561517895529,-0.7188175445419719,1.3811054502833495,-0.2927700218845597,0.5294076071296384,-0.5583524813120833,0.225447084346006,-1.3616337115726411,-0.2000303328646174,-1.9742578997271925,-0.9227359607157056,-0.4729177790372443,-1.5815319864759392,-0.076136192079143,-0.7262655354506568,-0.2872428823497172,-1.2739697559400949,-1.7133209555048428,-0.4663555497932006,1.274823064713187,-3.025446054870349,-1.464707917940265,-0.0948078884388803,0.9291507884420586,-0.4369241172448026,-0.6431491099120006
2025-10-20,012450.KS,1,0.0220357063638012,-0.6991144456527287,1.3758605775774575,-0.8783100656536796,-0.7282564133267763,-0.5570034589552968,0.3427731663468588,-0.8759648885766472,-0.0817638464666924,0.5356078166168537,1.2062355388660222,-0.2843994960853571,-1.1782435109109808,-0.010421145703869,-0.9294769664327848,-0.2872428823497172,0.1947917542229733,-0.7364784338933329,-0.0787394446674152,-0.0938739060943767,-3.025446054870349,0.8788247507641588,0.4838364154062158,0.2006536503516505,-0.4369241172448026,-1.1115457719330903
2025-10-21,012450.KS,1,0.0338808555386473,-1.0126766036734665,1.5200953865742826,-1.4638501094227996,-0.9341348976905256,-0.5511753163995643,0.1750255863360025,-1.1750685928871227,0.2800399185661104,-0.7166130766421019,0.5150330429695675,-0.1861745776090035,-0.9567072462244774,0.0209290173612197,1.188602330773589,-0.2872428823497172,0.5733363812904705,0.3548404823177821,-0.1031952703485792,-1.456024110188746,-2.4946141706190583,0.8788247507641588,0.4843146391837613,0.5312808464085249,-0.4369241172448026,-0.9299993582463928
2025-10-22,012450.KS,1,0.0417080377914078,-0.9849044211803116,1.5463197635909862,-0.8783100656536796,1.211743182905418,-0.5501714847253818,-0.0108640475742768,-0.8094912309938461,-0.1346134537744571,-0.9216005259127068,0.8722423607571156,-0.0211792778379014,-0.6003243894232806,0.0687743689229668,0.5009361515770681,-0.2872428823497172,1.2260696790822452,0.4671609912508835,-0.0049873208279047,0.0782222857004354,-1.7166235209570282,1.464707917940265,0.4154037004939827,1.2546152844577243,-0.4369241172448026,-0.7182587741984345
2025-10-23,012450.KS,0,-0.0343183680706465,-0.6765964850638974,1.5830340439945652,-0.8783100656536796,0.515051712169987,-0.5470522305695869,0.3741766063472503,-0.4634544291455999,-0.0036535085019314,1.2149902671780382,1.10828349383501,0.1694731249593997,-0.1781786984553088,0.1272258231492928,0.8563179220346173,-0.2872428823497172,1.751712933727029,1.0682547257186454,0.3640456628790313,2.374282804629375,-0.7356110196258343,1.464707917940265,-0.1550657701168636,2.129798932377029,-0.4369241172448026,-0.6984435566747731
2025-10-24,012450.KS,1,0.0256663451632772,-0.7250100536794912,1.674819868047357,-0.8783100656536796,0.8750976993405655,-0.5577162054236317,0.3515833927280987,-0.8024610176709818,-0.8064908112059903,0.5213140534833719,-1.1844137251661575,0.0021785484777698,-0.5426828341321687,0.0777483984683998,1.091151426080889,-0.2872428823497172,0.1209026550601151,0.8429933810331323,-0.103567749826952,-0.3670154292832639,-0.455813713951098,-1.464707917940265,0.1792518294911073,1.2981989375866354,-0.4369241172448026,-1.0137900107171762
2025-10-27,012450.KS,0,-0.0413859855560657,-0.6276389461835554,1.5882790462004073,-1.4638501094227996,1.1130132814375535,-0.5539962562252686,0.9420270766250934,-0.9707137619472316,0.1165386434357724,0.8798017738408528,0.624520731942524,0.119256754771337,-0.284151207503863,0.1134285180428532,-1.1898159402192543,-0.2872428823497172,0.3590430632680155,0.7675970864834814,-0.0127749628200651,0.2391161610358748,-0.0104356801076822,0.2929415835880526,0.0641004804879003,0.8770153078026615,-0.4369241172448026,-0.9858597932269152
2025-10-28,012450.KS,0,-0.0030119980801857,-0.9953139142894964,1.6590850831784083,-1.4638501094227996,-1.197890696687316,-0.5584358421510106,0.2486560388578961,-1.1607650641695106,-0.5221671508440892,1.116687665372994,-1.397548974295067,-0.0828200228451007,-0.722109383322195,0.0543788816673926,0.609863681775641,-0.2872428823497172,-0.95628143766999,-0.0378304265501399,-0.29235639618201,-1.507929950168417,-0.173480035452299,-1.464707917940265,0.2777985065760517,0.4827428763561537,-0.4369241172448026,-0.675797459745293
2025-10-29,012450.KS,1,0.0010070325401394,-0.7890248149449192,1.6066362241437455,-0.8783100656536796,0.6254088643950557,-0.564933808249885,0.2563493915433927,-1.1657808553068685,-0.7723902487185869,-1.1842147987628826,-0.2403203328731592,-0.0778188817802338,-0.7201785494650826,0.0531103988200955,-1.401860750952305,-0.2872428823497172,-0.9637229326858464,-0.4491578558973291,-0.3620217667672198,1.596496474791815,-0.3098075119245256,-0.878824750764159,0.1281711901071295,0.6406583461086407,-0.4369241172448026,-0.7244865212278218
2025-10-30,012450.KS,0,-0.015090545236424,-0.4854690747938472,1.562054533749496,-0.8783100656536796,-1.4127184947099476,-0.5621956644877765,0.6481482090544509,-0.8460821652457742,0.1510715882453394,0.6311935836989532,-0.1191200706508588,-0.0576263277294524,-0.6824430255602868,0.0571674229190816,-0.2505527000875743,-0.2872428823497172,-0.6344454185085706,-1.233922937639682,-0.340349886476576,1.2959608940116705,-0.3817565962773857,-0.292941583588053,0.0871619363371319,0.3357729300028159,-0.4369241172448026,-0.6265613325862949
2025-10-31,012450.KS,1,0.0643514003890342,-0.7202815048422861,1.4991157347969095,-0.8783100656536796,-0.2463000732548104,-0.5652783212020912,0.4109865626146753,-0.6085978116405726,-0.5317072768662429,-1.3981128293665794,-0.6045681381018911,-0.11368534796055,-0.8048957466444725,0.0404931121682196,-0.1299725202779933,-0.2872428823497172,-0.8686801195284269,-1.0083261920175848,-0.3601871952948727,-0.8715634341028397,-0.5685651898372354,-0.878824750764159,-0.0565370843170436,0.5042092486067727,-0.4369241172448026,-0.9963285205793502
2025-11-03,012450.KS,0,-0.0307102044291346,-0.6287919950848556,1.5279627340214013,-1.4638501094227996,-0.124137335934742,-0.5418429688220963,0.0926367689485489,0.3553247577643877,2.8800219925815758,-0.2367426272531513,1.7911301162389237,0.196685128785681,-0.1420126659767837,0.1282086238175172,-0.6129369478144283,-0.2872428823497172,0.8942106538391037,-0.2252598017037197,0.149628407540496,0.2105622730418193,-0.0378522444032697,0.8788247507641588,0.3054773664410504,0.575171638300126,-0.4369241172448026,-0.7888655524822522
2025-11-04,012450.KS,0,-0.0594059492412247,-0.8115514374847709,1.6617075843224878,-1.4638501094227996,-0.6134404418783834,-0.5587503090555818,0.3641986353297411,-0.0717734399222131,-1.0273645062911676,-0.115108606114199,-1.0756038103372831,0.1113902787027958,-0.4235177681037275,0.0741595095577945,1.7705044819415154,-0.2872428823497172,-0.0892447513486412,-0.0367136753568527,-0.1652598185583736,-0.8398391755465894,-0.0335502669624743,0.2929415835880526,0.2742355631758327,0.5816016501363633,-0.4369241172448026,-0.4835824568909569
2025-11-05,012450.KS,1,0.0210526790523304,-0.7132136854844073,1.5830340688970883,-1.4638501094227996,1.8012825230471363,-0.5450346271753876,0.6465640787253594,-0.401710982628985,1.026467795112465,-0.6022940248214699,-1.9409696471390332,-0.110003044838048,-0.9753178101320886,-0.0117793790521175,-1.0815627165499346,-0.2872428823497172,-1.547978039778112,-0.7509036814679674,-0.5412867710890813,0.3239036767292828,-0.6389738846376573,-1.464707917940265,0.5108622626122851,1.146462016280869,-0.4369241172448026,-0.7197310650273949
2025-11-06,012450.KS,0,-0.0484536438056015,-0.5649858796273897,1.5043606977439687,-0.8783100656536796,-1.088216700943988,-0.5631293510657885,0.4902216534521899,-0.0950325890661998,-1.1682263336022716,1.801978101063632,0.4853882904963189,0.0771925214851502,-0.6994133974225071,0.0054400003433483,-1.9425011855710383,-0.2872428823497172,-0.8461824349697836,-0.5120959473146954,-0.3973009380006998,0.4429231184447308,-0.7949798372158128,0.2929415835880526,0.4713912819936514,1.246151769972086,-0.4369241172448026,-0.6277209428041147
2025-11-07,012450.KS,1,0.0455037849566566,-0.6710543529886651,1.4309320101916754,-1.4638501094227996,-1.9604545778973788,-0.5503141469741151,0.6327472392321531,-0.7037891890627848,1.2586639179892714,-1.0750154683509745,-1.6106854527307657,-0.1342796931787284,-1.1375233524738502,-0.0505105109391317,0.4714430670070156,-0.2872428823497172,-1.8864932623238055,-0.7524111685979107,-0.6632300034423505,-0.5265781189228746,-1.3282280028745117,-1.464707917940265,0.6785471028417632,1.868166001158421,-0.4369241172448026,-0.8115203606527717
2025-11-10,012450.KS,0,-0.0176165481722433,-0.8462891248438036,1.3915952481546576,-0.8783100656536796,0.48517154489225,-0.5621812062392905,0.515436740303316,-0.5570253500052265,-0.951164238736612,-1.943478329375249,1.2227502882483567,0.0831211234770498,-0.675705536817027,0.0102612618821965,-1.6139067847027886,-0.2872428823497172,-0.2284420425615577,-1.0020688131798674,-0.1960700846923031,-0.8579484997846865,-1.1787202467847464,1.464707917940265,0.9603582592016032,1.0029277770512648,-0.4369241172448026,-0.7126230269070171
2025-11-11,012450.KS,1,0.0126582160698429,-1.006474555609388,1.4964933192558831,-1.4638501094227996,-1.6275475318015349,-0.565586314651813,0.2012778523059881,-0.8980742381051674,-0.5854017002831303,0.4915632065555286,-0.6807437752436725,0.0011941222166078,-0.8646793900254051,-0.0168907269770077,1.2050325877179149,-0.2872428823497172,-0.3646112014878804,-0.9071318706854238,-0.2159619423956963,-1.0614189341754916,-1.1954891778438073,-1.464707917940265,0.9669592921941054,0.2649067067747939,-0.4369241172448026,-0.5635517446370281
2025-11-12,012450.KS,0,-0.0041666628381192,-0.8007280460039091,1.4545340936508853,-0.8783100656536796,1.2283890791576926,-0.5602727174391343,0.3792928852565561,-1.1448428701765017,0.5481512149004105,-1.6120120936765832,0.232239904527923,0.0620944029812642,-0.739970463081979,-0.0011903392021857,-0.6887228566503197,-0.2872428823497172,-0.0678501609722431,-0.1327799636509486,-0.1595822588465201,1.668906469975655,-1.0235511797864365,0.2929415835880526,0.4381219166551373,0.28573324119667,-0.4369241172448026,-0.6702237906878057
2025-11-13,012450.KS,0,-0.0010460076627261,-1.0137931753380305,1.4676463520781566,-1.4638501094227996,-0.6902210047229748,-0.565586314651813,0.3181424149951398,-0.9467410797322026,-0.7373824886165182,1.2315641205562675,-0.2751410856021036,0.0461581763215049,-0.79294155275547,-0.0110577628070356,0.2195898338631192,-0.2872428823497172,-0.1029480983989155,-0.490034325341694,-0.1843881501858435,-1.2373137763226854,-0.8998681567770468,-0.292941583588053,0.3821493503720647,0.1630064999936782,-0.4369241172448026,-0.8464557195603988
2025-11-14,012450.KS,1,0.0251308664253973,-0.687650029138194,1.4335545488508776,-1.4638501094227996,0.2300128578480372,-0.5552615788779289,0.7185210527903645,-1.2051549870810474,1.2470446548069891,-0.6787422839958775,-0.1810327641451173,0.0593426199211784,-0.8257847361273447,-0.0244451424593974,-0.2851953035619795,-0.2872428823497172,-0.3226920877567344,0.5324072268414605,-0.2189450239331037,2.83522810621284,-0.7810638336564971,1.464707917940265,-0.0714660668111761,-0.402107620470085,-0.4369241172448026,-1.0075526704808642
2025-11-17,012450.KS,0,-0.0592441045058144,-0.5906525613816705,1.470268787689488,-0.8783100656536796,-0.2813973444233411,-0.562102702468214,0.1276728298706908,-0.6491861218132365,-0.7226428190492526,0.2375088376491713,0.6083725187098847,0.1817582113504251,-0.5847212376311897,0.0044785600484289,-0.1915684572598817,-0.2872428823497172,0.3019805270205662,0.1895498584549107,-0.0200182489487384,0.2105753504139636,-0.4203696233891603,0.2929415835880526,-0.0431223638997552,-0.1052739486930003,-0.4369241172448026,-0.8006353796788341
2025-11-18,012450.KS,0,-0.0173724733511727,-0.7146569951363149,1.5227178432604838,-0.8783100656536796,-0.1865416902936831,-0.5554663664131256,0.4811741499353304,-1.0490573609493623,0.5098975880009553,-0.271687998623209,-1.9360889616643235,-0.125721111981426,-1.1732864572615431,-0.0633896029566703,0.5937980857159253,-0.2872428823497172,-1.253065819086504,-0.791482539418697,-0.4628647219330674,-0.6012702985203139,-0.7446559065919695,-0.878824750764159,0.1358738829141228,0.406780904382537,-0.4369241172448026,-1.014912936127969
2025-11-19,012450.KS,1,0.0121547027485096,-0.9479255977802524,1.402085022027776,-1.4638501094227996,0.6091324150280641,-0.5441775241323251,0.119552852446637,-1.1542844258406766,0.6696192835516759,-0.1772428765453771,-0.6733833107162281,-0.2132986607007265,-1.2931713607597346,-0.0691159462871849,-1.9376454705639612,-0.2872428823497172,-1.414390810069636,-1.2900130224541593,-0.3771425337447983,-1.155528271592288,-1.0604943059564536,-1.464707917940265,-0.2330259419738438,0.8923196892505123,-0.4369241172448026,-0.6869139029743906
2025-11-20,012450.KS,0,-0.0513100149827232,-0.5581823869390851,1.326033997491517,-0.8783100656536796,-1.9555351339402756,-0.5584361810162095,0.7356989105292168,-0.9671619604765072,-0.9443020757437716,0.6149875782524258,0.2170556592849526,-0.1152047704206147,-1.108570554624693,-0.0484697636528895,-0.6814000495876302,-0.2872428823497172,-0.8498712252303949,-0.9649577899536724,-0.4004301406487965,2.66921298994926,-1.0827041418117684,-0.292941583588053,-0.1916128307353791,0.9507233859171886,-0.4369241172448026,-0.5893644802341342
2025-11-21,012450.KS,0,-0.0161104931660659,-0.4581952744706786,1.2709626247680383,-0.2927700218845597,-0.6828020893004104,-0.5501950923342379,1.00221153346142,-1.8388225284515316,0.5257234625194283,-1.938580176604634,-1.6968238697710814,-0.3647632155130979,-1.5443781338599012,-0.0911253882511532,0.2044832739588844,-0.2872428823497172,-1.7783856592046767,-1.323027739157092,-0.786645553825686,0.1490712618645634,-1.4963237716478457,-0.292941583588053,0.0211253151577557,1.4426501838381762,-0.4369241172448026,-0.7140745495769948
2025-11-24,012450.KS,1,0.0046783583497955,-0.6312655588174375,1.2526054262609287,-1.4638501094227996,0.2147080315299371,-0.5451485988372815,0.8334605864257443,-1.757294763780238,0.1179801647844498,-0.6713554773874761,-0.6353262905530132,-0.4190542757471634,-1.5815319864759392,-0.0908046246201132,-1.6996045020574204,-0.2872428823497172,-1.4784786134908132,-1.8917413020605245,-0.5705010322622772,-0.6716183348397231,-1.80092966950203,-0.878824750764159,0.0048931651673772,0.8783280645235145,-0.4369241172448026,-0.9486705453040272
2025-11-25,012450.KS,1,0.0139697196946091,-1.006474555609388,1.215891120901556,-1.4638501094227996,-1.7143699909374892,-0.565468311623603,0.3283489270203933,-1.36797303813232,-1.2909117322490749,0.222270250099955,-0.0084054001570517,-0.3994499115328638,-1.495041129249974,-0.0644713839291903,-0.6435377360071488,-0.2872428823497172,-0.9691588804809944,-1.5570351224329404,-0.2902614995766659,-1.542999881624568,-1.8376109153961784,0.2929415835880526,0.0344473745782382,0.7887450213747095,-0.4369241172448026,-0.5567095373123215
2025-11-26,012450.KS,0,-0.0091848368666056,-0.2951241783402423,1.2316257906579111,0.2927700218845601,-0.6444428508619976,-0.565038743506475,0.4127442228830148,-1.4689441815836928,-0.1428588609304363,-1.6984587881560105,0.2717903828007901,-0.3257265452387187,-1.300548772046247,-0.0324576321361827,-0.0198242860174453,-0.2872428823497172,-0.3665434507729607,-1.0083261920175848,-0.2493165865657576,4.648913285754266,-1.6205435877330654,-0.878824750764159,-0.0884651845192045,0.5983345877483534,-0.4369241172448026,-0.4561534575676299
2025-11-27,012450.KS,0,-0.0127462409197526,-0.1865821412463851,1.302431950775429,0.2927700218845601,-0.0125434584874677,-0.5567401606957583,0.4551983639736663,-1.1714873617437205,0.8721059651537566,-0.6331622564311744,-0.4264721068324117,-0.349647888887071,-1.3222172552693392,-0.0302709278701252,0.2589379647520618,-0.2872428823497172,-0.2826087563067678,-1.460892031441289,-0.2110356749756272,0.0806971089840969,-1.4518961204104803,-0.292941583588053,-0.4886634396808366,-0.3804277623678689,-0.4369241172448026,-0.6302085821188882
2025-11-28,012450.KS,0,-0.0457746257538556,-0.6544586768391364,1.2106461963034585,-0.8783100656536796,0.2698774142404107,-0.5571246597414337,0.4925143936534825,-1.9307818963903984,-0.2314041432230962,-0.0039977031812013,-0.5338719118844207,-0.3963413651946649,-1.3800098253555786,-0.030585816320098,-0.4357520879792379,-0.2872428823497172,-0.5324732799454455,-0.933095744520706,-0.2810055657766458,-1.17647772087862,-1.34921990200156,0.2929415835880526,-0.5012785376801541,-0.3404972227916786,-0.4369241172448026,-1.0075526704808642
2025-12-01,012450.KS,1,0.0135301423554121,-0.6984734206190558,1.147707455700398,-0.8783100656536796,-0.4339301150292969,-0.5431935725498109,0.4129786320877656,-2.043127004137857,0.9538921201350896,0.2772008615944169,-1.5298954013368256,-0.5415272040232514,-1.5815319864759392,-0.0760458238301527,-0.542602416247772,-0.2872428823497172,-1.5508127900298343,-1.3541042088945623,-0.5510958364322791,-0.3434805207183462,-1.5698328460257236,-1.464707917940265,-0.3979531128530146,0.5006768359837442,-0.4369241172448026,-0.2921544206744727
2025-12-02,012450.KS,1,0.0509708652490816,-1.0284304147953145,1.027074783108255,-1.4638501094227996,-0.5421828030369394,-0.5452646036903687,0.0072812201688491,-2.043127004137857,-0.3052373167749221,-0.423560612574697,0.2585342288147466,-0.4374381974763837,-1.4830851677792918,-0.0469125506821716,-1.5335300697907466,-0.2872428823497172,-0.958982181844416,-1.0955988306579043,-0.2817476363738547,-1.5213621312766046,-1.4789968599426295,-0.878824750764159,-0.5888943727981922,0.6343919799520603,-0.4369241172448026,-0.1829947353089218
2025-12-03,012450.KS,0,-0.0127020851590616,-0.9772000766948202,1.1319727548297385,-1.4638501094227996,-1.546115910734491,-0.5435201256464759,0.133185836366083,-1.4132653336943777,-0.1061314914311962,-0.531344786622563,1.387618792031659,-0.195222442519805,-0.953523368812648,0.0252817330337462,0.2457496316419498,-0.2872428823497172,0.4810919630348525,-0.3570131317186553,-0.101481252925744,0.32560986313203,-0.8850558044888905,1.464707917940265,-0.0771994952766878,0.5654665570472958,-0.4369241172448026,-0.6535336784012208
2025-12-04,012450.KS,1,0.0467836571902982,-1.1089352318103765,1.231625828666249,-1.4638501094227996,0.2565159905307725,-0.565586314651813,0.3125288333812506,-1.4819340761608488,-1.3211300755919388,-1.5309329059018604,-0.5325403246734891,-0.214831467871031,-1.0173746642151031,0.0129958176409376,1.36905759448452,-0.2872428823497172,0.1669338507210021,-0.4049677906739157,-0.1720903658413133,-1.237904180833908,-0.5340707125239522,-0.878824750764159,-0.0493593067093414,0.4880514885454641,-0.4369241172448026,-0.6977988839483282
2025-12-05,012450.KS,1,0.046927365727964,-0.9332883583229682,1.1817993517642316,-1.4638501094227996,1.3945668361256671,-0.5574674783676453,0.3033429725585225,-1.2837140453478242,1.1542686571288088,0.263897265673129,1.2613468715995553,0.0087963441486633,-0.5357797033142465,0.077405185159056,-0.541277641677303,-0.2872428823497172,1.206048916152748,0.3027449258852704,0.0288875976846032,2.4494949173028218,0.1563719091338624,0.2929415835880526,0.2256471838333543,1.0712123168273917,-0.4369241172448026,-1.029633467422178
2025-12-08,012450.KS,1,0.024546418875188,-0.9186511188656842,1.3181667207489345,-1.4638501094227996,-0.5408406414303132,-0.5530666360296432,0.2148379325681106,-0.3407146330515124,0.170203869501965,1.3970226658318885,1.2656806311784456,0.2571520618633263,-0.0293389614476429,0.1402920154783904,1.243431703983743,-0.2872428823497172,1.719665931578056,1.3496265119754316,0.124016966982743,-0.0749984074184885,1.0428465263994706,0.8788247507641588,0.3814848988568359,1.6135944434773608,-0.4369241172448026,-0.9781116078924456
2025-12-09,012450.KS,0,-0.038541680476784,-0.7622795360765217,1.407329998301916,-0.8783100656536796,1.2672921655613871,-0.5530447227467816,0.6144430998091793,0.0309472511325645,-0.1985666044347149,-0.5300084338458195,0.5907475730370867,0.3699009778258788,0.2315586027255993,0.1782685966130744,1.2477432912665791,-0.2872428823497172,1.52818287250647,1.3714650329419362,0.2272901438522364,0.8676696438258075,1.8135453122075773,1.464707917940265,0.2918258573119018,1.7417742464150616,-0.4369241172448026,-1.1105963895403292
2025-12-10,012450.KS,0,-0.0205850472009451,-0.747745322027305,1.4178197616719697,-0.8783100656536796,1.271660340376663,-0.5615892087368273,0.3805702956901655,-0.4359217701006252,-0.7973848923125956,1.2702988357223146,-1.3117744296310432,0.1993699642737365,-0.1776497360846398,0.1164211290334529,0.5762633124456983,-0.2872428823497172,0.0088402787449451,0.4398496377708137,-0.1355102871610179,-0.1103835597420544,1.868097207575851,-1.464707917940265,0.1715795846985901,1.4880943350512252,-0.4369241172448026,-0.9339500140098178
2025-12-11,012450.KS,1,0.0630530924878636,-1.0577048937098823,1.3837279193965275,-1.4638501094227996,0.5913675061984335,-0.5517788353187898,0.2932093641905924,-0.159291347136341,0.8188331412175213,1.274648105225239,-0.7702635860323225,0.1316065586704502,-0.3688607981308122,0.0833017741905829,-1.316525044337225,-0.2872428823497172,-0.8753927453348713,0.3097065851582161,-0.2638448699719687,-1.5607339987732207,1.6461889633664448,-0.292941583588053,0.3552784083005376,0.6867306208332403,-0.4369241172448026,-0.9192294827156084
2025-12-12,012450.KS,0,-0.0551508839495197,-1.0430676542525985,1.3653707603560945,-0.8783100656536796,-1.3262627975323251,-0.5488290137624405,0.4406934629555046,0.4041068012615542,-0.003425442392931,0.5972995553452974,1.7519775760041274,0.4348649348984919,0.2953959927815687,0.174018066094534,-0.77778466793268,-0.2872428823497172,0.4545417155187812,0.436486313766616,-0.1279996021523115,-0.0129805078227345,2.0173425880801856,1.464707917940265,0.4837790390937433,0.6000307197936928,-0.4369241172448026,-0.7619680821154147
2025-12-15,012450.KS,0,-0.0363436315930738,-0.6764145360250624,1.4125748563147331,-0.8783100656536796,-0.7804517099194517,-0.5628389435903386,0.4982008789246951,-0.1315152236450159,-1.0433949325997876,-1.3120313095121754,-1.812651383894267,0.2118556020235086,-0.283025397717646,0.0806961820496542,1.731552253167831,-0.2872428823497172,-0.9737910357428056,-0.5638539892935172,-0.4023618845713289,3.660930972249931,1.6380320635199177,-1.464707917940265,0.9246349648950574,0.7783015655698878,-0.4369241172448026,-0.7473511624856851
2025-12-16,012450.KS,0,-0.0057142626717425,-1.0357490345239564,1.2971870225036108,-1.4638501094227996,1.761819064796988,-0.5557452524718132,0.1059927721845149,-0.4696720807890042,0.593027418582832,-0.768582473762548,-1.2454887686719434,0.0484554449672565,-0.644472958740234,0.0308283472827916,-1.814839421716701,-0.2872428823497172,-1.481629178856258,-1.0861284738297363,-0.3362194523209989,-1.5859577444719792,1.003983162094358,-0.292941583588053,0.8975335227106762,0.9849096303947468,-0.4369241172448026,-1.0590745300105968
2025-12-17,012450.KS,0,-0.0218390787949015,-0.9845186964234622,1.2342482841965376,-1.4638501094227996,-1.8311173141100603,-0.565586314651813,0.104826313667343,-0.4479798907145748,-1.192938363368657,1.7626854393214644,-0.3218114206579625,0.0308338245806992,-0.6831241359254072,0.0255469509267091,-1.250578512781169,-0.2872428823497172,-1.320656918205291,-0.8766616732813167,-0.3445341390954075,0.3418277792383682,0.520560036187909,-1.464707917940265,0.589066086229932,1.25309319667717,-0.4369241172448026,-1.0443539987163877
2025-12-18,012450.KS,1,0.0387779287015992,-0.8008310714119766,1.2211360395497994,-0.8783100656536796,-1.2594507491146305,-0.565586314651813,0.5788323239241974,-0.5051543680093394,0.1942297780401676,-1.8147008328761052,-0.8080809037840025,-0.0572498843593572,-0.8705296769179203,0.0008400305414334,-0.3316268647617985,-0.2872428823497172,-1.5990395639659891,-0.8766616732813167,-0.4988554211890018,1.3408685515417398,0.0158121828984064,-0.878824750764159,0.426322532054214,1.6362029566269587,-0.4369241172448026,-0.6756144753425347
2025-12-19,012450.KS,1,0.0022624057051796,-0.6038464911870468,1.2080238354550634,-0.2927700218845597,-0.3284382977804489,-0.5556390747094939,0.8172400548148075,0.0080866061327212,1.2792675166392442,-1.24550842137254,1.0199213927281472,0.1229628366760513,-0.4880539785775465,0.0511136078310637,-0.8154085054624194,-0.2872428823497172,-0.0633619086065412,-1.298562625311814,-0.1391139199728401,0.8032278707930657,0.043023167924064,1.464707917940265,0.6312120793650917,0.4009650329795322,-0.4369241172448026,-1.0369937330692829
2025-12-22,012450.KS,1,0.0158013759125696,-0.7823799839782704,1.2998094882618072,-0.8783100656536796,-0.8185693424223789,-0.565586314651813,0.5319520794044502,-0.0465177351340801,-1.0857640293284816,-0.3185253603306809,-0.0812622956888451,0.1309263664315985,-0.4827871977814014,0.0499441073458459,1.0032414014286692,-0.2872428823497172,0.1448644074332381,-0.7273723428576967,-0.1087930076021307,-0.8000022338524768,0.0925530275827295,-0.292941583588053,0.6027195906746878,0.0245416562153897,-0.4369241172448026,-0.9854718735395502
2025-12-23,012450.KS,0,-0.0244444572014076,-0.6436352853582744,1.2762074907739165,-0.8783100656536796,1.0239494795229327,-0.565586314651813,0.5983736969477303,-0.2325968492343979,-0.5238668523280612,-0.8065351344456531,0.3270268900309752,0.2003743400579231,-0.3418364668398004,0.0674450840076843,-0.092308432524309,-0.2872428823497172,0.4322056554452547,0.3824450335286978,0.0041294718001783,0.4868437719882154,0.2728992243792766,1.464707917940265,0.0437341017233797,0.2746284668401705,-0.4369241172448026,-0.8007389913433137
2025-12-24,012450.KS,0,-0.0091116091387351,-0.9259697385943264,1.2998095073783746,-0.8783100656536796,-0.0859789249428241,-0.565586314651813,0.3135494845837761,-0.3234547067640387,0.1085139572309461,1.0280093285703789,-0.8866502345225951,0.0778419323454008,-0.6055829782978444,0.0321886175159133,0.3138918720435549,-0.2872428823497172,-0.3273471878886682,-0.1014375980752549,-0.2136160886314415,-1.2254519741982255,0.1656762693591578,-1.464707917940265,-0.2957159096035227,0.244410642513596,-0.4369241172448026,-0.6026334888583658
2025-12-26,012450.KS,1,0.0996523754345306,-0.991837316152104,1.2447380830205337,-1.4638501094227996,0.3255525654283063,-0.565586314651813,0.3306089403974142,-0.7045365912050808,-0.2083268167284631,-0.0771153434300196,-0.4242638082006546,0.0335819088991157,-0.7040199540226864,0.0185338780041008,-0.8935758613267268,-0.2872428823497172,-0.7046058946032546,0.1878826503672626,-0.260803281094375,-0.6268149616221478,0.0230514246716832,0.2929415835880526,-0.516017402328342,-0.1380415677455724,-0.4369241172448026,-0.7821829097288328
2025-12-29,012450.KS,0,-0.0084299262381454,-0.5538534119223257,1.3215974346008708,-0.8783100656536796,-0.8977626076549868,-0.5407806264235718,0.3968288755602155,-0.3531481642745345,4.014626275699423,0.3326350526174956,2.8556871789743403,0.4611313985181871,0.2520985226366767,0.1520108400239175,-0.4335550874017793,-0.2872428823497172,1.5735598515891407,0.7743518908835374,0.4224952950859154,3.540225631352976,0.8107552910610667,1.464707917940265,0.7231925060559563,1.158749296715264,-0.4369241172448026,-0.6426486974272831
2025-12-30,012450.KS,1,0.0053134962805525,-0.6839392065698391,1.4855081381253,-0.8783100656536796,-0.4317042798641815,-0.5580109051916008,0.7781551801938056,-0.5849380419098676,-1.0198400398237315,-0.8853856539140252,-0.4037065758456439,0.4059534220287929,0.0735248631012039,0.1187268352873338,2.8296150786393617,-0.2872428823497172,0.9090223931169692,0.5902507182081328,0.1229493764322937,-0.5989697369383625,1.1923972019748694,-1.464707917940265,0.6308077732753902,1.4584078177694386,-0.4369241172448026,-0.9265897483627132
2026-01-02,012450.KS,1,0.069767441860465,-1.0723421331671663,1.4590709278794245,-1.4638501094227996,2.8742934425997664,-0.5628435747480568,0.2909493508135719,-0.2433454190981525,-0.6171789478230102,-0.4213444107486349,0.0107481945843705,0.4217711538448546,0.0525979218183955,0.1074739366172317,-0.4131030295571517,-0.2872428823497172,0.720599151897981,0.5179888369120821,-0.1138790511266509,-1.694115980593315,1.427471691880679,-0.878824750764159,0.5678401919685253,1.6503237092764578,-0.4369241172448026,-0.9928321391866548
2026-01-05,012450.KS,1,0.0098814229249011,-0.991837316152104,1.5013704642728256,-1.4638501094227996,-0.4109837984876097,-0.542158791187463,0.3487619510709003,0.3558530895614576,2.1132677710529704,2.870345065772688,1.9544594631776044,0.6639675905680769,0.7215314770230306,0.2200395017857431,-0.0007686845230816,-0.2872428823497172,1.824657079089374,1.2854901783656474,0.0678086543775536,0.7952165547825774,2.1687788084211843,0.8788247507641588,0.862096886145182,2.197252176002864,-0.4369241172448026,-0.552355928669652
2026-01-06,012450.KS,0,-0.0117416829745596,-0.7458899107431276,1.5753946529612777,-1.4638501094227996,0.0067622387134158,-0.5475521696930179,0.6372999928104671,0.076440403740032,-0.4662454979536611,-0.4007136069122415,0.1485012896484952,0.6143404290521122,0.7246477719154445,0.2385797887357252,1.932998206467665,-0.2872428823497172,1.1235860026570264,1.4627010646063348,0.1411153731442183,1.9103233976559943,2.6199257920006485,-0.878824750764159,0.8719676788597337,1.4502436236427758,-0.4369241172448026,-0.6831819643185985
2026-01-07,012450.KS,1,0.0792079207920792,-0.6913608517065488,1.6705686098464303,-0.8783100656536796,1.9659089004235475,-0.5487175271120053,0.477356818652058,0.5307828395670315,-0.2674135755568245,0.0152244396174007,-0.5035778688982467,0.4765023425215275,0.5106286489512193,0.224123270521646,0.1362796408484639,-0.2872428823497172,0.4126872714141327,0.8814347624237243,-0.0172887420363992,0.0653857021723843,2.638061024754881,-0.292941583588053,0.7652150915664403,1.4373119603206133,-0.4369241172448026,-1.073795061304806
2026-01-08,012450.KS,1,0.1137614678899081,-0.4536602486377846,1.7181555882890065,-1.4638501094227996,0.1456092581734839,-0.5217528936855568,0.6636288559738385,1.324367946467983,1.4170332142080948,1.96589198106591,2.2391521241962407,0.7179042089546457,1.3123058745805745,0.3828644000172658,-0.5124633630522261,-0.2872428823497172,1.7893983218448988,1.3724425080855502,0.5948719475456758,0.7791696418684338,3.303445882149652,1.464707917940265,0.8882860283093449,2.097899522610986,-0.4369241172448026,-0.9928321391866548
2026-01-09,012450.KS,0,-0.00164744645799,-0.1381344431026751,1.8503416395183847,-0.2927700218845597,-0.5116481891027305,-0.514213143010224,0.649834366506965,1.680392702943332,0.039749224653975,0.1534705338894882,3.2799399175535657,0.9079232518833392,2.5185948199385653,0.6778244283616344,2.2162343284583232,-0.2872428823497172,3.546812074005488,1.480326936773049,1.854743209878288,0.719278097930496,3.86606050523158,1.464707917940265,1.0887460158074127,4.104493163583632,-0.4369241172448026,-0.7454851931577889
2026-01-12,012450.KS,1,0.0577557755775577,-0.7077504770399425,2.260118398329459,-0.8783100656536796,2.2528623618045227,-0.5472573569699825,0.4181939043037975,1.8665560800613912,-1.1292775241166055,-0.5009423254611661,-0.1991701078438724,0.7284239729607117,2.287530694020035,0.7322684293434769,3.252920364400479,-0.2872428823497172,2.33924087605198,1.4028239380621577,0.4902497082668352,-1.341364296558651,3.86606050523158,-0.878824750764159,1.0326371643168608,4.773710344590391,-0.4369241172448026,-0.6906458416301828
2026-01-13,012450.KS,0,-0.0101404056162246,-0.6272456600248806,2.1887379306655945,-0.8783100656536796,3.247920263226486,-0.5427688615005337,0.5123125259080992,1.915311493392461,0.0567721384675127,2.251603517604764,1.5922285570847954,0.7575805227570661,2.7757888529434407,0.9216436994659476,-0.2096130070353001,-0.2872428823497172,2.6604994755146145,1.4516454769443938,0.6889526192757266,0.1563075865883739,3.86606050523158,0.8788247507641588,0.927176732952504,4.837485300562166,-0.4369241172448026,-0.4515926255960013
2026-01-14,012450.KS,1,0.0197005516154451,-0.5049936121463462,2.3209239818949734,-0.8783100656536796,-0.2048230662026795,-0.5585762452984179,0.5012745396889219,1.776775160659957,-0.993213673733668,3.242354842200024,-0.4552888026892569,0.5017621542121288,2.419649181017436,0.9472224659636796,1.572620539056795,-0.2872428823497172,1.0257874557013402,1.4390817136512235,0.2665810425859259,0.2650668304389234,3.86606050523158,-0.878824750764159,1.0826056037432008,3.4747695553022564,-0.4369241172448026,-0.1342713500874014
2026-01-15,012450.KS,1,0.0038639876352395,-0.5615841332832372,2.408166775706363,-0.8783100656536796,1.6008014475282502,-0.554262943136796,0.4405066805925821,1.7925876923937272,0.1823716082917736,-0.1954451312798797,0.4446127365406725,0.4192008798613321,2.4175744522366847,1.0147941632927384,-0.4644213524199634,-0.2872428823497172,0.6275358577536998,1.3925231298584382,0.0974556849255205,-0.3488152574217897,3.86606050523158,0.2929415835880526,1.044704898560574,1.4015833216621956,-0.4369241172448026,-0.7071287305878085
2026-01-16,012450.KS,1,0.0238645111624327,-0.6341283296471631,2.397591891608013,-0.8783100656536796,-0.4629756499303291,-0.5462619969257722,0.5163287458185576,2.025717898316491,0.3865377651864962,1.602364700835589,-0.0329640446349502,0.2905921735913198,2.1886047239639743,1.0098023325148449,0.4308761281435578,-0.2872428823497172,0.3486896850421247,1.1393695717212624,-0.0178541109695683,-0.4149758714303296,3.86606050523158,-0.292941583588053,0.9182662833491502,1.2025223192106096,-0.4369241172448026,-0.6261658084696575
2026-01-19,012450.KS,0,-0.0157894736842105,-0.891598363797311,2.4187416598047133,-1.4638501094227996,0.4440721842503769,-0.5571636292393061,-6.382330646675191e-05,2.051762696552607,-0.8051220719564183,-0.4524804393864359,0.5701835611135674,0.2690339062832337,2.20438738605653,1.038184304108397,-0.0442572840384654,-0.2872428823497172,0.4989798859569037,1.292626750299388,-0.0674684063820714,-1.1186698289992552,3.86606050523158,0.2929415835880526,0.7052267467915561,0.5217181813314574,-0.4369241172448026,-0.5032180967902135
2026-01-20,012450.KS,1,0.004583651642475,-0.8001940786690411,2.495409569517753,-0.8783100656536796,-0.0372971279868596,-0.5540435843980471,0.5721569165056994,1.8129948780388228,0.0588090287736544,0.4506417225516679,-0.6256454373685232,0.0988990317808541,1.7170537992759451,0.9347107054210388,0.555804509718058,-0.2872428823497172,-0.07818717852041,0.2712801568833187,-0.1618241094921585,0.3890529325608917,3.86606050523158,0.2929415835880526,-0.3413878870112037,0.4883693216382591,-0.4369241172448026,-0.5601306409746748
2026-01-21,012450.KS,0,-0.0197718631178707,-0.7240060739489526,2.408166775706363,-0.8783100656536796,0.5706401914154674,-0.5493445406850206,0.1595347879459795,1.913088726921772,0.1414319091835667,-0.0286442396390993,-0.0112614315849795,0.0414571160165758,1.5214858168981549,0.8834551494381048,-0.6339064118145088,-0.2872428823497172,-0.1486153955598702,0.7264237084574829,-0.1730309335663138,0.2015125583333883,3.5443236299795653,-0.292941583588053,-0.365624482096451,0.0379394356775046,-0.4369241172448026,-0.6330876432772513
2026-01-22,012450.KS,0,-0.0263770364623738,-0.4314337092709408,2.355292355214612,-0.8783100656536796,-0.6346851201201131,-0.556003693663501,0.4843535076990879,1.618649600876268,-0.6078585932394907,0.5766619476772606,-0.7457407263145619,-0.099120184495497,1.0506459094812854,0.7634971750287657,-0.0226657054732028,-0.2872428823497172,-0.6886538101583933,-0.3782610309829962,-0.3714297165561198,1.071270587670851,2.4667649741718645,-0.292941583588053,-0.8155578011084318,0.1193129058529582,-0.4369241172448026,-0.8920227864843467
2026-01-23,012450.KS,1,0.0055776892430279,-0.5295697031805056,2.3262114239441485,-0.8783100656536796,-0.0154221702221656,-0.5497937629836842,0.430694819478732,1.1060643938269767,0.2894213404850446,-0.6234467568167793,-0.9449302366728493,-0.2403488466406503,0.5476610193731083,0.6303326977352941,-0.7533872715905073,-0.2872428823497172,-1.23963046539219,-0.9825988159622988,-0.5454832443550577,-0.4484990013414681,1.1853551222131342,-0.878824750764159,-0.6615755660382342,0.8616112582218844,-0.4369241172448026,-0.8000983738529781
2026-01-26,012450.KS,0,-0.0253565768621235,-0.7690768281615633,2.29184305062451,-0.8783100656536796,-0.7557341093540094,-0.5648411850955214,0.7017796857443538,1.096683175075626,-1.135582760844504,-0.0068639559492103,0.0187153536717802,-0.2116695304904514,0.416433979558391,0.5468497114905916,-0.951557692469064,-0.2872428823497172,-0.7970697409959354,-1.6514752774071642,-0.3292019127310742,-0.9280585738498842,0.2530693271952127,0.8788247507641588,-0.771388451144447,0.7533194524125325,-0.4369241172448026,-0.7234768284448845
2026-01-27,012450.KS,1,0.0471544715447154,-0.6714516685669993,2.3632235182883745,-1.4638501094227996,-0.9565054227541488,-0.5617226086701241,0.3084644544854799,0.90235792951197,0.1972785782824188,-0.7439718501334777,-0.9141566539805142,-0.2889206768425308,-0.0451301503299412,0.3973583081238723,0.0071577131407234,-0.2872428823497172,-1.1641628337013914,-1.706769327036891,-0.4580367862689347,0.27746531155105,-0.8046856548704561,-1.464707917940265,-0.6915076099102698,1.0702127757006,-0.4369241172448026,-0.4292396081936127
2026-01-28,012450.KS,1,0.0093167701863354,-0.5521320290625323,2.323567702919561,-1.4638501094227996,0.0147926665766598,-0.5587430799313388,0.323591963380052,0.8233880226409462,0.1117276178657277,-0.9438742321030738,1.272529368384694,-0.0765204399259929,0.3073508091833347,0.4122270417983637,-0.920941552979029,-0.2872428823497172,0.2490078187496681,-0.5992234296473918,-0.0275139389472412,0.2867336264891836,-0.9783078981368808,0.8788247507641588,-0.280658452627229,0.6248078122994324,-0.4369241172448026,-0.5279340357630946
2026-01-29,012450.KS,0,0.0,-0.2104439704815587,2.3790858444359,-1.4638501094227996,-0.925487460994744,-0.5535254595089422,0.6488334046133515,0.2638394214835847,0.2663371588440219,0.0232201120613923,0.1314732880123294,-0.012409432823969,0.2437941746562063,0.3516517463199735,1.2545569890973918,-0.2872428823497172,0.4667571967296572,-0.1242708781395234,0.1674203956465462,0.9281487767926822,-1.0494685206593524,-0.878824750764159,-0.2875741940872108,0.7920063647272626,-0.4369241172448026,-0.7688040535529076
2026-01-30,012450.KS,0,-0.0469230769230769,-0.4762013493778715,2.4821909643948152,-1.4638501094227996,1.278563464750821,-0.5512708763856516,0.5807596145877773,0.2861458749590138,-0.0395439676114947,-0.9129905150294644,-0.1494887389844721,0.0340859362922317,0.0823952298990113,0.2695181194740219,0.1193387575414564,-0.2872428823497172,0.2621796085388571,0.5167418011800745,-0.0036534840557718,-0.7576466157644828,-1.171183337009697,0.8788247507641588,-0.2932018320377761,0.9222249250394288,-0.4369241172448026,-0.6706233671531368
2026-02-02,012450.KS,1,0.0484261501210654,-0.915514567553409,2.429316543903064,-1.4638501094227996,0.1284460338303779,-0.5438528912717873,0.119370593303329,-0.8917667535525305,0.2854791305173051,1.2815213531113865,-1.5645287734129691,-0.1440340358604084,-0.5322585120484524,0.1395966789580118,-0.1601858170242346,-0.2872428823497172,-0.9898933558699392,-0.540316097827842,-0.3242489623112529,-1.461029275057486,-1.9295011577299253,-0.292941583588053,-0.0159449439213772,1.1535564269829437,-0.4369241172448026,-0.5506247504423057
2026-02-03,012450.KS,1,0.0192455735180907,-0.2755274102112677,2.323567702919561,-0.8783100656536796,-0.1547471678309379,-0.5561586680144607,0.6337058957187797,-0.2576372145040952,-0.8364728056004603,0.1363815913988472,1.3108788589649956,0.1346362189785072,-0.14786020200892,0.1498749776062801,-1.5679862512855844,-0.2872428823497172,0.0340220562279474,0.4183012733449746,-0.0605178701709908,4.060364257905791,-1.8252467045591385,0.2929415835880526,0.2236833604780578,0.7154098458631181,-0.4369241172448026,-0.2069923480431079
2026-02-04,012450.KS,0,-0.073262839879154,-0.7311114883192328,2.416097938780126,-1.4638501094227996,-1.5810243132236372,-0.5629204971482051,0.3009007000381941,-0.2576372145040952,-0.7367148373444579,-0.1455859596967962,0.4308921481913618,0.3440900316671602,-0.0759830180120113,0.0962112765089691,1.2927102767635283,-0.2872428823497172,0.421665239104132,0.1637279841385691,-0.0280102818664686,-1.237904180833908,-1.5339917617888263,0.2929415835880526,0.246129622115564,1.0127554920748785,-0.4369241172448026,-0.4742619943535951
2026-02-05,012450.KS,0,-0.0374898125509371,-0.60636822883729,2.3500049131654364,-0.8783100656536796,1.3172174961713723,-0.5414925822064426,0.3992295078529124,-0.9623147004864568,2.2077184008502813,-1.565690226009768,-2.3588462292206325,0.0726348086983238,-0.9277911986713486,-0.0564951419950105,0.4172257368001906,-0.2872428823497172,-1.3933414932382149,-0.8443100886267652,-0.5581357334407033,0.3622538426725892,-2.365087396990145,-1.464707917940265,0.8534307537690679,1.6062043023040775,-0.4369241172448026,-0.9160750831525636
2026-02-06,012450.KS,1,0.0101608806096529,-0.6117918488147658,2.0036774589444644,-0.8783100656536796,0.4302426380129329,-0.5457985422887551,0.7698534757699281,-1.429031053573703,-0.4088284855394003,1.3200080911958043,-1.2800536789129122,-0.128228010819745,-1.291542482372392,-0.0954352921381636,-2.358239835650801,-0.2872428823497172,-1.915114293605154,-1.0567969855234196,-0.7181447532626922,-0.1961398369643044,-3.025446054870349,-0.878824750764159,0.6627120689794967,2.4496065272283243,-0.4369241172448026,-0.2724461389762883
2026-02-09,012450.KS,0,-0.0393964794635373,-0.584673748927387,2.233681188083583,-0.8783100656536796,-2.3816496000286893,-0.5481090381698627,0.2025718922234754,-1.2365599457956546,-0.3265479317079831,0.4368720301209872,0.1569287807207613,-0.0898989884010609,-1.1859789035795074,-0.0780987234923632,-1.2849665827039352,-0.2872428823497172,-1.4458436219327082,-0.6368004663258932,-0.5869115418219892,-0.0813826029651103,-3.025446054870349,-0.878824750764159,0.6667708886700895,2.802366133945019,-0.4369241172448026,-0.7306226755085522
2026-02-10,012450.KS,0,-0.0139616055846422,-0.4924722093102986,2.164944441444306,-0.2927700218845597,-1.2942901460997165,-0.5222008734784912,0.3311557178273382,-1.4886319197715276,1.3232426855249442,-2.362850433745451,-1.3375522529742914,-0.3103409171034956,-1.520800298531228,-0.1023647537968798,0.1446640153556216,-0.2872428823497172,-1.8573043652550991,-1.5572176686994312,-0.7909925267304118,0.1354246777981665,-3.025446054870349,-1.464707917940265,0.7151923956136196,3.028841282215452,-0.4369241172448026,-0.6051695762199562
2026-02-11,012450.KS,1,0.0008849557522123,-1.0022924871930214,1.987815132796939,-1.4638501094227996,0.1541036736083297,-0.551153516071769,0.3009007000381941,-1.448402615046322,-1.128361114456896,-1.280197034629867,-0.5705231668749633,-0.4054913841813483,-1.5815319864759392,-0.0938709674414657,-1.3421709836845126,-0.2872428823497172,-1.3613790663068224,-1.9692023291224807,-0.3406566636448017,-1.694115980593315,-3.025446054870349,-0.878824750764159,0.596965025654111,1.3937154279692958,-0.4369241172448026,-0.6106240587977212
2026-02-12,012450.KS,0,-0.0229885057471264,-0.9805980072831184,1.950803038452713,-1.4638501094227996,-1.3522453276360011,-0.5553503615600385,0.1798806288816174,-1.2908172055420062,-0.4736732805874347,0.1619281857826187,-0.1228014904024759,-0.4141803596637199,-1.532032735412209,-0.0702961611539502,-0.5790661568038817,-0.2872428823497172,-0.8856347814431949,-1.7726112728702037,-0.2876457771275987,0.0143803302342165,-3.025446054870349,0.2929415835880526,0.0972733089457231,0.8720619930194101,-0.4369241172448026,-0.583351645908896
2026-02-13,012450.KS,1,0.0398190045248869,-0.6551808086345721,1.8979286179609616,-0.8783100656536796,-0.5791251128452153,-0.5524129650609818,0.4824308067730587,-1.463095582835623,0.0251024483629088,-1.3379013881073678,-0.842743702148988,-0.5263744227799849,-1.5815319864759392,-0.0732349156380892,-0.1336351052218305,-0.2872428823497172,-1.1614126554604371,-1.6928718921032169,-0.4642195355357829,2.474751075509238,-3.025446054870349,-0.878824750764159,-0.1742932190858223,1.0640704313427267,-0.4369241172448026,-0.4906254420868901
2026-02-19,012450.KS,1,0.0809399477806789,-0.796194928048942,2.109426299927968,-1.4638501094227996,-0.1278479905639937,-0.5576702327116487,0.2857731911436219,-0.9841454506568016,-0.5589238335528902,-0.5681272113677508,1.0513166904244755,-0.3267403716228987,-1.2362843088284754,-0.0124460474399257,-0.8498939626958951,-0.2872428823497172,0.1499429316577754,-0.8976386463002338,-0.110403117719853,-0.7106818782749744,-3.025446054870349,0.8788247507641588,-0.1606902205631036,0.2218574494226705,-0.4369241172448026,-1.0033468043968043
2026-02-20,012450.KS,0,-0.0048309178743961,-0.2701037902337919,2.175519325542657,-1.4638501094227996,-0.8535074048803087,-0.5290711394758809,0.7169071946389262,-0.7562465093343695,2.2290228374375944,-0.1188032011561489,2.29138415351514,0.0607981719174989,-0.4203026192340777,0.0934499201741362,1.0344760751165458,-0.2872428823497172,1.9548291498926609,0.7466624554851053,0.8549801173376863,2.415134795091768,-2.938482427536407,1.464707917940265,0.5737351125087399,2.2017723065890524,-0.4369241172448026,-0.9815288740857444
2026-02-23,012450.KS,1,0.0040453074433657,-0.1887494905716553,2.220462582960645,-0.8783100656536796,1.055594093447343,-0.5569688947050099,0.9816386002939376,-0.8612860988482811,-1.217180646265786,-0.8413219861550061,-0.2951727529828132,0.0718047019503821,-0.4374401888631282,0.0841853238062936,2.2681991292896977,-0.2872428823497172,1.258894110490573,0.9187768419713924,0.5832279368076698,0.0112405619325996,-1.951209377384764,-1.464707917940265,0.5884680759520601,2.7376693225378426,-0.4369241172448026,-0.6542599194198416
2026-02-24,012450.KS,0,-0.023368251410153,-0.584673748927387,2.225750025009821,-1.4638501094227996,2.305509175931669,-0.5596600491595388,0.6563971590606377,-0.8298084017900216,-0.4214598994233678,1.0595169856796909,-0.0274960573596471,0.1110542576463008,-0.374132369258455,0.0890801630072824,-0.3051244853175553,-0.2872428823497172,0.828469023599203,0.9352915657122084,0.1528774620661916,-1.0245023996251512,-1.212966002634034,-0.292941583588053,0.3011982835419416,2.7958577579017883,-0.4369241172448026,-0.7960764664417327
2026-02-25,012450.KS,0,-0.0148514851485148,-0.5250139291751533,2.217818861936058,-1.4638501094227996,-0.301588087210879,-0.5601816756556989,0.2101356466707615,-0.6594920772109641,-0.248922139185549,2.304022478107115,-0.8541955367540427,0.0069718176221675,-0.6033957282191232,0.0575521497668502,-0.0388172719727882,-0.2872428823497172,-0.362500081611261,0.8825021812970564,-0.2371830195822701,0.0251057787525415,-1.009020330403402,-1.464707917940265,0.3749212011979663,1.4431865892494704,-0.4369241172448026,-0.2669916563985232
2026-02-26,012450.KS,1,0.0008375209380233,-0.4002706696932105,2.130576068124668,-1.4638501094227996,-0.0317857183501615,-0.5582865155533658,0.4597395434312007,-1.1823477415827908,-0.0178482792150316,-0.2917913565612035,-0.5973589008308559,-0.0491451931867506,-0.7287808508950729,0.0400196290901152,-0.8612872076485699,-0.2872428823497172,-0.9848730131962112,0.2976188459393706,-0.5002593226407532,0.2115393103504786,-1.0378104204623635,-1.464707917940265,0.4406632617486479,0.4297773816588992,-0.4369241172448026,-0.1851744177320474
2026-02-27,012450.KS,1,0.1983263598326359,-0.4056942896706864,2.1834504886164194,-1.4638501094227996,-0.8650501807542108,-0.5423640305429249,0.3765382445110543,-1.3844896401196565,1.1922056921758797,-0.0231566831962605,-0.1242319626882801,-0.0400246515453658,-0.705473936125028,0.043750620946077,-0.6057645943022143,-0.2872428823497172,-0.7485569657830825,-1.7911686124620168,-0.4012354346072198,-0.1916003185341476,-1.0175560164583377,0.8788247507641588,0.311082390060125,0.484105958368906,-0.4369241172448026,-0.583351645908896
2026-03-03,012450.KS,0,-0.0761173184357542,1.6064687219728255,2.45575375414894,-0.2927700218845597,-0.6061739546375868,-0.4328591767458505,0.4597395434312016,0.5710281381562494,4.629788974497303,-0.8528148052866691,3.2799399175535657,0.7495044145969825,1.2567110806483923,0.3521416968716619,-0.1350582589532847,-0.2872428823497172,3.555485352199674,1.018639312091664,5.1901700615863415,4.648913285754266,1.4093314575214204,1.464707917940265,2.8319681193989936,4.837485300562166,-0.4369241172448026,-0.5233523375534804
2026-03-04,012450.KS,1,0.0438397581254723,1.709517501544865,2.838696744560448,-0.2927700218845597,-0.1292898225113027,-0.4445896733358727,0.4521757889839143,0.1700110482925396,-0.3465516529957769,-0.5950589866908388,-2.444927571278156,0.3146114972268396,0.3159145771092149,0.2257591230211864,3.255957501319405,-0.2872428823497172,0.8823892383934682,0.1260858207408123,1.4383704077690171,-0.0945975256939403,1.732399480792452,1.464707917940265,3.210806117606697,4.837485300562166,-0.4369241172448026,-0.3978992382648844
2026-03-05,012450.KS,1,0.0724112961622012,0.5651336862974771,2.537709105911154,-0.2927700218845597,3.247920263226486,-0.49044129748773,-0.0848507767733932,0.32747762134185,-0.8224379808757595,-0.1202387929037234,1.172568911857609,0.4786436149376794,0.7716165778320491,0.3059106120899988,-2.443880770028552,-0.2872428823497172,1.37676338212718,0.4913302589431961,1.2394364505528044,-1.0620789188677089,2.396263799870679,-1.464707917940265,3.232587972860315,4.837485300562166,-0.4369241172448026,-0.4033537208426495
2026-03-06,012450.KS,0,-0.0317353139770425,1.8668024808916623,2.677826320214296,0.8783100656536802,-2.468414530938198,-0.4846669215435549,1.5648797057241612,0.8680869900242958,-0.0812269562156619,3.242354842200024,2.034189095748072,0.6815092309440488,1.4986986120128694,0.4614302647895205,1.1551079483042608,-0.2872428823497172,2.191305935103653,0.8134188318192745,3.490628815317573,1.4596333814264362,3.6559549128426414,1.464707917940265,3.3406283058034294,4.837485300562166,2.8067606777418725,1.6202593155081826
2026-03-09,012450.KS,1,0.0146443514644352,0.5217447264776707,2.838696744560448,-0.2927700218845597,1.1778092025965472,-0.5154444661879289,0.3084644544854798,0.6920060023753601,-0.7949826325399104,-2.449239848978644,-1.1065176195988236,0.4257352166080829,1.037921105387132,0.4203566909809407,2.012319927850293,-0.2872428823497172,0.2075726655017175,0.5566480641547925,0.2041762085454976,-1.1649808540195423,3.735378071352626,0.8788247507641588,3.391019705656123,2.6037026806813133,-0.4369241172448026,1.7238944844857178
2026-03-10,012450.KS,0,-0.0309278350515463,-0.1453605307518492,2.5482839900095047,-0.8783100656536796,2.0462716816728728,-0.5280270957980966,-0.0167769867478195,0.738353701157648,-0.5607492609355523,1.1812031519842798,0.2921349770899969,0.4203358654267143,1.1500929050711473,0.4636207007584267,-1.1123183651847424,5.1597207973470205,0.5337002490378602,-0.140044951597718,0.2262974304929345,-1.036392280250802,3.746468132668952,-0.878824750764159,3.2957204835955904,2.764635050352409,-0.4369241172448026,0.5729986605772938
2026-03-11,012450.KS,1,0.0390070921985814,0.0010772086399965,2.7967937663207363,-0.2927700218845597,-1.119376002839338,-0.5469579130892287,0.2630819278017637,0.6386419963120824,-0.8761816796407745,2.045906954925371,-1.0821668079841569,0.1976326076463523,0.6904245182774426,0.4083748057156882,0.2791784724256018,-0.2872428823497172,-0.7076884997988351,0.3415461127704831,-0.4699502321273895,0.1240893216664554,3.0413283796165764,-1.464707917940265,3.4485011415394364,1.4098532415464686,-0.4369241172448026,1.8820744792409048
2026-03-12,012450.KS,1,0.0156996587030717,-0.3134927500535983,2.7201258566076967,-0.8783100656536796,0.2903835689505152,-0.5496182308106585,0.2782094366963357,0.663917535298637,-0.3509318802145342,-1.1060399138452175,1.026832182555316,0.3027575658252672,1.0104547305309757,0.4730491923208537,-1.0880921367165213,-0.2872428823497172,0.0426288904571855,0.3270428902489193,-0.0621274726520118,-0.7492571370805898,2.923419860624265,1.464707917940265,1.2390294836309772,0.790497666765396,-0.4369241172448026,0.5293627999551731
2026-03-13,012450.KS,0,-0.0080645161290322,-0.0640062310897126,2.804724929394499,-0.2927700218845597,-1.0948318166447837,-0.5425469047952599,0.3992295078529124,0.49048723342682,0.2369069077337598,0.2976182663628818,0.3239594457568952,0.2915130194062379,1.0596512188940834,0.4980710566064233,1.0101168344079958,-0.2872428823497172,0.4633114520504973,-0.2011224576698849,0.2171694524967683,0.4269817681330322,2.8509442786941404,1.464707917940265,0.4374204324588354,0.9085416312356028,-0.4369241172448026,-0.1415385571099272
2026-03-16,012450.KS,0,-0.05420054200542,0.1854802878741727,2.838696744560448,-0.2927700218845597,1.030915149290067,-0.5587391265040184,-0.3117634101919751,0.4587602999839285,-1.0075996205854794,-1.081601954055523,-0.3926870526752499,0.1900240484404921,0.8123528291186405,0.458756612194153,0.3108401213679166,-0.2872428823497172,0.0637852929579742,0.2426954141180433,0.0273005243260627,0.3012358133923821,2.4519085759843766,-0.292941583588053,0.3845114219886672,0.9163744134884398,-0.4369241172448026,0.0057324724897289
2026-03-17,012450.KS,0,-0.0042979942693409,0.0498897884372786,2.8258746975912,-0.2927700218845597,0.3224607619765029,-0.5554257025892586,-0.6521323603198459,0.0643558876891815,0.0960514140137879,1.0349448511551644,-1.7839923106731688,-0.0865272012721461,0.0620479002813679,0.3225656398323525,-0.4021398842558252,-0.2872428823497172,-1.2658375245891464,-0.794709759994249,-0.8317026035319444,-0.3923431388595547,1.1791161308626836,-1.464707917940265,0.1077766421852416,1.5484533962638891,-0.4369241172448026,-0.3106275170206437
2026-03-18,012450.KS,0,-0.0107913669064748,1.817989901094381,2.680470041238883,-0.2927700218845597,-0.3998767671184189,-0.5608944221240337,1.5111014116039598,0.1661171091321119,-0.620701390976504,0.3295566303861008,-0.2791015938454596,-0.1023694105186859,-0.0918171634374785,0.2737242162550301,-1.786326973485874,-0.2872428823497172,-1.307779224930807,-0.4879011131947306,-1.7389090080872796,2.9189254942138088,0.1671932896394139,-1.464707917940265,0.0084245746912259,1.834202586717692,4.412205689340532,-0.0597213184434516
2026-03-19,012450.KS,0,-0.04,1.2485098034594242,2.68311376226347,0.2927700218845601,-1.8022306535570976,-0.565586314651813,1.170732461476088,0.1798168919941823,-0.7727961638602685,-0.3896546463978619,-0.4749195760095433,-0.121193412100613,-0.3167881841020622,0.2027019701232847,-0.289135549130469,-0.2872428823497172,-1.2613819938182518,-1.533853165458268,-1.399316560982787,-0.6020092538797628,-0.7192655002367421,1.464707917940265,-0.0536786238895212,2.1879272317893115,3.75749587627245,0.1911848801337403
2026-03-20,012450.KS,0,-0.0318181818181818,0.2831054474687367,2.500697011566928,-0.2927700218845597,-0.2853893038408847,-0.5486551759154092,-0.5538035525051282,-0.0592286394373239,2.415500854542478,-1.7859391928096495,-1.355752374890732,-0.2757467182097148,-0.8070569984851547,0.1048475421837089,-0.4839516911614727,-0.2872428823497172,-1.7201056890338458,-2.179282114781857,-1.2800908001153732,-1.06072923082432,-1.8816280480783885,-1.464707917940265,0.0234938204942946,2.3685375760937,-0.4369241172448026,0.0548228156896144
2026-03-23,012450.KS,1,0.0446009389671362,0.1312440880994152,2.376442123411312,-0.2927700218845597,-0.4827623150789357,-0.552873369911209,-0.6143135880834157,-1.196687759853737,-0.4525579912763388,-0.2756626809758741,-1.1090166311826335,-0.4139800217846662,-1.1432516557714312,0.0524186725543212,-1.3602779904929263,-0.2872428823497172,-1.8127875839319116,-2.179282114781857,-1.236379982628296,-0.402944452339693,-3.0210317898815315,1.464707917940265,-0.4103196251009023,2.0903775743815545,-0.4369241172448026,1.832984136041019
2026-03-24,012450.KS,1,0.0486891385767789,-0.0314645112248579,2.402879333657188,-0.2927700218845597,-1.3705899802968458,-0.5617458774137813,-0.4630384991376955,-0.4390954349260708,-0.8162742741998152,-0.4721814685198066,1.1955235310988004,-0.2104471751524142,-0.742470871416112,0.0983611392404277,-1.1148045913743307,-0.2872428823497172,-0.3665816594706662,-0.9362100116373844,-0.2616139259352655,-0.445430796489401,-3.025446054870349,0.8788247507641588,0.0587286661401303,1.739047533795857,-0.4369241172448026,1.260263465375689
2026-03-25,012450.KS,0,-0.0221428571428571,0.1529385680093182,2.5403528269357416,-0.2927700218845597,-1.121894859565183,-0.5551276141693006,-0.7353336592399929,-0.4057122317917082,0.4934697540582076,-1.356166645734084,1.3188096942347536,0.0131968659198356,-0.3069114959868537,0.1475783697498781,1.1779451275711392,-0.2872428823497172,0.9610094096273212,-0.1895093300963959,0.6314779201017467,0.1670947875829231,-2.37998822281367,1.464707917940265,0.5311221708484789,1.9030529421060496,-0.4369241172448026,0.2893655665335112
2026-03-26,012450.KS,0,0.0,0.6519116059370895,2.706907251484759,0.2927700218845601,1.2009461089796416,-0.5613163092966534,-0.7958436948182805,-1.1107142103952607,-0.6701754521537137,-1.108547869044639,-0.8172418231468651,-0.0690632505049291,-0.6021718966023768,0.0863549747845168,1.3006005364488875,-0.2872428823497172,0.3336457070324821,-0.3168547883162628,0.3497815997671415,0.6329868642344683,-2.1942621524104,-0.292941583588053,0.2564454512117158,1.8481424846372403,-0.4369241172448026,0.1366400543560901
2026-03-27,012450.KS,0,-0.0445580715850986,0.136667708076891,2.505984453616104,-0.2927700218845597,1.3252113117623912,-0.5560013216071088,-1.2118501894190126,-0.8866026865878089,0.3434952597384163,1.2042399226217773,-0.1494887389844721,-0.0231165334585944,-0.6674640996574871,0.0491030118612872,-0.8245225559086881,-0.2872428823497172,0.124091452402137,0.2084452268406861,0.05998289123119,-0.795670997055276,-2.0259353360821595,0.0,0.256206516026756,1.8364212363814287,-0.4369241172448026,-0.0269944229768612
2026-03-30,012450.KS,0,-0.0451070336391437,0.402425086973204,2.3129928188212103,0.2927700218845601,-0.827803010445993,-0.5610684858811975,-1.3706890328120194,-1.3124378107027463,-0.5994970060771433,1.3279673098242426,-1.4932082749647826,-0.1783252146036271,-1.1661170569708963,-0.0441667228479941,-0.1601858170242346,-0.2872428823497172,-1.2741807843240749,-0.0035492567613102,-1.0068920981620009,0.2593552756278446,-2.486686959156375,-0.292941583588053,0.4626871002285037,1.222271358774018,-0.4369241172448026,0.1584579846671502
2026-03-31,012450.KS,1,0.065652522017614,-0.487048589332823,2.278624445501572,-1.4638501094227996,-0.1547471678309379,-0.5478242784477276,-0.1907433390353984,-1.3677345629681907,1.135925455480273,-0.8157288394674367,-1.5097630990469575,-0.4014784944537911,-1.5462595130282275,-0.0790356338017735,-1.4970306413775971,-0.2872428823497172,-2.16954648043216,-1.0308135334572588,-0.9113160739775384,-1.404907441938222,-3.025446054870349,0.2929415835880526,0.5073171100628353,2.611920731009614,-0.4369241172448026,0.6602703818215345
2026-04-01,012450.KS,1,0.0646130728775356,-0.3134927500535983,2.4372477069768266,-1.4638501094227996,-1.5091374446830257,-0.5516384321713825,-0.099978285667966,-1.1886646759120527,-0.4223265864495883,-0.1455859596967962,1.8303675089000992,-0.1130150334667757,-0.9308678281111866,0.00234878875882,-1.513500767992367,-0.2872428823497172,-0.1457905493355809,-0.8361539858666167,-0.1479322462093444,0.3371616854934872,-2.8446990919081325,-0.292941583588053,0.8817461406394973,2.030250034195745,-0.4369241172448026,0.1420945369338552
2026-04-02,012450.KS,1,0.0225829216654904,0.299376307401164,2.680470041238883,-0.2927700218845597,-1.5258237338762064,-0.529771799752122,-0.7580249225818512,-0.8285994191432575,1.2503871856157731,-1.4941144813964764,1.799021266423832,0.1804331751281523,-0.2964642623619842,0.0876225516599785,1.8095411290212535,-0.2872428823497172,1.4713126479857292,0.0469800582473769,1.1003796093828295,1.306906320044564,-1.5892929048434128,1.464707917940265,1.068907285930244,2.773885733830235,-0.4369241172448026,0.4093641832443425
2026-04-03,012450.KS,1,0.0006901311249136,-0.2917982701436953,2.6884012043126457,-0.8783100656536796,1.840831507553456,-0.557303128746183,-0.2966359012974031,-0.6200518945173729,-1.2180563170671437,-1.5107285528963348,0.531535190955547,0.3108321812044861,-0.0429680716764276,0.1171160090317702,1.7783552595780805,-0.2872428823497172,1.7855259899689562,0.2059987848923265,0.7529653808775372,-1.0469921793916597,-0.433055762794035,0.2929415835880526,0.9232838119376804,3.791807312468492,-0.4369241172448026,-0.4851709595091251
2026-04-06,012450.KS,1,0.06,0.0281953085273752,2.770356556074861,-0.2927700218845597,1.8092363384062489,-0.5646249890986287,-1.2874877338918735,-0.2217266858614313,-0.8115598432104149,1.8413559189072364,-0.128676736984711,0.3069734896464166,-0.0417368451158164,0.1188190351451592,0.5173538715960566,-0.2872428823497172,1.1816149305494157,0.7711268749689683,0.6944576810278815,0.5803981141721394,0.2893118179352775,-0.292941583588053,0.8365257994366202,4.119288446554325,-0.4369241172448026,-0.3106275170206437
2026-04-07,012450.KS,0,-0.0344827586206896,-0.08027709102214,2.7095509725093465,-0.2927700218845597,0.531684906955742,-0.5482964306248496,-0.6067498336361304,0.1637328187472055,1.849622683876792,1.8098974925798097,1.6599067148749178,0.5519394210727824,0.5794558486485618,0.2173411921160093,-0.1394802929823335,-0.2872428823497172,1.7018701436124426,1.637167324696715,0.9140689345756984,-0.3702808636252651,1.5664518184069096,1.464707917940265,1.039687884835403,3.374653917094921,-0.4369241172448026,0.3057290142668064
2026-04-08,012450.KS,0,-0.0222371967654986,-0.2267148304139858,2.838696744560448,-1.4638501094227996,-0.1337698936338054,-0.5467464612051205,-0.8866087481857137,-0.0335887544557391,-0.1084119156736788,0.5378752603665978,-1.1893711837312455,0.3370317052283421,0.1518347763420016,0.1660811044620459,1.639952443178803,-0.2872428823497172,0.0502734140672715,0.8561950455757025,-0.0453316577145854,-0.4617986587018871,1.711877908673726,-1.464707917940265,0.9223850204264156,1.786551751139715,-0.4369241172448026,-0.2888095867095836
2026-04-09,012450.KS,1,0.0385940730530669,0.656020912069065,2.838696744560448,0.2927700218845601,1.6690170508679238,-0.5538671485844909,0.6996946248013249,0.077997190576833,-0.601189404422145,-0.1246994744304542,-0.8200867845523039,0.2294861306401779,-0.0898878586463856,0.1320282503627514,-1.1947480355317257,-0.2872428823497172,-0.7143801873919242,0.0438923159824112,-0.6138031424099536,1.781323792214135,1.3375492428786422,0.2929415835880526,0.6535075510750344,1.37000968546074,2.957132061182934,0.0330048853785539
2026-04-10,012450.KS,1,0.0152621101526211,-0.3784468333298219,2.812656092468262,-1.4638501094227996,-1.2028875234049945,-0.5576670699697924,-0.4095336303937762,0.4889323278598845,-0.474356849414908,1.6702850693591351,1.0143769331511354,0.4106267104715996,0.3220894465860708,0.1908603853006335,-0.8273529619781892,-0.2872428823497172,0.1338311338687608,0.2101470995004407,-0.0331648011122919,-1.4163144809338115,1.5494512034909955,1.464707917940265,0.4499570761986205,1.327165127856139,-0.4369241172448026,-0.0760847661767467
2026-04-13,012450.KS,0,-0.0045751633986927,-0.4594436266489888,2.838696744560448,-1.4638501094227996,-0.8306705642489782,-0.5498778015530092,-0.448240514311707,0.3850988020753419,0.4614004869560786,-1.189189999384111,0.3107644731230927,0.4548728783353044,0.4721953800589945,0.2204038856880463,0.9977253083073788,-0.2872428823497172,0.261294517471257,0.3347282302715574,0.0002804065768051,-0.3876862584437114,1.7819386489962037,1.464707917940265,0.1202119174525395,1.210445807174014,-0.4369241172448026,-0.2233557957764029
2026-04-14,012450.KS,0,-0.0091923834537097,-0.4622623464777065,2.838696744560448,-1.4638501094227996,1.0183609903029516,-0.5601327661119923,-0.3036697751711538,0.1118701604597955,-0.8394691428379386,-0.8185839825948826,-0.2874600698887823,0.3787536227833055,0.3683726445111563,0.2171499671770236,0.297712656595207,-0.2872428823497172,0.1830820134309843,-0.426378011765504,-0.0304720838424389,-0.185211314644922,1.709055050547904,-1.464707917940265,0.1245021922401036,1.0391169406820329,-0.4369241172448026,0.6644030715742548
2026-04-15,012450.KS,1,0.0066269052352552,0.2982154187468569,2.838696744560448,-0.2927700218845597,0.3091610054722458,-0.561842679905598,-0.6903094765729524,0.216048903063477,-0.3641142678373352,1.0224450261420774,-0.4266996861723839,0.2924339322240436,0.2168064866416377,0.2030923731528973,-0.2974512617020255,-0.2872428823497172,-0.1755352818235268,0.0876314620513018,-0.1338958580137213,2.006628563513837,1.374111897334166,-1.464707917940265,0.1562515707358159,0.9841175484156685,-0.4369241172448026,-0.3759512154095846
2026-04-16,012450.KS,0,-0.0631994733377221,0.65160982143991,2.838696744560448,0.2927700218845601,-0.293814156184881,-0.5654970022104424,0.6935429389342814,0.2543926239404424,-0.5851977096771415,0.3163144347766219,0.0503561311126574,0.2850253667515719,0.2337024043148198,0.2113626785486337,-0.435978502982239,-0.2872428823497172,-0.2434345426613339,0.9085724317053572,-0.1803231585372586,0.3432211660841102,1.1306986080050123,-1.464707917940265,-0.3924306643603399,-0.2137198894716257,2.26148607858463,-0.4574089133768101
2026-04-17,012450.KS,1,0.0014054813773718,-0.0865182615972056,2.838696744560448,-0.8783100656536796,-0.4341595016215265,-0.5483523433826667,-0.9781357659789934,0.0472052056856752,2.089252537931516,-0.2840510708448514,-2.055369401377506,-0.0334183778331285,-0.5119709626102733,0.1008321624110957,0.0386366106544774,-0.2872428823497172,-1.7349125357609831,-1.3396632380965596,-1.0311911408216552,-1.0633724107693163,-0.1119474485287677,-1.464707917940265,0.0540816258974466,1.708276643906186,-0.4369241172448026,-0.4602436728660797
2026-04-20,012450.KS,0,-0.023859649122807,1.3893705063570625,2.7650691140256853,0.8783100656536802,0.0466847096485057,-0.5624633679949007,1.5648797057241612,0.4182050656567677,-1.0363454304095756,-0.4237890063895404,-0.1071042120727947,-0.0088509073981037,-0.5511060015661092,0.0792770571245453,-2.056315650022823,-0.2872428823497172,-1.3163443637944168,-1.8242635622722192,-1.5362871321699862,2.7069863161378915,-0.9295043827833236,0.2929415835880526,0.0066222254000588,2.100728731746336,4.412205689340532,0.304561519684601
2026-04-21,012450.KS,1,0.0179726815240834,-0.1556354933846515,2.712194693533934,-1.4638501094227996,-2.075762803063442,-0.5608630206156031,-0.4187488158529239,-0.1576595568463329,-0.0251897626312513,0.0549741274531875,-0.8690144165425917,-0.1165404662117672,-0.8194242600827067,0.0371123282480951,-0.118018137000736,-0.2872428823497172,-1.4831775430643168,-1.885709080975809,-0.8488905839510903,-1.5161001743984543,-1.798048126048717,-1.464707917940265,-0.2875265131176933,2.426655079893398,-0.4369241172448026,0.6599668800480066
2026-04-22,012450.KS,1,0.0063559322033899,-0.2342379475291822,2.6672514361159454,-1.4638501094227996,-0.112026057062632,-0.5611833611836218,-0.4919353380606452,-0.5045302148877454,-0.2320518933118517,-2.058287504456168,0.3925060650711826,-0.0335652068054168,-0.6428672989912998,0.0603622694671671,-0.8760302713739803,5.1597207973470205,-0.6399080205053616,-1.3337214605261107,-0.3870343455936615,-0.3403382612418971,-2.0553713289290725,0.8788247507641588,-0.2602212575880576,1.977332676304265,-0.4369241172448026,-0.082361451547022
2026-04-23,012450.KS,1,0.0266666666666666,-0.418887554944153,2.696332367386409,-1.4638501094227996,-0.8799867401790229,-0.5591807808132401,-0.4944222088410406,-0.6597311410103175,0.003202655653648,-0.1030497444460103,0.042184508246398,-0.003466550614661,-0.5975251236450814,0.063112311446096,0.3790360438082138,-0.2872428823497172,-0.0898409860908471,-1.35161838091902,-0.131538900457059,-0.5898127291583358,-2.07256741643275,0.2929415835880526,-0.2179463729448027,0.0548724449386279,-0.4369241172448026,1.401925722878563
2026-04-24,012450.KS,0,-0.0061517429938482,0.3847483224533708,2.823230976566612,-0.2927700218845597,0.3915517234639548,-0.5483578781809153,1.0635095442798643,-0.4172374879372756,0.7886078036890857,-0.8676867197892131,0.6546870182863656,0.1180808171926847,-0.3558179535898035,0.0920641866188953,0.0305067952854118,-0.2872428823497172,0.5046893648805665,0.4356925011571677,0.4076602568093248,2.0119264023228807,-1.6419607468396022,1.464707917940265,-0.0346651838079113,0.6901206332248428,2.9397266448833044,-0.1518719884529342
2026-04-27,012450.KS,0,-0.0405777166437414,-0.3506314715951373,2.815299813492849,-1.4638501094227996,0.0384481943193678,-0.565586314651813,-0.2170721822701989,-1.1130411116877863,-1.2576090019015185,0.3983485685370702,-0.335004335757478,0.1058197906224781,-0.474239505800362,0.0610680803560676,0.639875631954891,-0.2872428823497172,0.2089410032135717,0.2101470995003886,0.0050841931918171,-1.203099838541743,-1.4226003477304905,-1.464707917940265,-0.0556481572274192,0.8749265476534943,-0.4369241172448026,-0.230921722483241
2026-04-28,012450.KS,1,0.017921146953405,-0.4485371632575017,2.770356556074861,-1.4638501094227996,0.6558147071463317,-0.5498906784305672,-0.4993393266840337,-1.1479599052923892,2.095479946426853,0.0467732594828601,-1.373174339370809,-0.0190326639491694,-0.9503787958554604,-0.0346204403517432,-0.3447522825269377,-0.2872428823497172,-0.9729590987874844,-0.2165366887642827,-0.4790393244192694,-0.4238768501362376,-1.8471793683839244,-1.464707917940265,-0.4446618427587441,0.8023264916407066,-0.4369241172448026,-0.4166220611535147
2026-04-29,012450.KS,0,-0.002112676056338,0.7193001737933228,2.6566765520175952,-0.2927700218845597,-0.341735980411135,-0.565586314651813,1.2386172826465518,-0.7289204336789593,-1.2487720979825303,0.6614678309947266,0.3909519581061473,0.099428368208504,-0.8020060355879327,-0.0302319250779714,-1.3776108210588427,-0.2872428823497172,-0.494647454991419,-0.2165366887642827,-0.4183606882412217,3.11985567663338,-1.8037846208636288,0.8788247507641588,-0.3711561352414283,0.7761414443983834,2.8290167838299243,0.3915868307555791
2026-04-30,012450.KS,1,0.0338743824982357,-0.8440871359712584,2.68311376226347,-1.4638501094227996,-1.3881502960202183,-0.5524923724725888,-0.2494655781079643,-1.2684969762179468,1.880964935479842,-0.3317654910422432,-0.2131998465147322,0.0891185980677112,-0.8234747368626698,-0.0329924965465419,0.377489887934858,-0.2872428823497172,-0.5225785062792604,-0.3849812589075848,-0.2550934814681461,-1.694115980593315,-1.7471362026577346,0.8788247507641588,-0.4985213389115039,0.8146604313324548,-0.4369241172448026,-0.3479775729703734
2026-05-04,012450.KS,0,-0.0218430034129692,-0.410217737701311,2.7465630668535725,-1.4638501094227996,0.3899852750301331,-0.5283034968453257,-0.0815784001012269,-1.0178039273887878,1.4557757969811758,-1.3736509610069745,0.8720471559255566,0.2518084344680582,-0.4857193227705777,0.0102882759737853,-0.2235709670313836,-0.2872428823497172,0.4183190300002304,-0.2445542739350565,0.0770377568243871,2.205347580321607,-1.1681197591877184,0.2929415835880526,-0.3565306831735725,0.8479910394397425,-0.4369241172448026,-0.446440387779339
2026-05-06,012450.KS,0,-0.0809490579204466,-0.364617998975475,2.8338058606649623,-1.4638501094227996,-0.2189642177851231,-0.5598126514541062,-0.2365777263744069,-1.1731537876580125,-1.3211300755919388,0.3967888996389074,-0.8081992568855013,0.1423818944145833,-0.7086236456848771,-0.0176477584967551,0.8561237159062022,-0.2872428823497172,-0.1307479186294229,-0.511013796925925,-0.1444858085328726,-0.0541970289989744,-1.0945402696345965,-1.464707917940265,-0.2423454414558595,0.6825658545108998,-0.4369241172448026,0.7280424179964278
2026-05-07,012450.KS,0,-0.0075930144267274,1.368906834148379,2.6725388781651205,-0.2927700218845597,0.8749009443490819,-0.5436578178722921,0.8330005991016516,-1.6478980483922194,1.3238527300165732,-0.2095250804382021,-2.5906363622420785,-0.2600165790839125,-1.467193119799686,-0.1033449707497976,-0.8155262530480935,5.1597207973470205,-2.1415046007594363,-0.9355285028088984,-2.5280906018819045,4.259537712298486,-2.1845283766615777,-1.464707917940265,0.4136971904635019,2.3440832919496404,3.3272111585701363,-0.8442412004769064
2026-05-08,012450.KS,1,0.0061208875286915,-0.0764589402811673,2.468972359271877,-1.4638501094227996,-0.8186886353891126,-0.5510456439834552,-0.0533049866176076,-1.7676661771149782,-0.5800508104259982,0.8796058703982949,-0.3784681687312952,-0.3140586914113448,-1.4813595605938772,-0.0898734325315847,-2.588844088524027,-0.2872428823497172,-1.9153384515563907,-1.3027769803561355,-1.1409479360282009,-1.4394892290654828,-2.875206936794453,-0.878824750764159,0.4109687498487562,3.2261486800909447,-0.4369241172448026,-0.4079029091296118
2026-05-11,012450.KS,0,-0.023574144486692,0.4387503811776008,2.505984453616104,-1.4638501094227996,-2.6152804240424725,-0.5508103585803583,1.0295243050016594,-1.2810293593572548,-0.1848213024797959,-0.8066539111164754,0.0350963621488465,-0.3011243153321649,-1.3780361505472174,-0.0642416428602359,-0.3879937466879961,-0.2872428823497172,-1.352778499394366,-1.1805850651986556,-1.0885629282993934,0.8211208417807793,-3.025446054870349,-0.878824750764159,0.3377995828619122,3.450481108063322,2.5522421311964725,-0.3620436893716541
2026-05-12,012450.KS,0,-0.023574144486692,-0.4821139776351495,2.5350653848865665,-1.4638501094227996,-0.3855449682231003,-0.5527075518738848,-0.1089803841651697,-1.453937984896913,-0.3222731932850365,-2.5954701114819536,-0.8604045700318879,-0.4052418305780582,-1.5305992827886357,-0.0730498913765805,0.0234549134223866,-0.2872428823497172,-1.2718133157437308,-2.0242993964273936,-0.5796241213859623,-1.42109828356924,-3.025446054870349,-0.292941583588053,0.2499075394467742,2.5016085405951123,-0.4369241172448026,1.3813456040643932
2025-05-12,035420.KS,0,-0.0105152129777031,0.7819787667479134,-0.555984339264809,1.4638501094227998,-0.3855449682231003,-0.529750564199658,-3.3057364218858543,-1.453937984896913,-0.3222731932850365,-2.5954701114819536,-0.8604045700318879,-4.257189566636383,-1.5305992827886357,-1.037137342113176,0.0234549134223866,-0.2872428823497172,-1.2718133157437308,-2.0242993964273936,-0.5796241213859623,-1.42109828356924,-0.0639991524041028,-0.292941583588053,0.2499075394467742,2.5016085405951123,-0.4369241172448026,1.3813456040643932
2025-05-13,035420.KS,1,0.0159404784995995,0.972967537368585,-0.5633097911747341,1.4638501094227998,-0.3855449682231003,-0.5023624622296617,-3.3057364218858543,-1.453937984896913,0.8121261064016015,-2.5954701114819536,-0.4665917149547954,-4.295705568520822,-1.5305992827886357,-0.8907532483467888,0.0234549134223866,-0.2872428823497172,-1.2718133157437308,-2.0242993964273936,-0.5796241213859623,0.037542129387403,-0.083915146778132,-0.292941583588053,0.2499075394467742,2.5016085405951123,-0.4369241172448026,1.3813456040643932
2025-05-14,035420.KS,0,-0.0104602994187419,0.834991277647711,-0.5635714201361777,1.4638501094227998,-0.3855449682231003,-0.5380789671478774,-3.1878357179553207,-1.453937984896913,-1.0494776207553396,-2.5954701114819536,0.3312217498408407,-4.304147118312003,-1.5305992827886357,-0.6006630935281453,-0.4756664369466848,-0.2872428823497172,-1.2718133157437308,-2.0242993964273936,-0.5796241213859623,-0.3189925365314469,-0.0654346141250097,0.2929415835880526,0.2499075394467742,2.5016085405951123,-0.4369241172448026,1.3813456040643932
2025-05-15,035420.KS,0,-0.0073995282955098,0.7577220325308506,-0.5638330683113704,1.4638501094227998,-0.4743683208431542,-0.5390672110229109,-3.3057364218858543,-1.453937984896913,-0.2440252709094361,-2.5954701114819536,-0.4649357092224665,-4.316251539229845,-1.5305992827886357,0.159596402052614,0.3180652701936498,-0.2872428823497172,-1.2718133157437308,-2.0242993964273936,-0.5796241213859623,-0.2618076384744083,-0.0736436123253159,0.2929415835880526,0.2499075394467742,2.5016085405951123,-0.4369241172448026,0.7910776775996932
2025-05-16,035420.KS,0,-0.0127796118093285,0.7416812345088545,-0.565664411171902,1.4638501094227998,0.3297807374441983,-0.5469542985271072,-3.0910528238435218,-1.453937984896913,-0.5593032288714146,-0.463823803206199,-0.3726332866277953,-4.323584277540735,-1.5305992827886357,1.556155266258708,-0.4740189036385169,-0.2872428823497172,-0.4964704989579599,-0.8162639454239209,-0.4225314304450889,-0.1953932478369177,-0.0921537777675538,-0.878824750764159,0.2499075394467742,-0.672751811306164,-0.4369241172448026,0.983153251888742
2025-05-19,035420.KS,0,-0.0021575074087138,0.615637804712443,-0.5695887990705852,1.4638501094227998,-0.472699164443905,-0.5495809556387805,-3.3057364218858543,-1.453937984896913,-0.3490067173804083,0.3368449252484002,-0.5348782641492517,-4.329161601266538,-1.5305992827886357,-3.4757714573552256,-0.3821887168942712,-0.2872428823497172,-0.7137379166823857,-1.1191582003963805,-0.6046046940590637,-0.3216777139606683,-0.1260442447548562,0.8788247507641588,0.2499075394467742,-0.633655684588733,-0.4369241172448026,0.8443918512157256
2025-05-20,035420.KS,0,-0.0010810008090863,0.7293573302162543,-0.5742980339352275,1.4638501094227998,-0.379663750174281,-0.5460235487808189,-3.3057364218858543,-1.453937984896913,0.0194704849885169,-0.4621618708591973,-0.2145518072677201,-4.327294510342041,-1.5305992827886357,-2.406928980742078,-0.5436036198328148,-0.2872428823497172,-0.67911126734086,-0.9347900105422696,-0.5957482992577932,-0.037994298260463,-0.1477406275852691,-0.292941583588053,0.2499075394467742,-0.6067346599113514,-0.4369241172448026,0.7666829127138937
2025-05-21,035420.KS,0,-0.0086580486035248,0.7456588444836755,-0.5740363709689826,1.4638501094227998,-0.5431971469428504,-0.5360151651315627,-3.3057364218858543,-1.453937984896913,0.3513539723675074,-0.3695291107050613,-0.1820880381441249,-4.321117439779738,-1.5305992827886357,-2.0853784215808533,-0.2249160109091912,-0.2872428823497172,-0.5181700920871617,-2.179282114781857,-0.4438736713770713,-0.1583371784202454,-0.1584739983152674,0.8788247507641588,-1.2285444213670846,-0.6423203138151284,-0.4369241172448026,0.7505508360367318
2025-05-22,035420.KS,0,-0.00054581097617,0.8592480118647738,-0.5811002356905703,1.4638501094227998,-0.2203269147241064,-0.5261523805627634,-3.078369848106991,-1.453937984896913,0.2173211511052193,-0.5323547404824744,-0.4105859686929959,-4.314978095526199,-1.5305992827886357,-1.9282740442161763,-0.1926183322866809,-0.2872428823497172,-0.580823594917609,-2.179282114781857,-0.521211202410067,-0.0471524562095472,-0.1754994404862171,0.2929415835880526,-1.238924640159624,-0.6587864940958026,-0.4369241172448026,0.6237901679365582
2025-05-23,035420.KS,1,0.0267613267181674,0.8958286503744373,-0.5787456011065932,1.4638501094227998,-0.1876053444308747,-0.5501394054865534,-3.1029922092961577,-1.453937984896913,-1.0264681213619735,-0.2108818796710812,-0.1659485373002817,-4.300051535418719,-1.5305992827886357,-1.84543789602104,-0.419947226189276,-0.2872428823497172,-0.4535695105470172,-2.179282114781857,-0.3948879505999092,-0.1375231780102266,-0.180384805299824,0.8788247507641588,-1.4403803657024468,-0.691041123010246,-0.4369241172448026,0.7381568037237752
2025-05-26,035420.KS,0,-0.0223404447411905,1.0865567047496834,-0.5813618428941334,1.4638501094227998,-0.4179178219453411,-0.5258269570167613,-3.3057364218858543,-1.453937984896913,1.3293721577323288,-0.1783019272235617,0.6575416427338271,-4.267191232515405,-1.5305992827886357,-1.8081502849487852,-0.176561404041608,-0.2872428823497172,0.216870426880785,0.4180282870896084,0.3439439805506287,0.0259406024630445,-0.1273495749272852,1.464707917940265,-1.0476007876199471,-0.640865541245069,-0.4369241172448026,0.7545510802276796
2025-05-27,035420.KS,1,0.0212186855694125,0.834730561402286,-0.57325151148508,1.4638501094227998,-0.1713376766394707,-0.5036475520189241,-3.3057364218858543,-1.453937984896913,0.5593342732676422,-0.4076176201517773,-0.823200391516257,-4.256526549536529,-1.5305992827886357,-1.7635686882325603,0.6427156516285482,-0.2872428823497172,-0.3889690142042964,-0.4792258206568671,-0.3244843893356757,-0.4235182774722374,-0.1312647403062802,-0.878824750764159,-0.9152217622590356,-0.6383924415356707,-0.4369241172448026,0.8687866161015251
2025-05-28,035420.KS,1,0.0085242806061007,1.482087920781779,-0.5774375082336768,1.4638501094227998,0.658692000727455,-0.4970172025823494,-2.814860649646954,-1.453937984896913,-0.039739887462307,-0.1621046653462606,0.4903944811183085,-4.214749861126355,-1.5305992827886357,-1.7546725899219964,-0.830450639167049,-0.2872428823497172,0.1182674033227863,0.1053938458264591,0.3063961566338761,0.5322369323626279,-0.0898567381907075,-0.878824750764159,-0.8181859702173002,-0.6138907570048312,1.5366814885665658,0.9055754133002816
2025-05-29,035420.KS,0,-0.0095087603405047,1.1557403717941892,-0.5651411658768014,1.4638501094227998,-0.8338088969776458,-0.5058627138240769,-3.3057364218858543,-0.5965756221292825,-0.3967701374844528,0.6643326717468816,0.1075745039505361,-4.169637088881324,-1.5305992827886357,-1.7527441374764356,0.4764236450543911,-0.2872428823497172,0.1733647361705834,0.5207917109624242,0.3096082102477432,-0.4504155086264447,-0.0450561324712313,-0.878824750764159,-0.814935554959188,-0.5984511758309062,-0.4369241172448026,1.0973887877625874
2025-05-30,035420.KS,0,-0.0053332740504058,0.9000669765946828,-0.566710931215943,1.4638501094227998,0.4902174906576691,-0.4674614928901113,-3.3057364218858543,-0.7754587303442065,0.756723736849623,-0.8217087327260105,-0.4362405345169343,-4.116343277829232,-1.5305992827886357,-1.7621093328123862,0.0955622439715776,-0.2872428823497172,-0.2332833020288535,0.2409036319226748,-0.1666809542335046,-0.4201264051597441,-0.0343782630185135,0.8788247507641588,-0.7768939845407633,-0.636760360225134,-0.4369241172448026,0.8441296513889831
2025-06-02,035420.KS,0,-0.005361955034756,0.9689899273937636,-0.574297995006622,1.4638501094227998,0.1043574648283158,-0.533081947969959,-2.6984116648373293,-0.678868839044804,-1.2731043259124792,0.4965873136389261,-0.3103221026676485,-4.039234328933956,-1.5305992827886357,-1.7908188534816154,-0.4454705386249651,-0.2872428823497172,-0.3390632654475751,-0.5000441685849768,-0.2787441450039257,-0.103900596597693,-0.0377485092805019,-0.878824750764159,-0.7941971619786943,-0.6381753661146455,-0.4369241172448026,1.4951707370453575
2025-06-04,035420.KS,1,0.0307277776699634,1.0501064243627325,-0.5659260423791447,1.4638501094227998,-0.4437761157175268,-0.4868851331354978,-3.1903873424079947,-1.149888814893315,1.6306642342743471,0.1123972769058991,-0.3111870233792384,-3.943668661922477,-1.5305992827886357,-1.8317323408243031,-0.3201963281956275,-0.2872428823497172,-0.541177454884103,0.0777577369646172,-0.5057259408082111,-0.0936047863940125,-0.0498071561913944,-1.464707917940265,-0.7801238814466657,-0.6718156860491746,-0.4369241172448026,1.1669661379691527
2025-06-05,035420.KS,1,0.0381798864305629,0.9447331931767008,-0.5729898805800896,1.4638501094227998,-0.3168577408583599,-0.476247024991635,-2.7322399902127987,-0.2974519653314704,0.0104606651468969,-0.4333640001061056,0.7771562814027604,-3.752589444360214,-1.5305992827886357,-1.947251006944149,-0.3210568238167777,-0.2872428823497172,0.211650354498119,0.3306358666660212,0.3053187621411186,-0.2818616565657929,7.135486167176373e-06,0.2929415835880526,-0.7240992246218753,-0.624839117277279,-0.4369241172448026,0.9098378573179712
2025-06-09,035420.KS,1,0.0075566704547325,0.8917206822769037,-0.5491821202860431,1.4638501094227998,-0.3177295300752746,-0.4202451456272523,-3.3057364218858543,0.4000037317325868,0.7937860987339949,-0.3069949236659254,1.0018864766209992,-3.3476371225659576,-1.5305992827886357,-2.3219273479278333,0.7617183202209948,-0.2872428823497172,1.020011989941935,0.7739223389219875,1.1286443554244758,-0.2323423486055914,0.1017777196852508,0.8788247507641588,-0.6919921621621917,-0.458141986830386,-0.4369241172448026,0.979153007697794
2025-06-10,035420.KS,1,0.0050000232889693,0.9488411612742343,-0.5266824678698993,1.4638501094227998,0.7792565227459494,-0.4761727005580115,-3.3057364218858543,0.7586935526687735,-0.8429220204011615,-0.3078629398086964,0.078394680467304,0.632263482861277,0.128579715027673,0.0641184264151732,0.985298755206816,-0.2872428823497172,0.856280370907157,1.1745686099804526,0.9902567464997208,-0.1162080014438698,0.1726441550693851,0.2929415835880526,-0.7210348775030015,-0.3817030314415213,-0.4369241172448026,1.0607310904772025
2025-06-11,035420.KS,0,-0.0104477703389934,0.7131861740715456,-0.5358392919515129,1.4638501094227998,1.005771344603175,-0.5213346210750586,-3.3057364218858543,0.8561268907233126,-1.0010264431753442,0.784375394605844,0.0012949178197302,0.5999910045281277,0.1521648676306413,0.0797752633903689,0.06653170973093,-0.2872428823497172,0.5644631737823801,1.405866362660143,0.5863269424561145,-0.4220545523828022,0.2149072157929989,-0.878824750764159,-0.7169491756912354,-0.3828999414527574,-0.4369241172448026,0.9547582428119944
2025-06-12,035420.KS,1,0.0080442013124586,0.8632256218395948,-0.5384555357605684,1.4638501094227998,0.0749459186330621,-0.5086138474188096,-3.3057364218858543,0.6351613228302376,0.2016378460728249,1.0099098680016174,-0.4645578748901678,0.5055910535686567,0.0049524673234736,0.0678949149035044,-0.0101735966179032,-0.2872428823497172,-0.1295420301146151,1.1817951858709186,-0.0615073829079063,-0.0026162037184931,0.2055210955394331,-0.878824750764159,-0.7079383656985965,-0.53623874249819,-0.4369241172448026,0.9014440691959624
2025-06-13,035420.KS,1,0.0448878333751225,0.9447331931767008,-0.5279906021113485,1.4638501094227998,-0.0027661083795508,-0.460514191537507,-3.1104277125771005,0.8923614409427159,1.0451009119374497,0.0831130228843983,0.0930969490937344,0.5090679546179024,0.0661050632831073,0.0836092792241606,-0.4736430023748444,-0.2872428823497172,-0.167635267296621,1.0434965191699672,-0.0963775812453574,-0.0890257092636151,0.2004846586523703,1.464707917940265,-0.7657607113440328,-0.6918949657060487,-0.4369241172448026,0.9588895869163134
2025-06-16,035420.KS,0,-0.0143198000756823,1.021872080170849,-0.5083687828103145,1.4638501094227998,-0.4723183296549303,-0.4481599570713921,-3.3054003680787387,1.2185175784791635,-0.0099143329796044,0.0057373308872757,1.20417528839127,0.6450769436096101,0.4999254454588746,0.1621910062978349,0.0811587588979701,-0.2872428823497172,0.7829563100791108,1.1098944961168733,0.949334284412362,-0.0968282562419041,0.2715253289722416,0.8788247507641588,-0.6223290053737117,-0.5145528215007388,-0.4369241172448026,0.7218936271332421
2025-06-17,035420.KS,1,0.1791767432290432,1.176280212281856,-0.5057525387650909,1.4638501094227998,0.0897649408636034,-0.4846147363029257,-2.9387884375397544,0.7559577999190781,-0.7083792283264568,-0.4617826843102644,-0.5813250916030548,0.5066393977896282,0.2806807269468233,0.1449295461003996,1.1865526209120478,-0.2872428823497172,0.1782641308646943,0.4716652549991947,0.3197059378895759,-0.021803852917879,0.2662644208108834,-0.878824750764159,-0.4948056215383033,-0.5019060886290218,-0.4369241172448026,0.8727868602924728
2025-06-18,035420.KS,1,0.0349075972696408,2.385296573067998,-0.5253743368723341,1.4638501094227998,1.2096665715768131,0.0654436795948218,-1.1770624662015163,1.8360562619110603,4.629788974497303,0.0978679088896593,3.2799399175535657,0.9079232518833392,2.0976066091562138,0.5010581742554423,-0.5898128169358032,-0.2872428823497172,3.555485352199674,1.2678335079728151,5.1901700615863415,0.9621744497716528,0.6110233547845503,1.464707917940265,2.1328875349667094,0.2555699253352205,1.5675190761573683,0.9547582428119944
2025-06-19,035420.KS,1,0.0694444844742088,1.841018173995664,-0.3945623879775973,1.4638501094227998,-0.590012817780116,-0.1487655506367655,-2.087385603985847,1.875050038252973,-0.8071301230695526,1.2129226433527869,0.9032053910962378,0.9079232518833392,2.3249050203739614,0.6377371220070039,3.255957501319405,-0.2872428823497172,3.492813791879855,1.4434390406175828,5.1901700615863415,-0.5200586857398045,0.8717527750598225,1.464707917940265,2.0854412482217923,0.5481033413111245,1.7217070141113815,1.0323360814004554
2025-06-20,035420.KS,1,0.0760667007875934,1.2007976627443446,-0.4089516779873519,1.4638501094227998,3.247920263226486,-0.0269051069127807,-2.677683885118384,1.981638386992139,0.3170965733082142,-0.5789677946852043,1.9447201694029,0.9079232518833392,2.95020507958342,0.8696063297452054,0.8871225399230918,-0.2872428823497172,3.555485352199674,1.4845094756687711,4.506166169684605,-0.6512415529988033,1.1536358568542395,1.464707917940265,2.0603151836225,0.760677642785584,-0.4369241172448026,1.187622858490747
2025-06-23,035420.KS,1,0.0017241732265973,1.9415329291557488,-0.3370051635369003,1.4638501094227998,0.9063066131877464,-0.0087077068671157,-1.4933829409599133,2.051762696552607,-0.1399085094164538,3.242354842200024,2.144423637601428,0.9079232518833392,3.28687606374042,1.1600401703367889,1.9233087406774156,-0.2872428823497172,3.555485352199674,1.5048049727656845,5.1901700615863415,0.5139411898908639,1.4610993861666974,1.464707917940265,1.829256439649253,0.9688075946745374,1.3824935506125529,2.4035190133703352
2025-06-24,035420.KS,0,-0.0240964431679313,1.525915441233782,-0.3056102706124026,1.4638501094227998,1.9560922650032375,-0.0904770089102638,-2.4511888216197963,2.051762696552607,-0.4619388030317171,0.9108756165680828,-0.0974935523532836,0.6850939104177548,3.280260800493254,1.2289500868471752,2.121990489895156,-0.2872428823497172,1.9785043460397975,1.6371673246966667,2.803429891863804,-0.4752636824005606,1.5658422318792478,-0.878824750764159,1.8790799779559453,0.4325950096261119,-0.4369241172448026,1.8561434491672557
2025-06-25,035420.KS,0,-0.0793650351638182,1.578536877765441,-0.3213077479724927,1.4638501094227998,2.1573816176838183,-0.2558477441718992,-2.1508905848142024,1.931933319240975,-0.818248158383285,1.956117831710539,-0.8761553176884075,0.3657821186369611,2.6322262723109,1.1811758567657973,-0.1084566471506411,-0.2872428823497172,0.3833806113918184,1.142441343454575,0.6857392485000341,-0.133775055018956,1.4596326593185895,-0.878824750764159,2.282947331833068,0.1531024692454952,-0.4369241172448026,1.2122798232032894
2025-06-26,035420.KS,0,-0.0134099334085807,2.196080273876374,-0.3540106990391805,1.4638501094227998,-0.1023390772058245,-0.0918010681973986,-1.4409426109117558,1.0234825308616484,0.7267275729784909,2.156536010904152,-2.542867635997858,-0.1130098780618926,1.3351707849841383,0.9286799354879076,-0.8831346383809229,-0.2872428823497172,-2.0837909549196287,-0.0184983973394766,-2.5280906018819045,0.322405649692873,1.0689480610759527,-1.464707917940265,3.0053121138644694,-0.0276015660329908,1.6291942513389734,1.9572301741048248
2025-06-27,035420.KS,1,0.01941744298606,1.7547146208622688,-0.3710162322872838,1.4638501094227998,-0.8871843486240015,-0.3174904865920938,-1.451368681155955,0.8241977886982603,-1.0460085793085605,-0.0934046895092627,-0.5538866147518583,-0.2265796792857699,0.982128565142409,0.843491312812066,-2.5413197557033764,-0.2872428823497172,-2.211997574277432,-0.6951077667224527,-2.5280906018819045,-0.4704330016499638,0.7070606411307927,-0.292941583588053,1.3967900794229338,0.1334747862496842,1.5366814885665658,1.5392476538877784
2025-06-30,035420.KS,0,-0.001904740709374,1.7997665421490263,-0.3880218073770759,1.4638501094227998,-2.567132356956746,-0.3284449818766548,-1.3885394874796508,0.8672931692651619,-0.2765690327295985,-0.874853177229117,0.4360751454247105,-0.190595012926051,1.0192674941653352,0.8293132571474674,-0.5625147202835872,-0.2872428823497172,-1.156155980352881,-1.6340748284058306,-1.5070463127033986,-0.1428294599723963,0.4650791639648238,0.8788247507641588,1.345072759518338,0.0722918487786405,1.845057364474592,1.5921685277636963
2025-07-01,035420.KS,0,-0.0381679352510619,1.0383039525609827,-0.3697081203042006,1.4638501094227998,-0.5623564465926719,-0.3768551512352081,-2.299196479387255,0.8393447197209347,-0.5527977711033971,-2.5475304275965067,-0.2069292253231781,-0.2366592574900646,0.8048248285400091,0.7572086090508141,0.4223822168843958,-0.2872428823497172,-0.6211338558470013,-1.6836399199078331,-0.5924579602790352,-0.7486193827332888,0.2549625773169232,-0.292941583588053,0.912772344045514,-0.1792628289330752,-0.4369241172448026,2.2132259965925933
2025-07-02,035420.KS,1,0.0039682097117443,1.6842066813231145,-0.3723243566420886,1.4638501094227998,0.4354667944457539,-0.3678687850258081,-1.171510993615822,0.6031773521162966,-0.1189629597581676,-0.5514311193336471,-1.3005035477589897,-0.4171346726690715,0.1984099491546875,0.6025965416960302,-0.2173324274694103,-0.2872428823497172,-1.033519794384712,-1.7194692966789336,-1.2844925959698446,0.4680217782031634,-0.0194953599488994,-1.464707917940265,0.0719081149571798,-0.5091498634654352,1.937570127247,1.769348793767299
2025-07-03,035420.KS,0,-0.0158102258657187,1.2615046773483585,-0.4050273727898423,1.4638501094227998,-0.21264380035853,-0.4427579939807986,-2.214834450908579,0.5952233661113205,-0.8475092092570796,0.4420735765820663,-0.0298210621112893,-0.3957458763818084,0.084555095446718,0.5298299402698258,-1.3053118263307155,-0.2872428823497172,-0.7527317271371972,-1.0343490906942048,-0.7894881845713148,-0.5068216441758202,-0.2104568989363273,-0.292941583588053,0.0866498480029635,-0.4805997309152623,-0.4369241172448026,1.8146570787824732
2025-07-04,035420.KS,1,0.0281124531097676,1.1843657903542109,-0.3997948609521342,1.4638501094227998,-1.3149024113726338,-0.4803686424057506,-1.9442242509340792,0.3537644413891646,-0.7037300655307646,-0.2032320175637266,-0.6262712524165002,-0.4533754833939203,-0.2199544319722086,0.4316392069298136,-0.0411303815805624,-0.2872428823497172,-1.0102137937518056,-1.062274028306818,-1.0739035952770692,-0.2473832184998475,-0.3885300941452321,0.2929415835880526,0.0830487742367337,-0.4106699630947698,-0.4369241172448026,1.048861457817731
2025-07-07,035420.KS,1,0.0078124744621594,1.2047752727191656,-0.4102598148602578,1.4638501094227998,-0.0341291864213924,-0.4464148012971016,-2.672136729295969,0.5398806100991078,0.4276274975487233,-1.30072009071823,0.6982870085763404,-0.328622982283203,-0.0475800381597165,0.4220510207276505,-0.6345290250797689,-0.2872428823497172,-0.0917238586980636,-0.8223222545640361,0.0062014287485593,-0.1579761539950964,-0.438912357455438,0.8788247507641588,-0.4982888216933999,-0.4784956312470161,-0.4369241172448026,1.698439635417783
2025-07-08,035420.KS,0,-0.0155038868802964,1.1964289784013862,-0.3762487250817566,1.4638501094227998,-0.6353159048883568,-0.4770948657192612,-2.5325013424360576,-0.0968733493273501,-0.6222409368124541,-0.0254900088172127,0.0861088572692603,-0.2848039820953825,-0.0910376257805372,0.3756914824133294,0.6832525568267073,-0.2872428823497172,0.220946743181039,-0.5890954760254098,0.3743938154747503,-0.1849198586080173,-0.4555550156870712,-0.292941583588053,-0.5145477482902121,-0.5568747025206755,-0.4369241172448026,1.2733322853744742
2025-07-09,035420.KS,1,0.0216535510161455,1.3915257171195907,-0.3840974494048372,1.4638501094227998,0.6997609335264569,-0.4715920337544644,-2.109145275977304,-0.4404073416603586,-0.1016278094134644,-0.6240748115699538,-0.6170331129571163,-0.3308034439259055,-0.3728607185149271,0.2895729378472301,0.074206419412306,-0.2872428823497172,-0.2695126490321249,-0.0590327981492698,-0.204274632808222,0.0051980153364965,-0.5090336127897205,-0.878824750764159,-0.5761999277820845,-0.5632652029206616,-0.4369241172448026,1.195754446786014
2025-07-10,035420.KS,0,-0.0250481948793808,1.5090924944755095,-0.3919461611015346,1.4638501094227998,0.0827213552288137,-0.3810275984291574,-2.8528377449693774,-0.8239455218777519,1.3376366656108485,0.7052238595985423,0.5035085404909619,-0.1950056164356661,-0.2728597684255867,0.2543840950259635,-0.6253381496089274,-0.2872428823497172,0.1955356037476744,0.2802084167107045,0.414176803170631,-0.0753409106355721,-0.4871811757191949,0.2929415835880526,-0.4464828770705352,-0.524945614110742,-0.4369241172448026,1.216280067394237
2025-07-11,035420.KS,0,-0.0158102258657187,1.3304276281474392,-0.3775568647039811,1.4638501094227998,-0.6260044035482613,-0.438056239346181,-2.194352378263787,-1.917300964698772,-0.7258462585287012,0.0908548076544492,-0.9048569046867332,-0.2462231896760078,-0.6474764099050176,0.1458454277373136,0.4894706105327968,-0.2872428823497172,-0.6116906357344563,0.0342574995673803,-0.6299926561180834,-0.325294521777164,-0.5377901671922581,-0.878824750764159,-0.6290335299214367,-0.6012494188430872,-0.4369241172448026,1.207886279272228
2025-07-14,035420.KS,1,0.0020080097184955,1.265221571077754,-0.401102980452333,1.4638501094227998,0.5034356913526712,-0.4430446739390607,-3.1929389668606687,-2.0223738374225,-0.2646724570270046,-0.614803610091641,-0.6262712524165002,-0.2571186942176262,-0.8882743535996975,0.0702005888412515,-0.9116893828808208,-0.2872428823497172,-0.9021351676248172,-0.8782201171212428,-0.9715548491291272,-0.2349398459488215,-0.6051884376264611,-1.464707917940265,-0.5804674690702591,-0.5199444863915493,-0.4369241172448026,1.4040931976655957
2025-07-15,035420.KS,1,0.0020039856957427,1.8725992390298736,-0.4128760704359585,1.4638501094227998,-0.9161138605644502,-0.489743686998279,-2.118980346401307,-1.853710801438722,-0.8267458902622445,0.5097483064099245,-0.0889340113852828,-0.1393749405702121,-0.9514469050101282,0.0055212416924808,-0.6345290250797689,-0.2872428823497172,-0.6605754274526336,-1.0622728095138427,-0.7925406528349711,0.3750801158452051,-0.6335323462578438,0.2929415835880526,-0.6312704722102773,-0.517158210975786,1.9992453024286048,1.5223289777303883
2025-07-16,035420.KS,0,-0.0259999636218399,1.2532887411532914,-0.4037192487672437,1.4638501094227998,-0.6353159048883568,-0.4904611775793983,-2.3019299006535894,-1.1153744128528835,-0.2147549193682703,-0.9036574832237082,-0.0890553621932015,-0.1238492528816364,-0.9438950806111732,0.0022835872451225,-0.0999408983388444,-0.2872428823497172,-0.5161036579943157,-0.7200521765202526,-0.5019422607519133,-0.6311376853264898,-0.6346138216398778,0.2929415835880526,-0.8591448744359236,-0.5094650151422621,-0.4369241172448026,1.3426474357542968
2025-07-17,035420.KS,0,-0.0061601604097937,1.1964289784013862,-0.3958705072969316,1.4638501094227998,-0.0937115632410746,-0.4366192249927491,-2.456863797963197,-1.2423683388126774,0.9085524988319088,-0.6240748115699538,-0.9335590052822512,-0.2516878532441591,-1.1884700117984766,-0.025388308552213,-0.1000616282941315,-0.2872428823497172,-0.8939116971260989,-1.9672591917356737,-0.9409716913831538,-0.229087427902767,-0.6869565519644836,-0.878824750764159,-0.7929480990699588,-0.5602430615658369,-0.4369241172448026,1.2770703297386792
2025-07-18,035420.KS,0,-0.0082645010937888,0.9406252250791672,-0.4233410141257304,1.4638501094227998,-0.0938338777196041,-0.499701805643033,-2.435418764957432,-1.659204133474585,-1.008440578279448,-0.0848145151321485,-0.3352581763265613,-0.2703625725086373,-1.1970664320762074,-0.0212681209708262,-0.9402446383502556,3.2084481292660265,-0.8193003467421752,-1.8857115768934851,-0.7854637459686318,-0.4162277739019663,-0.7174750409013747,-1.464707917940265,-0.810747280627051,-0.5434000324581403,-0.4369241172448026,1.887904223287076
2025-07-21,035420.KS,0,-0.0208332990687241,1.0501064243627325,-0.428573516498855,1.4638501094227998,-0.9450438901806676,-0.5030136481868647,-2.7365620755708324,-1.710178867131164,-0.2762222850421278,-0.084936300237766,-0.3987179174430968,-0.2199573840581011,-1.1832950360266057,-0.034997652064378,-0.3450048244018628,-0.2872428823497172,-0.8464165986943506,-1.8323356517667384,-0.8444328868132908,-0.062940788383304,-0.7362044013032947,-1.464707917940265,-1.1242785712971413,-0.501399149554569,-0.4369241172448026,1.265069597165836
2025-07-22,035420.KS,0,-0.0148936524735588,1.159978698014435,-0.4285734943891119,1.4638501094227998,-0.3419918367780563,-0.4740856297980396,-2.28078455101465,-1.528370527615736,0.4937223021102666,-0.9324623046535848,-0.7777500160485127,-0.2036347369790914,-1.282221623283346,-0.0691482146671364,-0.4081398940312202,-0.2872428823497172,-1.0985281577569912,-2.0561720966193127,-1.1678899120502366,-0.0679584294677655,-0.7749045615231326,-0.878824750764159,-1.1683071198598374,-0.4493214874760655,-0.4369241172448026,1.207886279272228
2025-07-23,035420.KS,0,-0.0194384334343837,1.009548175878248,-0.4429628310106781,1.4638501094227998,-0.4059555241684327,-0.4978694485575612,-2.112386514421198,-1.7390364986392526,-0.613518567694751,-0.3320202400714918,-0.5986305236014571,-0.1770749113344919,-1.3275829811018018,-0.0903863645471205,-0.7852327960219438,-0.2872428823497172,-1.087680602346873,-2.179282114781857,-1.0962288040916812,-0.3198580464552606,-0.8075361307346458,-1.464707917940265,-1.17236451563009,-0.4736481501056522,-0.4369241172448026,0.9506268987076756
2025-07-24,035420.KS,1,0.0330396276602773,0.9974849878310732,-0.4508115405313675,1.4638501094227998,-0.7879975911474598,-0.4461299286199002,-2.3561224121206834,-1.7559162956426884,0.9623308630278852,-0.3957070947936664,-0.7356856237565115,-0.2768469647218693,-1.450437867061357,-0.0932260457893612,-0.6070297112212505,3.800026608154845,-1.2434517211667564,-2.179282114781857,-1.2604110464772271,-0.1893474825638242,-0.8429166712881218,-0.878824750764159,-1.2352237394645007,-0.4124635456159947,-0.4369241172448026,1.0607310904772025
2025-07-25,035420.KS,1,0.0042644122793527,1.005570565903427,-0.4678171049267125,1.4638501094227998,-0.6074556756144792,-0.4433499914832619,-2.042296125770753,-1.7158426472058428,-0.161931148683502,-0.7760956966726962,0.8468737957774067,-0.1190296583279803,-1.090554989478297,-0.0420879865656708,-0.7433836127516372,-0.2872428823497172,-0.1606023952148489,-0.9071331943398492,-0.0857501182623001,-0.1689233000777302,-0.7568939161371511,1.464707917940265,-0.6534620902656664,-0.4862928114416017,-0.4369241172448026,1.1712285819868429
2025-07-28,035420.KS,0,-0.0106157271954485,1.0300880163659152,-0.4429628234110091,1.4638501094227998,-0.7455991572507503,-0.5113970602523705,-1.8568291178222431,-1.7967532434046016,-1.1152643844818495,-0.5963351604228427,-0.0208886024570899,-0.0674653789859413,-0.9941917352039228,-0.031434379930807,0.8310791472112282,-0.2872428823497172,0.0706304340430492,-0.670453071077751,0.1698963357324957,-0.1523025811783116,-0.6624352344945038,-0.878824750764159,-0.7155704580255302,-0.5547261495101908,-0.4369241172448026,1.0199420490874982
2025-07-29,035420.KS,1,0.0042918655611654,1.8251648586626412,-0.4442709527991915,1.4638501094227998,0.8495276776015115,-0.4743159451782194,-0.7480187611174781,-1.7458266584082358,0.7992716264685354,-0.7338807617589576,-0.4696228810987407,-0.0836941391909592,-1.041708708014673,-0.0396829925541876,-0.0322436220018606,-0.2872428823497172,-0.1843303822286716,-0.4719239896192765,-0.0780758128474934,0.6198719565072449,-0.6011299875432926,-1.464707917940265,-0.7076556445740265,-0.5667507344224693,2.1842708279734206,1.0078102166012843
2025-07-30,035420.KS,1,0.0042735241699556,0.9041749446922168,-0.4495034183483142,1.4638501094227998,-0.0251257923498795,-0.4923432348940409,-1.654239162226001,-2.043127004137857,-0.5141447650801273,0.8543424182880803,-0.0200607050686647,-0.0536353246281721,-0.9624216488111598,-0.026886469971416,-0.4786820950976486,-0.2872428823497172,-0.1237991849121086,0.018067894495329,-0.0527869142470256,-0.8626584555255664,-0.5277409770011842,-0.292941583588053,-0.6925541581385063,-0.5646924824977884,-0.4369241172448026,1.0159418048965505
2025-07-31,035420.KS,0,-0.0425531872007791,1.099141325287709,-0.4455790477723924,1.4638501094227998,-0.4774235580730628,-0.5203203975347768,-1.76052770389093,-1.828426252104463,-0.788659519731308,-0.0165255811296806,-0.0206138188998731,-0.0168691219611341,-0.8825483961944048,-0.0161032963002571,-0.0314199602858728,3.692466884720513,-0.1971524847401684,0.9032343836221997,-0.1222781165002222,0.0296538976957841,-0.4495683093203346,0.2929415835880526,-0.7799045835692243,-0.6971359953823814,-0.4369241172448026,1.0405987696090926
2025-08-01,035420.KS,1,0.0333333122811583,0.9163684908621044,-0.4521196425029207,1.4638501094227998,-0.0242913204656136,-0.4856810321287705,-1.637234101131437,-2.043127004137857,0.87500263741058,-0.4668658174730664,-1.432747796789761,-0.2236127645849281,-1.2637269089341507,-0.0572338941899253,-0.0319702442869086,-0.2872428823497172,-1.1813919448528676,-1.440611847774766,-1.1576236887185862,-0.3550075369374819,-0.4811548504612971,-0.292941583588053,-0.4317796058226928,-0.5131202110252566,-0.4369241172448026,1.8401999220317065
2025-08-04,035420.KS,0,-0.0021505136832689,0.942071670849465,-0.4704333274785896,1.4638501094227998,-0.0248488266824407,-0.4349732437666674,-2.432490262896552,-1.4520550114621509,0.7906351637888032,-0.0156947208114092,0.8557303227422476,-0.0396372993793466,-0.8915349924914356,-0.0111788253943111,-1.4368794899193131,-0.2872428823497172,-0.1963731798137755,-0.5312696078238409,-0.1269069192549428,-0.1500349219013694,-0.4046642746380579,1.464707917940265,-0.28839977614259,-0.5310975974484574,-0.4369241172448026,0.9139692014222908
2025-08-05,035420.KS,0,-0.0150862426849363,1.0392261064858437,-0.4429628037836692,1.4638501094227998,-1.448196837970527,-0.5019370734499868,-2.1475252124584348,-1.508167974226258,-1.048380654592217,-0.0162498141602508,-0.2143409003506249,-0.0033892086217032,-0.858703498079207,-0.0137012893464222,0.8398903625859127,-0.2872428823497172,-0.2329107874865503,-0.366467576507423,-0.1638505926883627,-0.075865878847705,-0.3433305080843938,-0.878824750764159,-0.4867373074120227,-0.5335371898154002,-0.4369241172448026,1.1100450199022869
2025-08-06,035420.KS,1,0.0306345779914012,1.0551356210097032,-0.4416547067649459,1.4638501094227998,0.8584545359872592,-0.457590349646406,-2.2748118194577027,-1.3893399043972976,0.8487062347239517,-1.4334376235616042,-0.6044383878168588,-0.0413499510174149,-0.9579460221800584,-0.0296038342231427,-0.2247061830299431,-0.2872428823497172,-0.5269430998430161,-0.7375124455636242,-0.4905520467598361,-0.1612605022713188,-0.3239495280781663,0.2929415835880526,-0.4645116004913175,-0.5354734052888693,-0.4369241172448026,0.926232133821876
2025-08-07,035420.KS,0,-0.0254776916329603,1.175122559863836,-0.4586602569315563,1.4638501094227998,-0.22011433295374,-0.4640199779301707,-1.8832676994928217,-0.8467236996802462,-0.2966994124964005,0.8632306415336977,0.7743456968245656,0.1803482757467727,-0.599270260633505,0.0008804995992262,-0.6128078613552682,5.090743289366812,0.3186441430936347,-0.2375801393159476,0.4836494808977536,-0.0581655697759157,-0.2267278425857161,1.464707917940265,-0.2843693158042403,-0.527488254474904,-0.4369241172448026,0.9520815753418306
2025-08-08,035420.KS,0,-0.0283224684157171,1.005343540302057,-0.4298816188639943,1.4638501094227998,-0.6133096612208421,-0.3941512828068883,-2.344251616762116,-1.0240146118758189,0.9082276596494367,-0.2106702179474024,-0.9178090625763018,0.1047125314953538,-0.8130740559111067,-0.03486916035248,0.758922115100686,3.800026608154845,-0.5258307988671755,0.079432709019721,-0.4831916189104965,-0.3372132530916656,-0.2148970972254953,-0.878824750764159,-0.1753363333590294,-0.5987216172650494,-0.4369241172448026,1.0497888591729256
2025-08-11,035420.KS,0,0.0,1.045908659726142,-0.4599683844246908,1.4638501094227998,0.7764236187633482,-0.436307469009769,-2.803623166803537,-1.084601718624874,-0.6163028518714248,-0.6021638101781759,-1.0035978322090515,-0.0051402845362378,-1.0459657550955372,-0.0654145239675191,-0.9245752751933454,-0.2872428823497172,-1.0940557939105724,-1.042467551800396,-1.117563669149905,-0.1360377417495174,-0.2618431156391264,-1.464707917940265,-0.0958141258407838,-0.4956663002590978,-0.4369241172448026,1.0657889052955305
2025-08-12,035420.KS,1,0.0089686517759339,1.0713136480940124,-0.4756658177352227,1.4638501094227998,-0.9291688740848772,-0.4951904932501924,-2.768193491688253,-0.9383997592327062,-0.9529809616795,0.7815547513355355,-0.1494887389844721,0.0364711582796048,-0.9896864846678872,-0.0625433152091315,-1.0099251339996438,-0.2872428823497172,-0.877299347552595,-1.0177544801459737,-0.884886105017511,-0.151853066577605,-0.2779900997535818,-0.292941583588053,-0.3561763297949346,-0.4628755097996721,-0.4369241172448026,1.1864586185603272
2025-08-13,035420.KS,0,-0.0022222676013551,1.19051465348186,-0.4704333154592532,1.4638501094227998,-1.0156389091944975,-0.4642568447041957,-2.3804471545430683,-0.606342675162896,0.4727176392367923,-0.9166559950886848,0.1209752235259089,0.142810406075603,-0.8460678767996894,-0.0550167901196872,-0.1601858170242346,-0.2872428823497172,-0.5432362112666557,-0.5816977811561742,-0.526450548595203,-0.059764231414431,-0.2535825139992639,-1.464707917940265,-0.6027355569626197,-0.4555689923090332,-0.4369241172448026,1.01571348742731
2025-08-14,035420.KS,1,0.0066815105606787,1.0253822290907015,-0.462584625666514,1.4638501094227998,-0.1547471678309379,-0.4475594879389566,-2.315394461624682,-1.1165180984566192,0.0653164684289026,-1.002751790821003,-0.2165047539036552,0.1670648017784172,-0.8270886512576007,-0.0569108688875875,0.1088944030473764,-0.2872428823497172,-0.3323312027593856,-1.6704205826293268,-0.2732356429300883,-0.3318555929276586,-0.2294987647884352,0.2929415835880526,-0.6028129450586098,-0.6030447930073699,-0.4369241172448026,1.056509438855051
2025-08-18,035420.KS,0,-0.0022123648046832,1.0596233536157964,-0.473049583450355,1.4638501094227998,0.1178646021510349,-0.5249899599754997,-2.63682392979978,-1.0796647178235357,-1.2747673465712908,-0.1455859596967962,0.0520028415722892,0.2374196302110507,-0.7239427811437859,-0.049529922637297,-0.2268589659177179,-0.2872428823497172,-0.0552635297331244,-0.9071323016228848,0.0344440913799612,-0.1427502385304858,-0.1865871412830444,1.464707917940265,-0.6156557146351103,-0.6782863644670781,-0.4369241172448026,1.0820589919241006
2025-08-19,035420.KS,0,-0.0177383717771266,0.99611088269612,-0.463892732732205,1.4638501094227998,-0.2222953700930251,-0.5318248710371384,-3.0945800940476564,-0.9765656388551672,-0.4305155531357495,0.1258459557966958,-0.216206119315678,0.2590771066331161,-0.7143590968135443,-0.0530353121365619,0.0402748962462406,-0.2872428823497172,-0.1814880623103646,0.7890659613958658,-0.1088790139101658,-0.2400032807657257,-0.1537606606889749,0.2929415835880526,-0.9378689763649628,-0.6867038211045788,-0.4369241172448026,1.2019382994420094
2025-08-20,035420.KS,1,0.006772005006616,0.8964241082379931,-0.4808982931899212,1.4638501094227998,0.0483444969594707,-0.5218158096574843,-2.4952388393952813,-1.2481569459109083,0.18602583839202,-0.2128418156319695,-0.6844175598578168,0.176142993828311,-0.8665059508554968,-0.0698453290485176,-0.2265618591981829,-0.2872428823497172,-0.6472623973588347,-0.6078020997958976,-0.5955885582534108,-0.2785788314500519,-0.1636247727020403,-0.878824750764159,-1.0227850433223578,-0.6527218839247184,-0.4369241172448026,1.0358662044931888
2025-08-21,035420.KS,0,-0.0044842550846846,0.9296530330573686,-0.4795901760628557,1.4638501094227998,-0.2219943639891041,-0.5267747629780605,-2.5965707305568286,-1.211096913668987,-0.3580232407959888,0.0566267312610011,0.0547318455569282,0.2122258972249647,-0.7792332864659639,-0.0570122528653109,-0.6923778455194254,-0.2872428823497172,-0.4082678813883303,-0.7481154580526067,-0.3502244170106365,-0.1417733257699666,-0.1447331800504233,0.8788247507641588,-1.2728292423859404,-0.6481532670274844,-0.4369241172448026,1.0703021749226909
2025-08-22,035420.KS,1,0.0157657319666963,0.7967373337798667,-0.4743576689482614,1.4638501094227998,-0.6939239635826269,-0.5177321451456446,-2.338915956494505,-0.7145619682574226,0.1151242640690716,-0.2125421122722506,-0.2847185850540428,0.1861473724344474,-0.8138071699606753,-0.0587981061407842,0.042989938154032,-0.2872428823497172,-0.4717887850954055,-0.8322982916162048,-0.4041392425400113,-0.316489796016696,-0.1335193417897892,-0.292941583588053,-1.263589481947728,-0.6375398873193046,-0.4369241172448026,1.0064282922500676
2025-08-25,035420.KS,0,-0.0199556419923965,1.0390969229803555,-0.4730495689838327,1.4638501094227998,0.0510951725009923,-0.5153577166970128,-2.591613596372524,-1.056306561492256,-0.1295087978154223,-0.6824292165752575,0.325951990137296,0.2812135021540697,-0.6334331406087464,-0.0379945022842182,-0.294723802798415,-0.2872428823497172,-0.0165522613844944,-0.3619244189962504,0.0750853148845849,0.0933349020926248,-0.0827362205617137,0.8788247507641588,-1.181337330609802,-0.645217987886364,-0.4369241172448026,0.9061742595609058
2025-08-26,035420.KS,0,-0.0135746522283036,0.9755844520606792,-0.4743576812071692,1.4638501094227998,-0.2910509006803758,-0.5017644781086847,-2.901696970036534,-1.291730609280204,0.1889868449484797,0.0593655019721325,-0.7512828706492684,0.1995621544905387,-0.807283742240209,-0.0608407804590499,0.3128224715317027,-0.2872428823497172,-0.4726982850229724,-0.8632654965922806,-0.4224733892806148,-0.2405638369402407,-0.0894354036402445,-1.464707917940265,-1.035195481420473,-0.6519457578457886,-0.4369241172448026,0.9395922704572928
2025-08-27,035420.KS,0,-0.0022936248267722,1.031272986528851,-0.4795901541809442,1.4638501094227998,0.3244691295433569,-0.5010598644051234,-2.528688425387626,-1.264783946517853,-0.1834726398251357,-0.2812997746163893,-0.5588539728113869,0.1384013284646981,-0.9119812146610962,-0.0712427118014958,-0.75890106131469,-0.2872428823497172,-0.7663408183206155,-0.7657821570645218,-0.7510877704910822,-0.1199616714575285,-0.1168171897445339,-1.464707917940265,-1.0376834495531717,-0.598721736006939,-0.4369241172448026,0.8059202268717445
2025-08-28,035420.KS,0,-0.0137930954379353,0.8583166256861872,-0.491363256325046,1.4638501094227998,-0.7613202649458913,-0.5041842015389016,-2.9914017238198074,-2.043127004137857,-0.2731609342134957,0.3315563058062863,-0.2186566445581496,0.1418808661449142,-0.8983740774703165,-0.06863386245272,-0.5674566644428987,-0.2872428823497172,-0.6920012258557903,-1.1106774286911456,-0.6342091284070766,-0.350434491781284,-0.1307116956114663,-0.878824750764159,-1.0378512734502052,-0.5709380139866282,-0.4369241172448026,1.049658940560828
2025-08-29,035420.KS,1,0.0046620264530159,0.9882869462446146,-0.4913632517031561,1.4638501094227998,-0.5673632514186211,-0.4943947248081292,-2.9578185277708258,-1.9184994912787845,0.0383601888576803,-0.7495338290335429,-0.5654414753186215,0.0915853263575539,-0.991916380172772,-0.0791344998329296,-0.2289998471113045,-0.2872428823497172,-0.8882440391091937,-1.2580719007373669,-0.8724943601410987,-0.0363062222042606,-0.1601671648403789,-0.292941583588053,-1.0703271171405848,-0.5207702702737573,-0.4369241172448026,0.9857850578882044
2025-09-01,035420.KS,1,0.0440835486113659,0.7615752299471352,-0.5070606729937862,1.4638501094227998,-0.2244643493340464,-0.5074525563822089,-2.978644020446469,-1.3557083285460385,-0.4814462147659449,-0.5564162548782323,-0.0088979144868178,0.1081001371635988,-0.9241990574451376,-0.0658673834412223,-0.5740104640985587,-0.2872428823497172,-0.503671913819439,-1.861243406109176,-0.4316918395831862,-0.4086310934078597,-0.1577805077389625,0.8788247507641588,-1.0873131174085011,-0.611548261071602,-0.4369241172448026,1.0417904827334905
2025-09-02,035420.KS,0,-0.0177777899412566,1.24233682992332,-0.49528758589999,1.4638501094227998,-0.5740030665776886,-0.3768778552035338,-2.529685381326052,-0.3297825156296631,3.1254788073278514,-0.2150014076044473,1.179920801805444,0.3469385274475082,-0.4640511966850995,-0.0118309605688999,-0.0203142805550237,-0.2872428823497172,0.6248083119921717,0.1779365524069732,0.8705885554001297,0.3687187943719474,-0.0507039373286701,1.464707917940265,-0.5129965409212579,-0.5234334219969908,-0.4369241172448026,0.8678499299573317
2025-09-03,035420.KS,1,0.0271493044566073,1.0723258477997315,-0.4730495617264875,1.4638501094227998,-0.0130398839703039,-0.4988427823638435,-2.471436301658272,-0.8170856489948973,-1.3014287832286715,-0.563027333142636,-0.685606277307422,0.2823842072552829,-0.6253070268718328,-0.0361853391615987,1.1624222246564375,-0.2872428823497172,0.0277768573279831,0.0469795002990714,0.1287804497233796,-0.3331310720472787,-0.0180866636958289,-1.464707917940265,-0.502289278496565,-0.5126399558215678,-0.4369241172448026,0.9985598344227292
2025-09-04,035420.KS,1,0.0088106137465049,0.919895917592508,-0.4808982880946439,1.4638501094227998,1.1852194753470804,-0.4694031904797588,-2.536341561766109,-0.3239780967963817,0.4693326754023544,-0.0044919801513957,0.6692417286693573,0.4248120636283339,-0.3410538705889194,-0.0013262461076026,-0.6935604812760483,-0.2872428823497172,0.5506009463169844,0.5003527617146144,0.6545236259345263,-0.3271834295712406,0.0656267563303718,1.464707917940265,-0.4447826805359923,-0.4436957624604635,-0.4369241172448026,0.7705580363883211
2025-09-05,035420.KS,0,-0.0043668323996831,0.7645206086662101,-0.4652008303585519,1.4638501094227998,-0.6951221208710784,-0.4727934238396006,-2.6791908282223087,-0.2915230268248592,-0.2565162620772425,1.1885813533258416,0.1162093353261455,0.5102545577689237,-0.2318318882619402,0.0035884923411736,0.6543558778130935,-0.2872428823497172,0.4261284910996168,0.9586874838588574,0.4723206706539568,-0.3407638919582277,0.1368504227967504,0.8788247507641588,-0.5212473283954427,-0.4546683277719522,-0.4369241172448026,1.254055365113223
2025-09-08,035420.KS,1,0.0131578865361159,0.9501794636928086,-0.4625846034458153,1.4638501094227998,0.6704849993444284,-0.498223675645469,-3.3057364218858543,-0.327891567309469,-0.6367681828424546,-0.6836221882796282,-0.2811775171803488,0.4941474224747748,-0.2750995560565656,-0.0032376812188436,0.1041528979916712,-0.2872428823497172,-0.0193504960179631,0.7890668541120643,0.0613225425352968,0.0333481810306754,0.1661800871973059,-0.878824750764159,-0.5118137512130826,-0.5758778696801851,-0.4369241172448026,1.0830769514572154
2025-09-09,035420.KS,1,0.0108225269486641,1.1309597609869777,-0.4625846082846278,1.4638501094227998,0.1130608670965955,-0.4741885318634363,-2.537338517704536,0.1636295675048461,0.3422601624908931,0.676074630666076,0.2473082623629583,0.5357158188048184,-0.1538678000141819,0.0168834630737871,-0.2912008516669662,-0.2872428823497172,0.2032845825561055,0.4445259333217678,0.3387036231516994,0.0106202649467412,0.207021414181008,0.2929415835880526,-0.6244740853445977,-0.5424838826867683,-0.4369241172448026,0.9297796330429192
2025-09-10,035420.KS,0,-0.0021413713513075,1.0293398075154951,-0.4534277622734201,1.4638501094227998,-0.2874817124908884,-0.475732288754519,-2.457548032289872,0.2168518277440301,-0.2269601313349886,0.121063011144541,0.1768817786852549,0.5550325202365357,-0.0625208712752638,0.0354497489787692,0.2345810992603103,-0.2872428823497172,0.1981391616039042,1.3739629119644163,0.3099931210595366,-0.2747205532691208,0.2473403884268623,-0.292941583588053,-0.6348190939263411,-0.6074991849241889,-0.4369241172448026,0.7735201755084722
2025-09-11,035420.KS,1,0.0128755289189812,0.9834083885121844,-0.4468871916771251,1.4638501094227998,0.2452008764735243,-0.4878854632026251,-2.7431129551456324,0.2594080423363382,-0.4147132711552042,-0.2777460337522536,-0.2140651987858155,0.5157138112619528,-0.1052809776455559,0.0352739212552437,0.1645149301819112,-0.2872428823497172,-0.0124175120458466,1.001087954541395,0.0727821964134914,-0.2232040969652284,0.2546345416473144,-1.464707917940265,-0.9589052104545376,-0.6174246571123084,-0.4369241172448026,0.9602355048191552
2025-09-12,035420.KS,0,-0.0084745490563652,1.1104333303515377,-0.4468871962573196,1.4638501094227998,0.1742151222503591,-0.4445687766486078,-2.270618998401478,0.2332864977319408,0.6666632626104095,0.2526311230455039,0.2387933192161904,0.5426097141640484,0.0063813022306507,0.0573330552036438,-0.2244318920040909,-0.2872428823497172,0.180735127886605,1.064695088106841,0.3083726970405642,-0.0471641280508818,0.2749739613299508,-0.292941583588053,-1.1888058442690046,-0.5852801955275461,-0.4369241172448026,1.1420445154226515
2025-09-15,035420.KS,1,0.0042735241699556,1.2492397870671883,-0.4429628210227873,1.4638501094227998,-0.2198364419886299,-0.4988770077489315,-2.8154041315186817,0.4626491059331911,-0.9371040050919444,0.1819525927574753,-0.4050522479193995,0.4731118922406271,-0.1059174701111726,0.0474614943193816,0.2261097200992451,-0.2872428823497172,-0.2089805443190301,0.7697914560800941,-0.1313220232335839,-0.0427113543282826,0.2518610224704098,-0.292941583588053,-1.273241866888838,-0.6507929072956631,-0.4369241172448026,1.0398463031464542
2025-09-16,035420.KS,0,-0.0063829747207272,1.9792339043742453,-0.4338059723531982,1.4638501094227998,0.2366183144900689,-0.4748220968302968,-2.018867017284111,0.8227021576085781,0.3471225473608156,-0.2103935296849581,-0.0206138188998731,0.4684141512554476,-0.0824799536932201,0.0552122114592576,-0.4144418169297448,-0.2872428823497172,-0.185056739690778,0.5770421084305489,-0.0729087975172522,0.4907854152623294,0.2318787664809206,-0.292941583588053,-1.2853524822223283,-0.6837793539797501,1.4441687257941578,0.9936535157155426
2025-09-17,035420.KS,1,0.0139185756864688,1.2668208389835531,-0.4495034037845466,1.4638501094227998,-0.4123401568077233,-0.3438041599714719,-2.8647220760023653,0.7139294500192084,2.093373442198405,0.2440857060990348,-0.3419774963475266,0.4152101039229766,-0.180620714743103,0.0444130762753295,-0.0319702442869086,-0.2872428823497172,-0.3660315745043894,-0.2710573950436856,-0.3214122646881312,-0.6822093819156397,0.1893367882249632,0.2929415835880526,-1.2660510989730898,-0.6837793539797501,-0.4369241172448026,1.1214012810607896
2025-09-18,035420.KS,0,-0.0200633019153501,1.235525093177534,-0.4455790779574332,1.4638501094227998,-0.0248488266824407,-0.4657130614188982,-2.760694182646638,1.1769178564164855,-1.146239537617833,-0.4020640949595782,0.2702480538704359,0.4573753542445021,-0.0636701669160721,0.0636790822799391,-0.3516897671690662,-0.2872428823497172,-0.0650625679486114,0.3946030427076704,0.0407809038767064,-0.2055815285142699,0.1816080363428944,-0.292941583588053,-1.2581060721750124,-0.6756920639363316,-0.4369241172448026,1.2609976028866394
2025-09-22,035420.KS,0,-0.0043103647752104,1.2922258273514238,-0.448195281790185,1.4638501094227998,-0.3487645162396328,-0.4656925035968322,-2.75545600559515,0.6381765163565956,-0.1997687192802548,-0.0162498141602508,-0.7545295269018528,0.3419417740568698,-0.3058565152820128,0.0322731960643787,0.2574035266548362,-0.2872428823497172,-0.5410321091119944,-0.8816887268774213,-0.5371066827319902,-0.1249806073198156,0.1158809282920389,-0.878824750764159,-1.0928720577162154,-0.6527221607743972,-0.4369241172448026,1.9951456831832737
2025-09-23,035420.KS,0,-0.0129870049979095,1.2765779544484142,-0.453427771956673,1.4638501094227998,0.2683228373729578,-0.4960471444729897,-2.629605663625349,0.01401094955772,-0.688711996474061,-0.3387636076062123,-0.2794746461301614,0.3127632927563347,-0.3646178202319119,0.0250088477595149,-0.762131107088011,-0.2872428823497172,-0.5901242046471586,-0.7688556036595313,-0.5948773125890008,-0.1912221511489552,0.0541795452230436,-0.878824750764159,-1.0890815956722248,-0.6232738598020792,-0.4369241172448026,1.2786786981283502
2025-09-24,035420.KS,1,0.1140350628133892,1.345981182806241,-0.4560440060157638,1.4638501094227998,-0.7645927035337351,-0.4682348962290477,-2.5328162537242824,0.1166858956699842,0.4110598556685886,0.2756530128828866,-0.541132535692249,0.2463647525257283,-0.5183323039898313,0.0029967222612493,-0.2895066928123631,-0.2872428823497172,-0.7868004468204469,-1.260509150883251,-0.85171443768538,-0.1143265784492756,-0.0219494504924116,-0.878824750764159,-1.1520811127188078,-0.5726408786360023,-0.4369241172448026,1.247204866819
2025-09-25,035420.KS,1,0.0098425344913273,2.03486124745782,-0.4678170946378208,1.4638501094227998,-0.2857653186070829,0.3599962671126224,-1.8674529957229211,1.0030432730361285,4.629788974497303,-0.7527921046182398,3.2799399175535657,0.7016967117481402,0.5816600669367207,0.1671023883453397,-0.5498258933939837,-0.2872428823497172,1.8414891306597403,0.7583800316863774,3.1356001387765486,0.4297914054291474,0.1855563568516806,1.464707917940265,0.8676326301110305,-0.1794952949682427,-0.4369241172448026,1.3042282511973995
2025-09-26,035420.KS,1,0.0701753953992501,1.652774222234042,-0.4024111121522047,1.4638501094227998,-0.5495010848851148,-0.0598199873216288,-1.9572913595628303,1.0169428156881282,-1.016663428460452,-0.2760370683629255,0.1473285470665593,0.653163559753275,0.5971784063535941,0.1874042832341272,3.255957501319405,-0.2872428823497172,1.6362148089593196,0.740686705291224,2.4614632531568743,-0.4434557448492264,0.3253787769241806,1.464707917940265,0.8606462120509161,0.007829860201983,-0.4369241172448026,1.2884913355427243
2025-09-29,035420.KS,0,-0.021857910924676,1.6957602625182784,-0.3579350783246231,1.4638501094227998,3.247920263226486,-0.1854133700766008,-2.045016024223162,1.4588375426281484,-0.641850385207218,-0.5386313951952701,1.9667619511519976,0.8316622078112111,1.2503405285463371,0.3187035379923905,0.1351128982292045,-0.2872428823497172,2.650482588921109,1.334874028060253,3.940448184398492,-0.1432581631004268,0.5689106778932914,1.464707917940265,1.0619499846168,0.3156452120296325,-0.4369241172448026,1.3582894964556504
2025-09-30,035420.KS,0,-0.0521414767384039,1.53062783812712,-0.3304645610564204,1.4638501094227998,0.1444272026122647,-0.2668717068222329,-2.201472517180577,1.016943134643096,-0.5779992315994029,3.242354842200024,-0.8086488166173436,0.6046345981837963,0.8499806177434631,0.280651816206329,1.945237752693536,-0.2872428823497172,1.0760710251175891,1.0182838078737313,1.5990735514519023,-0.3054335630051428,0.6242442367050935,-1.464707917940265,1.2367618011984698,0.2380299975554334,-0.4369241172448026,2.0510895684401333
2025-10-01,035420.KS,0,-0.0058939678880712,1.373319350187466,-0.3618593905731287,1.4638501094227998,1.9783090848723444,-0.1967368895627545,-2.347017785830955,0.2375158805469473,0.2101333922660371,0.152293594224621,-1.721897921784192,0.2890181501054695,0.1648345457107697,0.1881094305167133,-0.8159735127512223,-0.2872428823497172,-1.0367315755606423,0.4893634657263114,-1.1745928608252554,-0.3065801391151951,0.4774852634473379,-1.464707917940265,1.535378115688211,-0.2360049892158585,-0.4369241172448026,1.6668283128712778
2025-10-02,035420.KS,1,0.057312302791868,1.5286946591137645,-0.3919461784632417,1.4638501094227998,-0.8191417651631225,-0.3300381001317093,-1.6134773570392895,0.1944782472176756,-0.8368176149434594,1.978238497937255,-0.3272307173489622,0.2406978908508888,0.0256226103857287,0.163267757213131,-1.7245502706956946,-0.2872428823497172,-1.1779045340286731,-0.3164915389819862,-1.4208568474098098,-0.0416720694850957,0.3349928844015863,-1.464707917940265,1.5405925959228592,-0.2243253124962469,-0.4369241172448026,1.710058961182039
2025-10-10,035420.KS,0,-0.0186916163667243,1.2950799856724171,-0.3893299079729546,1.4638501094227998,-1.7396431609246064,-0.1848630529936012,-1.7177660759819713,0.4660100825611701,0.8643538612448637,-0.8071050797602018,1.5788549297125076,0.4562922725323925,0.5584127730978297,0.2466874687839378,-0.337018435352988,-0.2872428823497172,0.1487218376876623,0.1176551925204589,0.3089753662038689,-0.3694985658022513,0.3610637674930477,0.8788247507641588,1.5720555228571975,-0.2323266624570385,-0.4369241172448026,1.543986866233218
2025-10-13,035420.KS,0,-0.0171428468315874,1.3195639947326503,-0.3854055684619963,1.4638501094227998,-0.3339006301713461,-0.4148435214018577,-2.7173303282856853,0.3485310555309798,-1.2655304711751465,-1.7236225767211537,-0.7131641669717181,0.316515042524341,0.2654675529912497,0.2090114930120077,1.5593153335754817,-0.2872428823497172,-0.1288204134870001,-0.8295616175158259,-0.0299668266119936,-0.1551446308693719,0.2962695839343823,-0.292941583588053,0.7546531018108298,-0.3539168869243425,-0.4369241172448026,1.385783229111735
2025-10-14,035420.KS,1,0.0019379629107179,1.3811432866389708,-0.3749406056104932,1.4638501094227998,1.5873216175531244,-0.3451274285731427,-2.4837793521077858,0.1624738848357626,0.5748670748447042,-0.323964051932373,-0.6664585577058398,0.2089846864608227,0.0055679356030498,0.1691709006448417,-0.7209773798038638,-0.2872428823497172,-0.3895243611059597,-0.7783064633934845,-0.3565065302951273,-0.1223361249226864,0.1820775463077384,-0.292941583588053,0.7971459841859536,-0.4221572735554502,-0.4369241172448026,1.5420426866461825
2025-10-15,035420.KS,1,0.0077369800588455,1.301982942816285,-0.378864978706936,1.4638501094227998,-0.7228988531522352,-0.4166645829806998,-3.037194360261667,0.2267882424477774,-0.7584414011356801,1.588943211107112,-0.0910463843111207,0.1992859972658049,-0.0343535728282302,0.160427324885459,-0.6745107248632491,-0.2872428823497172,-0.4217850795024706,0.0225143908089108,-0.3916449877892562,-0.2459620645973681,0.0921392320293574,-1.464707917940265,0.1368036848415658,-0.4512198145357839,-0.4369241172448026,1.3070986508383575
2025-10-16,035420.KS,0,-0.0191938863513475,1.4465889365720035,-0.3867136711976865,1.4638501094227998,-0.675822345465675,-0.3357999380635255,-2.3925091621253958,0.1988804787059237,0.7088675162552518,-0.7112787038061694,0.0838322034334606,0.2158200825890948,-0.0096603049838254,0.1617856752745667,-0.1020424639836055,-0.2872428823497172,-0.3668395847735784,0.269006591017418,-0.3307875947694685,-0.0475548522033735,0.0366987180780972,-0.292941583588053,0.1273327065968542,-0.5381421884924532,-0.4369241172448026,1.3317219838534855
2025-10-17,035420.KS,1,0.009784750566014,1.4279956849499194,-0.3801730934342159,1.4638501094227998,-0.0958407109353911,-0.4121356495975168,-2.123093640628161,0.1898769783132868,-0.773059806447684,-0.6644059416471763,-0.7283109174181727,0.1132936466162513,-0.2683609993162598,0.1205198356868312,0.0719414133483637,-0.2872428823497172,-0.6515163953024943,-1.61803923739311,-0.6974243019308177,-0.1929187622212623,-0.0641488438057376,-0.878824750764159,-0.2329755124478187,-0.604340850295433,-0.4369241172448026,1.3936516869390725
2025-10-20,035420.KS,0,-0.013565862771394,1.4759515033646675,-0.3932542782081812,1.4638501094227998,0.0804266220375488,-0.4066246848679467,-2.3515602670914357,0.2810530831652796,-0.1398326714205419,-0.0869344479475038,0.1455859808704253,0.1503047883164492,-0.2111174928852999,0.1242632965977654,-0.7360466367417278,-0.2872428823497172,-0.2804646306430673,-0.8632642068758934,-0.2186651582513273,-0.1361820121640963,-0.1134843939723585,-0.878824750764159,-0.233204495949242,-0.6519455747386675,-0.4369241172448026,1.314040888611774
2025-10-21,035420.KS,1,0.0039292292056367,1.2306465354451035,-0.3801730637036747,1.4638501094227998,-0.7381658869202727,-0.4299303648318325,-2.6936614006053103,0.2629996803458713,-0.446826936210024,0.0885700059905565,-0.5585889127551505,0.0838080214451731,-0.4001971797028247,0.0910998587724702,0.1333792473161846,-0.2872428823497172,-0.5879964907912303,-0.7657809998393327,-0.5852664158857461,-0.3830140598023113,-0.1875823155606116,-0.878824750764159,-1.0476950691624762,-0.6174245848581518,-0.4369241172448026,1.4594697491987323
2025-10-22,035420.KS,0,-0.0508806164274824,1.184715116441793,-0.3958705268600232,1.4638501094227998,0.1426707983555585,-0.4575802966455056,-3.12689911404494,-0.4416619317423522,-0.5385271175650387,-0.7264796623701972,-0.0309965812869605,0.104108852489338,-0.4017173706640025,0.0832780864999719,-0.5671929604817415,-0.2872428823497172,-0.4126154846140711,-0.6799623846891428,-0.3723101706544255,-0.2194853309174299,-0.2282238572768866,-1.464707917940265,-1.0817363310233223,-0.6157193800952213,-0.4369241172448026,1.4407706944239065
2025-10-23,035420.KS,1,0.0185566897541753,1.376264728906541,-0.4024111173298968,1.4638501094227998,-0.5670960864683948,-0.3494593683207035,-2.3429101747745267,-0.9642985022594512,1.424191363494124,0.1505447916259283,-1.6838746732086391,-0.13393245869619,-0.9569499715248752,0.0019527923730599,-0.0422998865880025,-0.2872428823497172,-1.4641042695867088,-1.6449801091833305,-1.7167884545703365,0.0027396537660279,-0.3848030652272631,-1.464707917940265,-0.5487932472509,-0.4129135588682534,-0.4369241172448026,1.4889994009210472
2025-10-24,035420.KS,1,0.0161943436298075,1.311740058281146,-0.4194166774798338,1.4638501094227998,-0.0353140406258233,-0.4656127573200264,-1.9898775996733853,-1.5733324109199385,-1.1237632475796462,-0.5561502462088435,0.4101177623469272,-0.0396010160118877,-0.7918531148968566,0.0178594925507755,-1.6867215559213389,-0.2872428823497172,-0.7753070862301795,-0.9330950948466912,-0.8290196809042932,-0.2333425229862842,-0.4308449766966265,0.2929415835880526,-0.4238306532765434,-0.3924841748819797,-0.4369241172448026,1.2422985481118127
2025-10-27,035420.KS,1,0.0079681016764723,1.4773164884238572,-0.4194166701339582,1.4638501094227998,-1.7013179622606691,-0.4304012745032252,-2.1396693353901743,-1.2004725461416563,0.3662941686652952,-0.0266697350128588,0.3388774567157029,0.057946591651033,-0.6657016384002982,0.0214516866687209,0.3965576364625773,-0.2872428823497172,-0.1677872188928242,-0.7848106944719828,-0.070544457213384,-0.0293242916857598,-0.4093335025626179,-0.292941583588053,-0.3646498005550257,-0.4524924800539757,-0.4369241172448026,1.1961057606809011
2025-10-28,035420.KS,1,0.0474308024124296,1.3799839697155551,-0.4050273727898423,1.4638501094227998,0.4093032786884078,-0.4765064827789195,-2.385107725384329,-0.5697026612259198,-0.766200718682821,-1.685463248216339,0.0908020435038345,0.1283619849472133,-0.6283084068172066,0.009098819617464,0.3256818090906298,-0.2872428823497172,0.0926110116909209,-0.3878887347868337,0.2548688817890779,-0.2587897022533159,-0.3657376068437946,1.464707917940265,-0.3916489976381784,-0.4674039066703643,-0.4369241172448026,1.388745368231886
2025-10-29,035420.KS,0,-0.0358490168077401,1.7558214215694152,-0.393254315492449,1.4638501094227998,0.3374972397916755,-0.3005865350105972,-1.6426244312590192,-0.0067512668261119,2.92990568186253,0.4160232956329708,1.2808625653147478,0.4123367809642974,-0.2158623597915137,0.0356864389663268,0.0788755944591952,-0.2872428823497172,1.2242022709675235,0.2395939319111338,1.9589907378245268,0.1497248883586208,-0.2103169831138528,0.8788247507641588,-0.0329207707337689,-0.2843454295346341,-0.4369241172448026,1.323853526026148
2025-10-30,035420.KS,1,0.0469667656386716,2.0667375292954366,-0.3618594211041072,1.4638501094227998,0.0874518109774725,-0.421810589891064,-1.2448848466074127,-1.0251043518262202,-0.9949747748257186,0.344528030835603,-1.230572872938701,0.2258848996794856,-0.6041848138659826,-0.0142505674964179,1.2628475518881848,-0.2872428823497172,-0.1361186171377051,0.5041593386974283,0.008811829026483,0.0595926158881421,-0.2067181547684549,-1.464707917940265,0.1503512838940098,-0.3786375857314947,1.7493701441560725,1.4903721532995655
2025-10-31,035420.KS,1,0.02616816847375,2.8198858327464564,-0.3723243545469613,1.4638501094227998,1.286962837235143,-0.2559095305931637,-0.2447365376534162,-0.2987727497315987,1.7257091869376835,0.0955647901511718,1.2668687981670577,0.438363850273805,-0.1407350993028479,0.0483423677930839,-1.235738929462146,3.800026608154845,0.7260049984676988,0.7192878328684481,1.7534640832571884,0.3539470770337438,-0.0840440498038402,0.8788247507641588,0.3976760612114015,-0.3426764393031962,2.651331790025786,1.3924857730315456
2025-11-03,035420.KS,0,-0.027322388655845,2.631327175161708,-0.3186914956303265,1.4638501094227998,-1.2444164033224452,-0.2673969478805145,-0.8287136557728036,0.1387829762778476,-0.2650134539521241,1.2898843733966572,0.639654012219359,0.5749327306693085,0.1424862034497546,0.0845916867827061,1.248925379378467,4.7313032009280365,0.9553389530577278,0.784078993432095,2.0841289974157933,-0.2919616736518183,0.057088659751835,-0.292941583588053,-0.1655503051212433,-0.2629175952854601,2.073663657188175,1.770461892619959
2025-11-04,035420.KS,1,0.0430712144255185,2.5737582700115214,-0.3474701114206092,1.4638501094227998,1.2728579428328028,-0.4294236484044236,-0.4786486124467314,-0.1968825240785056,-1.1494240477276896,-1.230539143718702,-0.9734388360255606,0.4338121727780273,-0.1578258833676071,0.045052130921369,0.624919537459704,4.886515966390235,-0.1525693626856188,0.2855085666761014,0.0109814646669067,-0.2111241689121461,0.0577252372376924,0.8788247507641588,0.1136131199629197,-0.3736642711444884,1.6734250264814678,2.083147239266866
2025-11-05,035420.KS,0,-0.0520646740953253,2.3821677391112592,-0.3566269115167966,1.4638501094227998,0.6406623210242098,-0.1871703861328525,-0.8175649097870612,0.0760069195054346,2.7549794483025103,1.275840524498593,1.14939225391113,0.5876520656554269,0.2554304132940315,0.1117516288066481,-0.9799204366829684,3.1791755463060496,0.7723950409469404,0.2712811851157228,1.6177767921511854,-0.2919240489133011,0.1591934101366731,1.464707917940265,0.2358075601311704,-0.266435863955026,1.6006543663529764,2.759985837723474
2025-11-06,035420.KS,0,-0.0151515260255729,1.7274131310983667,-0.3239239564745612,1.4638501094227998,-0.9852404144961676,-0.3208426540945934,-1.874132671470529,-0.2516537451969251,-0.8230083175084407,0.646381023885494,-1.7195818158970109,0.3005375529520928,-0.3512129604755873,0.0324470789499024,1.1320498663221794,-0.2872428823497172,-0.9283738377336674,0.0378931864176511,-1.1494867928650672,-0.5900164224310173,0.0591240158563798,-1.464707917940265,0.7250425371447196,-0.4203107723159033,-0.4369241172448026,2.650949629506858
2025-11-07,035420.KS,0,0.0,2.0370183188211586,-0.3906380559761153,1.4638501094227998,1.1544484942551767,-0.3929302385402164,-0.7968332152147601,-0.4409518498301243,-0.709846625640515,-0.9724848597760524,-0.6064071108128691,0.2371322028267181,-0.4969025128418884,0.011695283328284,-1.7222460144241851,-0.2872428823497172,-1.1949624791923426,-0.5926687136648272,-1.6694125697836202,0.0608342132880321,-0.0577406378587153,0.8788247507641588,0.527615099079284,-0.3320099398718713,1.5642690362887302,2.593053133906728
2025-11-10,035420.KS,1,0.0115385154924481,1.3558008532029855,-0.3710162643967281,1.4638501094227998,-1.737308662385468,-0.4690872551593258,-2.751006676896817,-0.3355318529422976,-0.9470596999826733,1.1579435479957865,-0.1494887389844721,0.240451215458285,-0.4918567303527059,0.0120692113968204,-0.6147665120091651,3.4896010772304478,-0.8967518513801506,-1.008903622493906,-0.9922853397920252,-0.6516357889449746,-0.1391881149957958,-1.464707917940265,0.3628850706807839,-0.3293854767144978,-0.4369241172448026,2.4003723750777137
2025-11-11,035420.KS,1,0.0019011194554034,1.5477817785313774,-0.3762487056598563,1.4638501094227998,-0.6152940182330114,-0.4276664064380393,-1.8377454536826732,-0.2806499897941423,0.4872028251730465,-1.7212981818124635,0.1984735522875566,0.2925888555084553,-0.3812284722311001,0.0265976751808009,-0.1601858170242346,-0.2872428823497172,-0.4934398211183907,-0.5023563097324162,-0.5062243666667096,-0.0086353046663438,-0.164121582402503,0.2929415835880526,0.0819909681822865,-0.3257923755036892,-0.4369241172448026,1.741891947439076
2025-11-12,035420.KS,1,0.0075901081540528,1.380499998725792,-0.3657837643105951,1.4638501094227998,-0.1547471678309379,-0.5113492802593269,-1.9275857017814024,0.1935370155079747,-1.209049654023186,-0.6041395789605425,-0.0921574573202933,0.2961642448932126,-0.3713124433449979,0.0282370933211549,0.1859962363741207,-0.2872428823497172,-0.11851765469906,-1.572118894701017,-0.0127878060493449,-0.3139461182679881,-0.1769931786534587,-0.292941583588053,-0.0504919458177325,-0.6427151432902504,-0.4369241172448026,2.053258914415549
2025-11-13,035420.KS,0,-0.045197713234159,2.223775246813174,-0.3736324980117247,1.4638501094227998,0.1959783603695506,-0.4973691705689312,-1.181908441934905,0.1282164519219491,0.1764121460541806,-0.1455859596967962,0.0794030474862649,0.3266565828197315,-0.3011743332425001,0.0382370192142773,-0.1031478525427646,-0.2872428823497172,0.0644496110422635,0.0302409110736829,0.3543667732259924,0.5561180655326345,-0.1664353060666354,0.8788247507641588,-0.1295545199914889,-0.6188622464728639,2.546672948023373,1.3681650447648754
2025-11-14,035420.KS,1,0.0059171560778377,1.3030669862346795,-0.3854055540477946,1.4638501094227998,-0.0969606071936518,-0.4748732654753295,-2.0355734101807275,-0.4204281520469385,0.302224520501956,0.203621640320696,-1.5124976864965989,0.0952608063116686,-0.779186835287936,-0.0226590597590634,0.0675349177622571,-0.2872428823497172,-1.092334603469601,-0.979825789611281,-1.2171803771134937,-0.7840961045331372,-0.2809245598041489,-0.292941583588053,-0.3069605113547959,-0.4921114379347917,-0.4369241172448026,1.561238419524861
2025-11-17,035420.KS,0,-0.0235293971957264,1.3836370284626114,-0.3893299149628643,1.4638501094227998,0.0759622932926615,-0.5218166003429484,-2.2818361174296258,-0.4356467351217735,-1.022247383836338,-0.0880494973327662,0.0289525161324613,0.1246302382772123,-0.7130074604079595,-0.0134043682330583,-1.5162213647991467,-0.2872428823497172,-0.8237924219527797,-0.7732211272906937,-0.90802805545833,-0.1049720731068871,-0.3328614812188354,-0.878824750764159,-0.6549849430068748,-0.4499529718725549,-0.4369241172448026,1.393004738456418
2025-11-18,035420.KS,0,-0.0020080731286613,2.102496219587624,-0.4024110999525318,1.4638501094227998,-1.5285800372221232,-0.4707804516031196,-1.0641433506707072,-1.030894106847014,1.4252273038420653,0.0841249987089651,-0.85905514428446,0.0051710079351674,-0.9435972784484822,-0.0403436292833638,0.0173425004309088,-0.2872428823497172,-1.1813920545290526,-1.4853837107070753,-1.6765761432094246,0.4471920226341743,-0.4169415771371409,1.464707917940265,-0.5991877376866536,-0.3660783242478114,2.1828196473809127,2.2410785651727685
2025-11-19,035420.KS,1,0.034205232283228,1.594307768088003,-0.4050273658771734,1.4638501094227998,0.0251111243560105,-0.5147076602904729,-1.7728605314564128,-0.7567939376107284,-0.9403761688652096,-1.513472927054915,-0.2100453788180898,-0.0084691375247908,-0.9502141156826136,-0.0379158828904355,-0.8661219525499212,4.576090435465837,-0.9142476432029232,-1.5721207622136462,-1.0880459661717967,-0.5242279420834409,-0.4611873235391276,0.8788247507641588,-0.6039735163709729,-0.372054600333511,-0.4369241172448026,1.3151311006774664
2025-11-20,035420.KS,1,0.0214007859792999,1.495180275686988,-0.3801730958058789,1.4638501094227998,-0.8699483793829244,-0.4695501450210114,-1.624203015807925,-0.9034288250603474,1.079434861906263,0.0334939119056657,0.8820244575401474,0.1714281009381414,-0.6365839675742011,-0.0066872222231814,-0.2204326381607166,-0.2872428823497172,0.2228880357642468,-0.8401770853918431,0.4472650495278391,-0.2568903763532552,-0.3876185963052335,0.8788247507641588,-0.3413336522084091,-0.5445044922766646,-0.4369241172448026,1.3961596191664372
2025-11-21,035420.KS,0,-0.0057142822771958,1.3527300055281246,-0.4037192408675536,1.4638501094227998,-0.2157846998406589,-0.4347408951952942,-1.3925131176325811,-0.9703521825918232,0.3799343877418846,-0.8576918046779544,0.495886008681579,0.2831140705789736,-0.4469327780081555,0.0114352075403957,0.8660499718452791,-0.2872428823497172,0.6305390757299042,0.5095792432998488,0.9251487287601836,-0.2958612380611871,-0.273199109691388,1.464707917940265,-0.2452823405406246,-0.4279958810070967,-0.4369241172448026,2.1191094110289823
2025-11-24,035420.KS,0,-0.0306513627835525,1.5106668781852102,-0.3605512963494894,1.4638501094227998,0.8849574776763018,-0.3901304213119097,-1.8895057159650164,-0.754191379870972,0.3641054990265721,-0.2063593233394939,-0.3218120118915958,0.2570654154021478,-0.5270482716672268,-0.002589621925056,0.4818870769716744,-0.2872428823497172,0.3277050072081584,0.2493670305189261,0.590395413965801,-0.0383545182158536,-0.2084026241990318,0.2929415835880526,-0.2554572180916927,-0.3880544053575671,-0.4369241172448026,1.6080291608570003
2025-11-25,035420.KS,1,0.0415020145185125,2.299182450308973,-0.373632506406001,1.4638501094227998,0.495752627520387,-0.4415235080612374,-0.646395554303566,-1.6428415183648768,-0.6967057882279867,0.8896188793905769,-1.0738293469037183,0.102656266141595,-0.8469507121041244,-0.0434881275717596,-0.3316274529705739,-0.2872428823497172,-0.6443651257048236,0.046978802864028,-0.8448784455510945,0.4763207424487741,-0.2425037454366235,-1.464707917940265,-0.4633774527021133,-0.4327437751102445,1.9645076669954369,1.5083375927669886
2025-11-26,035420.KS,0,-0.0455408286867247,2.8198858327464564,-0.3932542734049091,1.4638501094227998,-0.3284388937091847,-0.4724890099359298,0.2452266818732049,-0.5219830598877444,-0.6110287674693636,0.5020984946171558,1.10207053427891,0.3078735554770383,-0.4240520632990909,0.0102520352570684,-1.0797973315915066,-0.2872428823497172,0.1772884452287823,0.5708064258376345,0.6742927426022232,0.1690260675047168,-0.1521737906117575,1.464707917940265,-0.1779819635506251,-0.5104129260638754,3.2016088891798025,1.365076722719625
2025-11-27,035420.KS,0,-0.0298210560851315,2.791160124025184,-0.3814812206434252,1.4638501094227998,-1.0864281461476208,-0.3500422164627967,0.0397141534175724,-0.8583495704593959,1.8964620824116452,-0.3185259536802574,-1.5228448788302873,0.0725260268998576,-0.8963319284258331,-0.0479196173490857,1.084970253147037,-0.2872428823497172,-1.0137029296689477,-0.550930268236997,-1.6517239426209305,-0.2021022044916633,-0.2124429663726541,-1.464707917940265,0.0883509872599347,-0.440491965089777,2.0372783271239285,1.523912320322779
2025-11-28,035420.KS,0,-0.0040983797503608,1.619073095672768,-0.3971786419449421,1.4638501094227998,1.1067509835487916,-0.4006080203065643,-0.9493472591543308,-1.1118216388029003,-0.6032269336031724,-1.0732346543590652,-1.0487901274798526,-0.0755603704601154,-1.1523687469002657,-0.0732251341991886,-1.5265156190296536,-0.2872428823497172,-1.446432189092455,-1.164782452551346,-1.8315231774560763,-0.8416649649736032,-0.3187957538404261,-1.464707917940265,0.2143302782942989,-0.3191361813400064,-0.4369241172448026,2.3169148662805106
2025-12-01,035420.KS,0,0.0,1.7089880450491997,-0.4154923267604982,1.4638501094227998,-1.539009398643323,-0.5038743657920487,-1.6129279664014118,-1.2851721595035717,-1.256500990459794,1.1104524704969625,-0.2730819004593444,-0.0692739168417868,-1.1329643783952523,-0.0697994105414991,-1.0548862173326652,-0.2872428823497172,-1.1704938288971545,-1.1517761993287057,-1.488870784309684,-0.1054335223600525,-0.3831498348476571,-0.292941583588053,-0.0093745082226193,-0.2944783435910962,-0.4369241172448026,2.759985837723474
2025-12-02,035420.KS,1,0.014403327075509,1.3496591578532633,-0.4246491628102837,1.4638501094227998,-1.0611900853621845,-0.5093213979540947,-1.9705961907678005,-1.3101207769688126,-0.3322369199148032,-1.52385715055384,-0.1494887389844721,-0.0612763108445715,-1.0870524385883416,-0.0595499327671919,-0.2831466535820007,-0.2872428823497172,-0.950676134902774,-0.8866133486739984,-1.0580240504150251,-0.4550582248211206,-0.4071209082649297,-1.464707917940265,-0.1468646704797304,-0.2622945700037852,-0.4369241172448026,2.759985837723474
2025-12-03,035420.KS,1,0.0020283749588858,1.479826037312682,-0.4154923045764965,1.4638501094227998,-0.2793218068867399,-0.5080134912414404,-2.147691386329132,-1.2362329505288914,-0.1658977459774527,-1.048105823044169,0.2848665031967934,0.0804231016829303,-0.8820150131822796,-0.0463848660208462,-0.1601858170242346,-0.2872428823497172,-0.1659226351934273,-1.6227156299874672,-0.067968510045904,-0.0626236344134272,-0.3688888610164902,0.2929415835880526,-0.0572833165804842,-0.552025449266625,-0.4369241172448026,1.632935413213312
2025-12-04,035420.KS,1,0.010121472759081,1.5354983878319328,-0.4181085580286651,1.4638501094227998,-0.1547471678309379,-0.524126305538592,-2.1417760533648558,-0.7943026418377112,-0.613708131796129,-0.2696214439426259,-0.0883198651623005,0.1080612734981484,-0.8278247880329552,-0.0399003367123801,0.2719471853564683,-0.2872428823497172,-0.0038112372392366,-0.9580177156684264,0.152438688548423,-0.1304893581207438,-0.3228526119869195,-0.292941583588053,-0.1532408639811684,-0.6441380484445901,-0.4369241172448026,1.723362015167572
2025-12-05,035420.KS,0,-0.0020039856957428,1.358937882939805,-0.4128760704359585,0.8783100656536802,0.2830573746778942,-0.5141943924692187,-1.52730576244178,-0.7450237395851228,0.1294683256303826,-0.1455859596967962,0.155740374292909,0.1685418225916752,-0.7040686221269379,-0.024301704636085,-0.0993298941987646,-0.2872428823497172,0.1560074157452173,1.1283057925419664,0.3309535515582074,-0.3221679698088762,-0.2538320057211563,-0.878824750764159,-0.5273645207471811,-0.5959886038544743,-0.4369241172448026,1.361988400674374
2025-12-08,035420.KS,0,-0.004016082847157,1.6037188572984615,-0.4050273389529294,1.4638501094227998,-0.0930925399622579,-0.5264970064700358,-1.8314609319717337,-0.4981240126543388,-0.5459398988303586,0.2903237796104335,-0.209922115775746,0.1710008640656108,-0.7024072533598208,-0.0245842489774503,0.1434816890295082,-0.2872428823497172,-0.040618586984711,1.3645668677118803,0.1105157063289534,0.0374525551311172,-0.2034648265557491,-0.878824750764159,-0.9762048470398864,-0.6082996408810353,-0.4369241172448026,1.492895982540735
2025-12-09,035420.KS,0,-0.0141129369841116,1.4890385803372654,-0.4115679485643423,1.4638501094227998,0.1529058298115158,-0.5229585760632123,-1.776218315649016,-0.5223648002073124,-0.0774010331312936,-0.0841981709650738,-0.2706001064172825,0.1746254559784629,-0.7132819529040814,-0.0286128985450239,-0.2203100057543409,-0.2872428823497172,-0.2695122975898482,0.9215839963298608,-0.2042741852616559,-0.2690991786383943,-0.1720908309121634,0.8788247507641588,-1.3811724069351443,-0.6798890786690348,-0.4369241172448026,1.5488851313438583
2025-12-10,035420.KS,0,-0.0040899341215414,1.2442576059786092,-0.4115679707811954,1.4638501094227998,-0.2156604579422751,-0.5052174015303215,-1.9741385693337363,-1.156848431219083,0.3763729358233579,0.1607355262131046,-0.5750868059787329,0.1314421776809667,-0.8198083691721583,-0.0446620912640928,-0.2806775568461102,-0.2872428823497172,-0.6234374689612722,-0.7481154580526067,-0.6299746308486248,-0.3815972749430169,-0.1789148195246398,-0.292941583588053,-1.2560879484934229,-0.6409626599652544,-0.4369241172448026,1.371319925474895
2025-12-11,035420.KS,1,0.0041067303782433,1.4734857957770848,-0.4181085386381623,1.4638501094227998,-0.2768203044305256,-0.4597929734391999,-2.0130833358932647,-1.5843974567405223,0.921842068550368,-0.2062356191558298,-0.272827209086164,0.1530611826909163,-0.8169564621973735,-0.0501989086316457,-0.583606447506465,-0.2872428823497172,-0.6587876511919627,-1.056795317470861,-0.7153075154005044,0.0330108025149365,-0.1841656557236534,0.8788247507641588,-1.2449635059661834,-0.5999801706590803,-0.4369241172448026,1.617493802987058
2025-12-12,035420.KS,0,-0.0163598656406206,1.129643511079371,-0.4246491650911012,1.4638501094227998,-0.5837249927038483,-0.5243881353822686,-2.062253776742831,-1.45045178540111,-1.1884926526851332,-0.2671307679041451,-0.0256437510408084,0.1779391969216918,-0.7569592512777227,-0.0413476239555902,-0.2828932652558459,-0.2872428823497172,-0.4304548966609653,-1.634079971064878,-0.3890051087688447,-0.4659700746614412,-0.1679654920431501,-1.464707917940265,-1.356470502721943,-0.6160019205680544,-0.4369241172448026,1.5021609486764873
2025-12-15,035420.KS,0,-0.0374220793242014,1.3837032105245697,-0.4285734896233362,1.4638501094227998,-0.2790650929593191,-0.520105669953746,-1.7796683970282856,-1.2790855427501997,-0.0573166912192153,-0.572707183102468,-0.6428465142492955,0.1014859982186432,-0.8947627999529588,-0.0560693352283679,-0.0369744423873345,-0.2872428823497172,-0.6978189187079729,-1.8158140189704508,-0.7480966451641421,0.0669356536275735,-0.1887224435652056,0.8788247507641588,-1.257978366699407,-0.6022729438807531,-0.4369241172448026,1.255987071164324
2025-12-16,035420.KS,0,-0.0021598032026225,1.4797598552507238,-0.4311897560151767,1.4638501094227998,-0.0299187025028726,-0.4074227124113358,-2.0043335625973198,-2.043127004137857,3.2845294023742064,-0.2693658410643705,-1.2780110757040657,-0.1048583168756201,-1.237451777658264,-0.0876905962936985,-0.6510194848819392,-0.2872428823497172,-1.372550775945289,-1.9729896632738395,-1.6556427174217496,-0.093721310695967,-0.2810613946170677,-0.878824750764159,-1.0005846615651626,-0.4468082537280944,-0.4369241172448026,1.4865196624559285
2025-12-17,035420.KS,0,-0.0021644780492452,1.996114854246292,-0.4508115330058288,1.4638501094227998,-0.6520227941323518,-0.4922764784498593,-0.997327111945782,-2.043127004137857,-1.1025839800086157,-0.0212977477301952,-0.2146210405854085,-0.1321703442551759,-1.224174598860737,-0.0756062465624535,-1.282934429821703,-0.2872428823497172,-1.123969169185027,-1.9330618276433336,-1.5402495373027243,0.2555958863628947,-0.3282878585778769,-0.878824750764159,-1.0015104957936696,-0.3911072153802046,1.891737006866944,1.1407207755185214
2025-12-18,035420.KS,1,0.021691937268172,1.2257001558055256,-0.4652008328510721,1.4638501094227998,-1.292231322177423,-0.4951369525487676,-2.143468821393386,-1.933450481610914,-0.2602296959739022,-0.6407093939643055,-0.2147620180225185,-0.136773070874816,-1.192989496587231,-0.0654163480899615,-0.2249848900167328,-0.2872428823497172,-0.8814311551328116,-1.9248545624909383,-0.934840469437844,-0.7205001804063217,-0.3441606329037872,0.8788247507641588,-0.9920239107475156,-0.3938666951028003,-0.4369241172448026,1.3962261778312055
2025-12-19,035420.KS,1,0.0106157271954485,1.2102135533073028,-0.4521196596313282,1.4638501094227998,-0.2203966978371746,-0.4111296717770747,-1.734716000317817,-1.1973858522128218,1.6259230453990667,-1.2781471212276363,0.5046661389894215,0.0070839914812095,-0.926038682167192,-0.0360469858936935,-0.2251251461878345,-0.2872428823497172,-0.0639691084090522,-1.1749538156823922,0.0395953291324005,-0.1914495356337589,-0.2841418764091417,0.8788247507641588,-0.7439305077371207,-0.5166697928817086,-0.4369241172448026,1.492829423875967
2025-12-22,035420.KS,0,-0.0042017001842949,1.3216906184697217,-0.4364222162674024,1.4638501094227998,-0.2205387948038144,-0.5101836969302069,-1.9378759213936512,-0.930999858767248,-1.276854001891516,-0.2109513607652045,0.1706454031297963,0.1063208456834651,-0.7716438140335032,-0.0239777449812273,0.4906222865484438,-0.2872428823497172,0.2999732716643877,-0.543661418339935,0.5018594944906546,-0.0735363586002791,-0.204095264913259,0.2929415835880526,-0.687709421947528,-0.5688323249812328,-0.4369241172448026,2.012122692515711
2025-12-23,035420.KS,0,-0.0021096811694616,1.241186758303748,-0.4377303479488007,1.4638501094227998,0.5046024825682713,-0.5012981995950103,-2.552221642468956,-1.3838566574943798,0.0351613948705228,-0.2110928427409951,-0.2761976925168642,0.1068764681428202,-0.7810651330233789,-0.0267437448510152,0.1583104610491793,-0.2872428823497172,0.0440433327963515,0.8337059540153564,0.1724078733728465,-0.2487400303754437,-0.1502256368633982,-0.292941583588053,-0.7030394594739171,-0.5598436119045448,-0.4369241172448026,1.2373240215632828
2025-12-24,035420.KS,0,-0.0211416803828486,1.0397285617029393,-0.4403465722744194,1.4638501094227998,0.1679292224111869,-0.5067871380866525,-2.4028239159250977,-1.4770905880359635,-0.3288489020504986,0.5109100477927426,-0.2131095309364163,0.180380655752805,-0.7457980965721261,-0.0390652655568991,-0.2862465046850941,-0.2872428823497172,-0.149476932761442,0.8337059540153564,-0.0716752888093164,-0.3620688778630448,-0.1104115257078831,0.2929415835880526,-0.747278016221842,-0.5883009900430207,-0.4369241172448026,1.2217492940074923
2025-12-26,035420.KS,1,0.0453564128838226,1.213218218920206,-0.4416547115667334,1.4638501094227998,-0.2824623420612316,-0.4958098258786995,-1.9457008894208927,-2.043127004137857,0.0769091475923546,0.1756938980794739,-0.7870497451790495,0.0964044663110601,-0.9202754333033808,-0.0614395136990755,-0.2234811135238643,-0.2872428823497172,-0.7732327433314103,-0.1347571665519892,-0.8026463439131438,-0.0039606380056021,-0.1261997410422611,-1.464707917940265,-1.0288001633143855,-0.6115482524229022,-0.4369241172448026,1.333860708943276
2025-12-29,035420.KS,1,0.0020660926512749,1.3743583033760691,-0.4547358820235605,1.4638501094227998,-0.218873184993053,-0.4586098820748038,-2.079601001622494,-0.9694783260379524,0.6150225359351306,-0.2727483869874671,1.2183060489381623,0.321176433129884,-0.4603712989031951,-0.0034570226956233,-0.7944849460600664,-0.2872428823497172,0.3268655647345873,0.3650175115366529,0.5502749748734816,-0.0275602384309864,-0.0215193807440226,0.2929415835880526,-0.5517123608217044,-0.5430328292523017,-0.4369241172448026,1.252898749119073
2025-12-30,035420.KS,1,0.0185566897541753,1.0707679487613424,-0.4298816261085755,1.4638501094227998,-0.7973711712543889,-0.5055001280612631,-1.857461112164028,-0.8726352281250171,-0.9105431419574668,-0.2094344416329667,-0.0871824281433176,0.3325824244351858,-0.4375764948184408,-0.0006601591291206,1.2006110859380164,-0.2872428823497172,0.2770791159811865,0.219628371174999,0.407666542978654,-0.441745064633354,0.0535035678852438,-0.292941583588053,-0.5654605755748973,-0.5010939352336278,-0.4369241172448026,1.0502941735642617
2026-01-02,035420.KS,1,0.010121472759081,1.222496944006748,-0.4233410358333402,1.4638501094227998,1.2239095472698571,-0.4253099378449488,-1.5741355215541124,-0.3316327826392115,1.788124941476893,-0.7854287082430467,0.4101177623469272,0.4175195206297464,-0.2511485568156927,0.0246401899146361,-0.098198276512827,-0.2872428823497172,0.5671060449669891,0.6376208379673816,0.7932736832570744,-0.0276978654569884,0.1455693320120435,0.2929415835880526,-0.5838878870762773,-0.4198508688661341,-0.4369241172448026,1.224771057387975
2026-01-05,035420.KS,1,0.0420841425922489,1.3247614661445826,-0.4102598314940733,1.4638501094227998,-0.0919460703324045,-0.4649073529310009,-1.3597928482584314,-0.1112985260939564,-0.6702072426905291,1.2271039759304148,0.155740374292909,0.4599069751459669,-0.1494567018175764,0.0395982625412752,0.3965576364625773,-0.2872428823497172,0.5464795907647255,0.8075036057004182,0.8087172972162631,-0.0825684884808172,0.2230973198901477,-1.464707917940265,-0.5846570595069102,-0.369852195485907,-0.4369241172448026,1.3868280943659166
2026-01-06,035420.KS,0,-0.0288461369125433,2.365441139931696,-0.4076436086782509,1.4638501094227998,0.4093032786884078,-0.3010672717727577,-0.0519160798488444,0.3331518470609183,2.419078866522798,-0.0830566632168691,1.1196255324486182,0.6172358676390655,0.2753386333210109,0.1081648897785954,0.1434816890295082,-0.2872428823497172,1.0744266067559518,1.6371673246962193,2.1351733591385718,0.7472636285914218,0.3664589498163382,0.8788247507641588,-0.4119800232666803,-0.3477384050565604,2.4375169578306357,1.0815101873406106
2026-01-07,035420.KS,0,-0.0059405904685044,1.3742921213141113,-0.3854055664520951,1.4638501094227998,0.1529058298115158,-0.3660723476514188,-1.1472675128390517,0.1079023997281188,-0.6270795750911378,0.4160232956329708,-1.019389888833829,0.4508634934233794,-0.0556412521671562,0.0678745355692876,1.1024354367782228,-0.2872428823497172,-0.0210494447530944,0.5146821954379053,0.1100780795302616,-0.805019236364658,0.3633430554942643,-1.464707917940265,-0.1454243855426283,-0.3895250165246768,-0.4369241172448026,1.2341025821884954
2026-01-08,035420.KS,1,0.0119521839671621,1.1481347791904968,-0.407643594938515,1.4638501094227998,1.1244453894084665,-0.4310635300569252,-1.1757652172774566,0.6273547755021789,-0.7572055547861322,0.1607355262131046,-0.3286366954336792,0.4134277396245806,-0.1249260151596178,0.060243441076497,-1.0256363956129737,-0.2872428823497172,-0.3816878514944135,0.3410149422965009,-0.3340252185764334,-0.3742619039415294,0.3273553680601965,-0.292941583588053,-0.2757143513966316,-0.4794756225100258,-0.4369241172448026,1.3369490309885264
2026-01-09,035420.KS,1,0.005905508262409,1.8596739153132344,-0.3984867634292562,1.4638501094227998,-1.0315563736440203,-0.4753725268683627,-0.3986313269249611,0.7690228841276578,-0.7465785806605599,1.1280702955685955,0.210948383246765,0.4554173063603401,-0.0089659656232331,0.0793885670973993,-0.3384172202001078,-0.2872428823497172,-0.2025787475127066,0.2632458157245952,-0.1040028143965936,0.5012036561054122,0.3165699407261333,0.2929415835880526,-0.5315153796440387,-0.5268074419445843,1.891737006866944,2.383550594755884
2026-01-12,035420.KS,1,0.035225089678252,1.2100811891833865,-0.3906380490514207,1.4638501094227998,-0.3353177734043041,-0.4291260118047307,-1.6631755342319094,0.8546138760464476,0.6137396831264831,-1.0186003650246016,0.0286012577277291,0.4547575437965097,0.0307559506800557,0.0906808524041172,0.1984072438469964,-0.2872428823497172,-0.169585186605769,0.2059987848918614,-0.0857206505300747,-0.655307672715066,0.3063417626646325,0.8788247507641588,-0.5373341996888734,-0.5598436056058221,-0.4369241172448026,1.3867615357011485
2026-01-13,035420.KS,0,-0.0189036194419423,1.1449977494536774,-0.382789305662638,1.4638501094227998,0.2085522564126702,-0.3903300129140568,-2.1125658898955373,0.9664407608438113,0.2722070130318587,-0.3253750618175143,0.912779879775835,0.5663958577014875,0.3690124812136832,0.1505331532278222,0.0169930391275615,-0.2872428823497172,0.7262402621896346,0.1105886201656293,0.9459924835528,-0.2376387202969896,0.3708402864560247,0.2929415835880526,-0.4107535691716147,-0.4578974631613923,-0.4369241172448026,1.1593172664547944
2026-01-14,035420.KS,0,-0.0462427464303176,0.9157695596552016,-0.3592431744356344,1.4638501094227998,0.0247570765392652,-0.4013162485722472,-1.7867208814990534,0.5442415978098458,-0.3063707544319931,0.2161411169684785,-0.7195574569801112,0.4270960723375167,0.1206739437927253,0.1252840497871694,0.89664804379084,-0.2872428823497172,0.0165816275769868,0.3968208802507746,0.0947483155131321,-0.395966054991352,0.338391263503264,-1.464707917940265,-0.2728813356526397,-0.4615571123129382,-0.4369241172448026,1.874905349229312
2026-01-15,035420.KS,0,-0.0080808454553458,2.5533052220565917,-0.3880217828663868,1.4638501094227998,0.9159571347633044,-0.3084114972283302,0.2100782694157989,-0.0652474040262805,0.7540882718377443,0.0331413963958555,-1.5440123250676263,0.1806167807929332,-0.407017298905512,0.0551945422864896,-0.727337960586873,-0.2872428823497172,-1.2294418042846431,-0.4900334840133802,-1.96178638641194,1.550531880417906,0.176255239763535,-1.464707917940265,-0.2190102331838465,-0.4007516109489523,2.146434317316668,1.2216161766779556
2026-01-16,035420.KS,0,-0.0305498798289499,1.463672727373358,-0.4102598389516891,1.4638501094227998,-0.7293429135328459,-0.3647223086990356,-1.2472068432287122,-0.134508280048257,-0.580004482847526,0.920484371013785,-0.3931794894885226,0.1449677173380615,-0.5221771513996851,0.0338802122835882,-1.5475747687922714,-0.2872428823497172,-1.2691770838198544,-0.8208845104494679,-1.5119085188733614,-0.8334240128861405,0.0403658954073096,-0.878824750764159,-0.3195238834767193,-0.3092970060910708,-0.4369241172448026,1.1561623857447754
2026-01-19,035420.KS,1,0.0252100684239926,2.513819774392685,-0.4272653799026311,0.8783100656536802,-1.560344939730568,-0.3883685481878072,0.1814606692408511,-0.2439835315136363,-0.4015197701272607,-0.7176948745121537,-1.0707689669586835,0.0029800902106049,-0.8555773040602787,-0.014882944762037,-0.4026298016734985,-0.2872428823497172,-1.7336068490265857,-1.2117308593483778,-2.5280906018819045,0.7081439716223605,-0.1269558877069329,-1.464707917940265,-0.2053429461091023,-0.155361336127051,2.583058278087619,0.9256297944531704
2026-01-20,035420.KS,0,-0.0225409915626503,1.5532744533086664,-0.4285735090032897,1.4638501094227998,-0.400373114469188,-0.4429643628869235,-1.0532693698466165,-0.415106912555959,-0.7227821364565057,-1.5451003521433526,0.6107609809798014,0.1359081338054169,-0.6291158955575793,0.0064692961397837,-1.0767526091025317,-0.2872428823497172,-0.601541860520199,-1.4747072900425644,-0.6528672243562971,-0.7617246049616497,-0.1706308232064896,1.464707917940265,-0.0936404375092249,-0.3156279238325631,-0.4369241172448026,2.57248369980263
2026-01-21,035420.KS,1,0.0293501094018024,1.5777328002905509,-0.4338059919465123,0.8783100656536802,-1.083343463124088,-0.4636761427083622,-0.7101257290617856,-0.6535155923205908,-0.4778637153150438,-0.3901488455741421,-0.8292481999668443,0.028441101020332,-0.8682127518079809,-0.0265953007333813,0.5961743281818591,-0.2872428823497172,-0.7587043394788362,-1.4853825486972896,-0.8709444216586114,-0.1571828744242069,-0.248791084038312,-1.464707917940265,-0.0849234232502922,-0.5158582830132723,-0.4369241172448026,1.476650753707743
2026-01-22,035420.KS,1,0.08350309061804,1.6596516850234946,-0.4272653918788741,0.8783100656536802,0.6115398445461914,-0.4276981468116688,-0.6979781854639504,-0.554586093566008,0.3689204059088835,-1.070163321738969,0.7356105030471465,0.1711324291939234,-0.5876753229026739,0.0069687990743271,-0.8364675059382458,4.271602004859666,0.1038203125141106,-0.4073597756202464,0.3191766363406175,-0.1108598936105038,-0.21957221326195,1.464707917940265,-0.1675676211136743,-0.5433999396936624,-0.4369241172448026,2.532773563905854
2026-01-23,035420.KS,1,0.0244361143256568,1.994703084554753,-0.411567937072604,0.8783100656536802,-0.839904732263514,-0.0096247890503821,0.0093377035113066,0.0094619614543728,4.629788974497303,0.6173845884973027,2.3686798034736984,0.530769488362625,0.2131803386928289,0.1178115792068162,0.7203850975645906,3.6397129536868458,1.979102068025295,0.5702032578904871,3.3099955441124527,0.0863653731830846,0.0102061709315832,1.464707917940265,0.7881579528919779,-0.1196132368005487,-0.4369241172448026,1.566762349852295
2026-01-26,035420.KS,1,0.0330275012474861,1.5035226782630762,-0.3435457062630797,0.8783100656536802,0.737380821200802,-0.2734458046357916,-1.0023453751880695,-0.0973121734490758,-1.0462594019505853,-0.8277781854436443,0.5874211638627239,0.5855923998986006,0.4039777948849988,0.1542356096115679,2.345099320754684,-0.2872428823497172,1.8732093233301716,1.1758382570193058,2.639530403939245,-0.5237132055273793,0.2140644488151876,1.464707917940265,0.4566319392581024,0.0747348313044524,-0.4369241172448026,1.5913598747614257
2026-01-27,035420.KS,0,-0.0142096572272154,1.71443421642939,-0.3527025578290824,0.8783100656536802,2.3834186458348943,-0.0202748704312723,-0.5757419330649127,0.4172289406727086,1.3125920726712377,0.7426809296757907,0.846508104507805,0.6653393782718962,0.66331975377728,0.2024966539924744,0.5729539217809386,-0.2872428823497172,1.9741748479406305,1.2043740508657146,3.0005808926494075,-0.0019054481497081,0.4152511088998557,0.2929415835880526,0.4057783573878806,0.2523312704291895,-0.4369241172448026,1.6737449112170482
2026-01-28,035420.KS,1,0.0342342526875663,1.555883382566545,-0.3147671419974627,1.4638501094227998,0.5880146813551883,-0.2603580399691432,-0.7306225561643791,0.3170889450141524,-0.984797510443328,2.3815947584687205,-0.5780035587815363,0.5179748978365399,0.4181998501784726,0.1812476474972235,0.8307153268841526,3.248855840382938,0.6671494843396182,1.3123618077094257,1.0623878793073651,-0.2995478301288241,0.473669891519885,-1.464707917940265,0.2158533816553667,0.0297473095539655,-0.4369241172448026,2.010702889281287
2026-01-29,035420.KS,0,-0.0418118221538577,1.3545575500896532,-0.3383132785838708,0.8783100656536802,0.8491590823056807,-0.2615183144101472,-1.2763250400739374,0.4542031612395749,-0.2067477238918891,0.5939612414141845,0.8828996140014613,0.5954562390548426,0.7058819445801364,0.2397706226994528,-0.5865082776755868,-0.2872428823497172,0.7615799982705639,1.3287661403537494,1.0904885921077456,-0.3413135947776587,0.5727502990371007,0.8788247507641588,0.2317924592638785,-0.3044166149451524,-0.4369241172448026,1.516727467001716
2026-01-30,035420.KS,0,-0.0254544915888138,1.4187200480107234,-0.3134589901286672,1.4638501094227998,-0.5866649080137913,-0.3736035137417129,-0.5907418330820555,0.013456919004949,-0.8446605078154668,0.8539754182601804,-1.4103907543639287,0.3327581231643307,0.1573311129766613,0.1693254196696836,0.8669206508482106,3.506026656581677,-0.6447999006869001,0.1478207718121165,-0.6870834173239556,-0.1208004922016696,0.4765737780651455,-0.878824750764159,0.5039232792164808,-0.4356273469310902,-0.4369241172448026,1.7288391774746914
2026-02-02,035420.KS,1,0.0037313015157212,1.2819173904432506,-0.3540106547121222,1.4638501094227998,0.8858395839270405,-0.3687836081077486,-1.1126942167773215,-0.4046835560428611,-0.1572697372103799,-0.5756343745587256,-0.9171094283361692,0.1865118913881794,-0.1644345136809056,0.1251218467831825,-1.4146368301569707,3.441733952531992,-1.2667361927069838,-0.4779732235438009,-1.4217518994748952,-0.294405649445654,0.311613875947815,0.8788247507641588,0.699756557662887,-0.35825181079032,-0.4369241172448026,1.5693861249771777
2026-02-03,035420.KS,0,-0.0167286140617417,1.856103032683436,-0.3422376086991813,1.4638501094227998,-1.4256622538777044,-0.3652146798330247,-0.3119376698403291,-0.2352355648836905,-0.1691125224721017,0.8904971679153997,-0.0369654056590621,0.1915324906085241,-0.1429267810021619,0.1298309005387603,-0.9238792204082378,-0.2872428823497172,-0.916406939832588,-0.9830819200593216,-1.1722615145756432,0.3414766687316936,0.1909972331621881,-1.464707917940265,-0.054970726729226,-0.3279453252485688,1.856025479211296,1.3669146667519032
2026-02-04,035420.KS,0,-0.0283554291629133,1.1901058194180067,-0.3644756326115598,1.4638501094227998,-0.928463683911768,-0.3871071789624673,-1.3069678045683564,0.0068982634601771,-0.3870104372825186,-1.4110005683839482,-0.6539667095292016,0.10030527967924,-0.3484783929618744,0.1007800660934151,-0.0482381733775124,-0.2872428823497172,-1.119530128804181,-1.0006723641736752,-1.2045887353584903,-0.6679442502061631,0.0491467977994538,-1.464707917940265,-0.1194688622565476,-0.2628400428264175,-0.4369241172448026,1.4314422753435443
2026-02-05,035420.KS,0,-0.0311283657038183,1.817847518165233,-0.3736324985679303,1.4638501094227998,-0.0413302646051185,-0.4039356765596774,-0.5639894587381641,-0.1739702375736398,-0.3601521657444675,-0.9159538569547118,-1.0045918159779277,-0.0384488717480794,-0.6613592494972449,0.056527917255658,-0.6620827872360987,4.984758849724424,-1.2976436137718947,-2.060019305567555,-1.7238575930710405,0.4110741446566018,-0.1287086430768219,0.8788247507641588,-0.3521873275212672,-0.3858594409863478,1.5204718797299157,1.2938611550968004
2026-02-06,035420.KS,1,0.0040160194369913,1.2664307879450285,-0.4037192194527306,1.4638501094227998,-0.6632312970680582,-0.3624145237395191,-1.2005253689750146,-0.1894991735121191,0.2327219827460218,-0.0326599209789525,-1.0882141288271636,-0.1872289824194492,-0.9724714708628353,0.0165022354508956,-1.0109140323681889,4.277539105177894,-1.6207687574805243,-2.042981732571769,-1.8439381322976685,-0.5885519953663592,-0.3246391638122816,-0.292941583588053,-0.2957690159246243,-0.285814091278345,-0.4369241172448026,1.8713141468271588
2026-02-09,035420.KS,1,0.0160000116208012,1.8508497089344065,-0.3971786515582269,1.4638501094227998,-1.0166407863837963,-0.4180316781480939,-0.1205630984294728,-0.3216114626523723,-0.6688060994036785,-0.6518693868797045,-0.0283792837860867,-0.1690573714533872,-0.9217356116814348,0.0252804358821655,-1.094108518374826,3.570319360631361,-1.135427969492966,-1.8323356517666585,-1.4978132735336542,0.3539520484687116,-0.4314116881687143,-1.464707917940265,-0.7830693645420899,-0.2656517728666502,1.744174279384169,1.201527138946299
2026-02-10,035420.KS,1,0.0137795607202455,1.535864335220927,-0.3958705245157256,1.4638501094227998,-1.1009271604508837,-0.4125079494960321,-0.626073802687233,-0.0353941681180366,-0.1374829169371058,-1.003749331919829,0.3330170658217798,-0.0873540196583886,-0.7404180344271868,0.0504544151136783,-0.0396959796534475,-0.2872428823497172,-0.3693221501816687,-1.4159931910214076,-0.3382898931254868,-0.4096619164715342,-0.4459928806192869,1.464707917940265,-0.7107740288787951,-0.4057851541032506,1.6323230795570425,1.8328409428951804
2026-02-11,035420.KS,0,-0.0077670262480358,0.862310402038805,-0.3840974272828293,0.8783100656536802,-0.0326759586512046,-0.4511001774471061,-1.830343334376012,-0.127086969360268,-0.6230808184222842,-1.0876709174204964,0.2660558364053895,-0.0212546882606785,-0.5955476557440563,0.0702642102405551,0.3198514010140567,-0.2872428823497172,0.1765362799054497,-0.827622990607739,0.2504903472086648,-0.7303137396785877,-0.4061342803819843,0.2929415835880526,-0.66169608890411,-0.5349436137050012,-0.4369241172448026,1.2782864275410102
2026-02-12,035420.KS,0,-0.0117416759604195,1.201907613035609,-0.376248735077764,1.4638501094227998,0.3315903103821158,-0.4205625493635472,-1.2905090797071364,-0.8983307080207833,0.2354529796677939,-0.024043070567494,-0.3837157720378482,-0.0571528544030848,-0.6919196354588616,0.0540997358930391,0.2532327573308475,-0.2872428823497172,-0.0127312575258988,-0.4257782302323098,0.0993638576748955,0.1901594380483344,-0.3882328695791497,-0.878824750764159,-0.6864223531619822,-0.5508791704443837,-0.4369241172448026,1.8660309295325404
2026-02-13,035420.KS,1,0.0019801759790964,1.514725799880796,-0.3958705221435749,1.4638501094227998,0.2640973286852643,-0.4865488659031313,-0.4568526712882628,-1.2955282691667656,-0.9600535155790052,0.3386466664160563,-0.5035776573756916,-0.1091850338061508,-0.82618809208098,0.0323563630234651,-0.3932145023090767,-0.2872428823497172,-0.4253831391833679,0.2236662097529433,-0.4119826778068589,0.1145742503018223,-0.3942511456128633,0.2929415835880526,-0.7051672796940837,-0.5925789552549375,2.359355878433366,1.5492531611221128
2026-02-19,035420.KS,1,0.0059289127091903,1.5282582391692825,-0.3945624173285618,1.4638501094227998,-0.3908342437786478,-0.4881119381105508,-1.1003165014406435,-1.7775145978541227,-0.2309253107743809,0.2714457920533865,-0.0897733820774926,-0.0841863508679733,-0.8353166101163947,0.0206092557314464,-0.5124631526118584,2.4773433917867225,-0.436123623489888,0.1693014425489856,-0.4273768835361159,-0.165947191339751,-0.3793405894226332,-1.464707917940265,-0.8530265311049728,-0.6382158209569837,1.3526950799892254,0.8718664325193314
2026-02-20,035420.KS,1,0.0039292292056367,2.0380828373025226,-0.3945623783062468,1.4638501094227998,-0.5116479759004331,-0.4720287180407691,-0.1906167268415882,-1.5703244732822548,0.1225244361095204,-0.3806512587922168,0.0293070560544982,-0.0484887368490686,-0.7957283253325776,0.019808603353144,-0.1007759746591243,-0.2872428823497172,-0.2806144916842363,-0.1801879115652909,-0.2218564374433943,0.2426981301017204,-0.341416922695363,-0.292941583588053,-1.2061807147409824,-0.6392379323878584,2.527132678174056,1.2133960895624794
2026-02-23,035420.KS,0,-0.0019569253944053,1.9584716689877588,-0.3867136906949689,1.4638501094227998,-0.094557599540885,-0.494797635529611,-0.7652773545463558,-2.043127004137857,-0.5882795153356379,-0.500942113181601,-0.0309965812869605,-0.0082316834832486,-0.7888616677342907,0.0080010836422174,0.0176952264627261,-0.2872428823497172,-0.1249461281455996,-0.7481154580526067,0.0191494126990959,-0.2325794357338775,-0.2954040879265225,-0.292941583588053,-1.2062468099479653,-0.6731845720971393,1.6882486794706055,1.5279943389312045
2026-02-24,035420.KS,0,-0.0078431736773506,2.3250828657054536,-0.3893299149628643,1.4638501094227998,0.0254684797492343,-0.5054751649916115,0.010931306794446,-1.844850791080623,-0.4312583051470169,-0.0856568898155663,-0.2085029375207907,-0.0077572127026354,-0.8271335155336649,-0.0032226388326403,-0.0422998865880025,3.3131485444326225,-0.1693882067512311,-0.4178424857099985,-0.0319230096718977,0.0844380440936589,-0.2611426473762286,-1.464707917940265,-1.3009036656988662,-0.6788165332244,2.24750467860624,1.5416037832949792
2026-02-25,035420.KS,1,0.0404601190238447,2.494103456607895,-0.3919461784632417,0.8783100656536802,-0.0353140406258233,-0.4732815026810704,0.3791138344759535,-1.6344259280308977,0.5978352227406233,0.0338497206768757,-0.3860121189116038,-0.0402053891971536,-0.8816936020991846,-0.0081515089758516,-0.2188980882714357,4.020368288979153,-0.4029588028440146,-0.0975844125359117,-0.4448076983164802,-0.068869817806418,-0.2505306568010169,-0.292941583588053,-1.4073495189579162,-0.6867036510370983,2.415281478346929,2.0543294904393905
2026-02-26,035420.KS,0,-0.0230326295585412,2.535309940353532,-0.376993323696645,0.2927700218845601,-0.2142300097139332,-0.3656733903572574,0.5028138098907448,-0.8528306224138585,1.6561794809457682,-0.0266697350128588,1.070650518088101,0.1686688944187236,-0.4551954571585826,0.0452808898125514,-0.3954991006578389,-0.2872428823497172,0.5015027527182294,1.0109611981305462,1.2007019901917677,-0.1519360328192971,-0.1330222160256188,-0.878824750764159,-0.8074482970687402,-0.5287536570940357,2.303430278519803,1.9742653022455672
2026-02-27,035420.KS,0,-0.0726915520628683,2.8198858327464564,-0.3703840211351761,0.8783100656536802,-0.3931488263941526,-0.4369090676928674,1.4888331796925716,-0.9351498426843676,-0.8095924622598635,-0.204811361858873,-0.8440743258786704,0.1100879466661017,-0.6492812493978706,0.009032946749788,1.0537109874289587,-0.2872428823497172,-0.2264219233490415,-0.0134041225138749,-0.1111354891483346,0.250711122514119,-0.1168260881099973,-0.878824750764159,-0.6819521335864633,-0.5350580882082191,4.412205689340532,2.3429626655591638
2026-03-03,035420.KS,0,-0.1186440677966101,2.8198858327464564,-0.3981430918933457,1.4638501094227998,1.0750814548354797,-0.4089488483120762,0.964555150274065,-1.4033917587689215,0.1589127938322198,-0.3829558239727149,-2.34161813626009,-0.2229981870653072,-1.3268573545083568,-0.0755590045857299,-0.8512177787144588,-0.2872428823497172,-1.9316994551328497,-1.1373293188191005,-2.5280906018819045,-0.3204783006701178,-0.2906420902369318,0.8788247507641588,0.1971691568262221,-0.2448321442541659,3.869347076099576,2.512945052265762
2026-03-04,035420.KS,1,0.0576923076923077,1.7561011710793462,-0.464236117508035,0.8783100656536802,-0.8548485953544919,-0.3473946626638585,-1.0475022817925752,-1.927433723504265,0.460445162438602,1.0789200064291091,-2.6155589853821524,-0.7864674471102394,-1.5815319864759392,-0.1800536428278641,-2.3410998847227398,3.184563136333253,-2.256570635605031,-1.5809056977644829,-2.5280906018819045,-0.8329496146793867,-0.6695207392131375,-0.292941583588053,1.2820403167856438,0.4180505713821791,-0.4369241172448026,2.5543860176385134
2026-03-05,035420.KS,1,0.0113636363636364,2.709484061089034,-0.4682016990449164,1.4638501094227998,-2.364284695396682,-0.3903672880859348,0.4807817624906049,-1.3962920154249865,-0.538778332615524,-0.8426573720023348,1.5903145820341709,-0.5447186432098705,-1.5815319864759392,-0.0886060788385942,-2.6136392030267053,5.1597207973470205,-2.163655317995489,-1.04759209608081,-2.5280906018819045,0.5487132464956709,-0.7531818176536748,-0.878824750764159,1.7584878724153568,0.4894641383599351,2.4712070782604925,2.759985837723474
2026-03-06,035420.KS,0,-0.0179775280898876,2.2060702068038665,-0.4893514672416169,1.4638501094227998,-2.640400962630117,-0.4614043904149946,-0.1550431773671771,-1.459260125989171,-0.8873850200212363,-2.3455606838313545,0.1931997939434453,-0.4850402299117562,-1.5641282138314636,-0.0539906111278683,1.570716356247916,-0.2872428823497172,-0.9756000809040644,-1.3533341017603977,-1.379397477380985,-0.4684267961765643,-0.7414448155551328,0.2929415835880526,1.803706429495384,0.2382670317349338,1.9119510791248584,2.759985837723474
2026-03-09,035420.KS,1,0.0091533180778031,2.5007761251744127,-0.5065356539014362,1.4638501094227998,1.5988722732256588,-0.4729472686398973,-0.2739165990743671,-1.7007378839725649,-0.3791378843269595,-2.620481929231141,-0.6916296989423406,-0.5445898529205099,-1.5815319864759392,-0.055790684221345,0.1807494595293737,-0.2872428823497172,-0.5892892924146164,-1.327920316744355,-0.7816868587968459,0.0181225379893018,-0.7343924955849619,1.464707917940265,1.7975521083118449,-0.1908685630503042,2.0238022789519854,1.7707432340182123
2026-03-10,035420.KS,1,0.0068027210884353,2.421599981335928,-0.4615923964834474,1.4638501094227998,0.1906627220741522,-0.4734788351818915,-0.2518680490673583,-1.568748153411604,-0.2092405599554543,1.6004438759339064,0.1265441296439614,-0.4853549793589075,-1.47795638857318,-0.0268658337015033,-0.6995530859989264,-0.2872428823497172,0.0677871264143954,-0.8809024085675696,0.3919647467787653,-0.2254984191698894,-0.6687423787715208,-1.464707917940265,1.5737500927577224,-0.4318359445740226,2.583058278087619,2.729551259855852
2026-03-11,035420.KS,0,0.0,1.326161110009738,-0.4602705359711536,1.4638501094227998,-0.701193375680783,-0.4936538525282864,-1.912029074081463,-1.435871754501267,-0.548775844219189,0.1983290079274359,0.055658137870334,-0.4434465692908692,-1.349410227822308,-0.0026156920810062,0.1144348176367921,3.3131485444326225,-0.1030022285129912,0.9432674266091404,0.0025471419017745,-0.8605070866179328,-0.5734587700127255,-0.878824750764159,1.6314399604028746,-0.6607798579230351,-0.4369241172448026,2.2232727762955125
2026-03-12,035420.KS,1,0.0045045045045044,1.2594218471721377,-0.4695235595572101,1.4638501094227998,0.123477732046843,-0.4999987645123282,-1.806402498872064,-1.4577889063851417,-0.3356240928512186,-0.6896671669045649,-0.1494887389844721,-0.4399158768075933,-1.3004992043460162,0.0116991371647334,0.0439114913888082,-0.2872428823497172,-0.1544446462634866,0.1105875489042499,-0.0650338521815617,-0.2363962665462273,-0.4785291745655612,0.8788247507641588,1.3373122511643178,-0.6590613510197602,-0.4369241172448026,2.519655691026299
2026-03-13,035420.KS,0,-0.022421524663677,1.2808093464791606,-0.4880296067293231,1.4638501094227998,0.0520288206836722,-0.4994165941006329,-1.7103419842437615,-1.479482333200191,-0.1866683405406886,0.1314347922568153,-0.0136482394454804,-0.4109696388877109,-1.2073580419062797,0.0300215414431025,-0.1601858170242346,-0.2872428823497172,-0.0394810344048704,-0.1588088821178232,0.0764410925939505,-0.1576553796724046,-0.3777904034437533,0.8788247507641588,-0.4618825201806614,-0.6524893065653385,-0.4369241172448026,2.4400290027746947
2026-03-16,035420.KS,1,0.0275229357798165,1.490612840681384,-0.4734891410940915,0.8783100656536802,-0.1547471678309379,-0.5191080508082098,-1.6164518675157304,-1.6321462540216944,-0.6510887187027943,0.0602951093571642,-0.8256454855686967,-0.4930600513323905,-1.358999782181193,0.0147161314628051,-0.025040301993978,-0.2872428823497172,-0.6658564299362049,-0.3714902750297149,-0.7278442412353293,0.0124380150806464,-0.3383520497365537,-1.464707917940265,-1.0168238366298028,-0.6415869814721038,-0.4369241172448026,1.3383566393956918
2026-03-17,035420.KS,1,0.0111607142857141,1.358242358970273,-0.4748110016063853,0.8783100656536802,-0.0178279321928867,-0.5097787530175317,-1.7348214968800937,-1.3692588108406163,0.0836098973889014,-0.1455859596967962,0.6805091756299279,-0.3400674093031171,-1.0300597738406274,0.0584131565182006,-0.8328832236770868,-0.2872428823497172,0.0108764758705705,0.2236675322964681,0.1483112028384343,-0.2876439145302173,-0.2280887666964171,0.2929415835880526,-0.817086499374461,-0.6231562019253499,-0.4369241172448026,1.2712376030486805
2026-03-18,035420.KS,0,-0.0264900662251655,2.574810183210261,-0.4563049544342722,1.4638501094227998,-0.8362734080024089,-0.501518236064157,-0.3693698878345067,-1.2277647912789322,0.0173375995517187,-0.0092593058637698,0.1870803558554409,-0.2548940327732891,-0.8626936469799258,0.077598409456429,0.665565678481747,4.470417217326945,0.2128383449855271,0.3211502765999121,0.6838270954325713,0.8896956146745051,-0.1140591950929126,-0.878824750764159,-0.9328954952239044,-0.5767088746646847,2.8067606777418725,1.2927468059125606
2026-03-19,035420.KS,1,0.0045351473922903,2.5948531602627893,-0.4748110016063853,1.4638501094227998,0.6818419233153299,-0.5256152792225205,-0.2751844375035075,-1.7739697628374391,-0.7669243501844183,-0.8241625774307,-0.948338828988618,-0.3449581697450674,-1.068210199115328,0.0479842608955327,0.1746613295909106,-0.2872428823497172,-0.5110129453001363,-0.4106835940482321,-0.6512462251944322,-0.1651414330631222,-0.089064887576845,0.8788247507641588,-0.7022236869961813,-0.5682015803311027,2.527132678174056,1.5037441672012957
2026-03-20,035420.KS,0,-0.0564334085778781,2.563568654412948,-0.4734891410940915,1.4638501094227998,0.1844946883258411,-0.5031271680284932,-0.053879217471274,-1.6091730201054395,0.5668614571415259,0.6873824022554669,-0.0127241544145991,-0.2878470692919861,-0.9612872055821592,0.0591617771240963,-0.9549488458114478,-0.2872428823497172,-0.3458786722206708,-0.4106835940482321,-0.3444676287165484,-0.1957850407419905,-0.0506908417912509,0.8788247507641588,-0.7088005172684608,-0.5682015803311027,3.030463077396126,1.3706204436915126
2026-03-23,035420.KS,1,0.0215311004784688,2.392892240402616,-0.4906733277539107,1.4638501094227998,-0.9599410833712744,-0.5009560586991963,-0.4243709481294341,-1.4720955451601694,-0.1479491481015865,0.1921876692198545,-1.8513279544278407,-0.5055355976512644,-1.4375048566239657,-0.0057443160087721,-0.0241209447488704,-0.2872428823497172,-1.7194970260072668,-0.884415340673226,-2.5280906018819045,-0.2796670717903221,-0.1418181419065485,0.8788247507641588,-0.1549493973931972,-0.3752515578839941,3.0863886773096896,2.5941110329187675
2026-03-24,035420.KS,1,0.009367681498829,1.556244059554894,-0.4906733277539107,1.4638501094227998,-0.0168965088211955,-0.5262523457964363,-1.7898573260489403,-0.222657316592059,-0.790857139561339,-0.947295023297649,0.4998158497210483,-0.3575322860356106,-1.1481180580259949,0.0272905453456261,-1.853318115936046,3.377441248482307,-0.8784075579463774,-1.027146434939432,-1.0277979364049277,-0.7031659131879098,-0.1380952095258762,-0.292941583588053,-0.0428597272036071,-0.3645486713506639,-0.4369241172448026,2.614268062650493
2026-03-25,035420.KS,0,-0.0185614849187935,1.2774852145868896,-0.4880296067293231,0.8783100656536802,-1.870101022890063,-0.526557098565306,-1.913678634215195,-0.7681359226561261,-0.2106184534982509,-0.0083319136608203,0.1330085996352609,-0.2481733692213674,-0.9751507585886602,0.0388310963414863,0.4857968122352264,-0.2872428823497172,-0.3349481456049165,-1.0783832380093517,-0.2840234981427262,-0.4044260713126775,-0.1001048534504248,0.2929415835880526,-0.0734476203260061,-0.4634858657890032,-0.4369241172448026,2.582805535257236
2026-03-26,035420.KS,0,0.0,1.7100020405730283,-0.4880296067293231,1.4638501094227998,0.4997136761997518,-0.5323113685076801,-1.7078944030919303,-1.1391138246455368,-0.3998627060627789,-1.853515821487552,-0.7092398461335482,-0.2628577975213225,-1.07526123521896,0.0131945603338748,0.1208662142330703,-0.2872428823497172,-0.6258352346803041,-0.9866416649449952,-0.7124837406966277,0.2141986758231902,-0.1029213621933229,0.8788247507641588,-0.2139035536036852,-0.4862978197723349,-0.4369241172448026,2.411157903136807
2026-03-27,035420.KS,0,-0.0212765957446808,2.4890361933682508,-0.5105012354383175,1.4638501094227998,0.1299935376645908,-0.5295528928336382,0.0408790008395388,-0.9400185042544286,-0.0925796728080997,0.5060424000122679,-0.1494887389844721,-0.103300170083993,-0.9655993046731156,-0.0112276493761208,-0.7170731364992651,-0.2872428823497172,-0.3627630065425186,-1.1007203166685309,-0.3721292069261047,0.4251707039248021,-0.0908279342294091,0.0,-0.2708597022168078,-0.6143074686684954,2.974537477482563,1.5697488543640667
2026-03-30,035420.KS,0,-0.0265700483091787,1.9884735143945476,-0.5171105379997865,1.4638501094227998,-0.718943368511173,-0.5363093001242004,-1.054604977207737,-1.308159742659403,-0.4488123495295999,0.1379223976889854,-0.7911183325516321,-0.0307832570829178,-1.071988092707527,-0.064777171695295,-0.1601858170242346,-0.2872428823497172,-0.910153347845021,-0.5254873576749489,-1.203591702700904,-0.4837958353013358,-0.1152439038536223,0.8788247507641588,-0.2993725202533152,-0.5744882316234571,1.856025479211296,1.2894037583598403
2026-03-31,035420.KS,1,0.0446650124069478,1.3405396685438702,-0.5250417010735492,1.4638501094227998,-0.1547471678309379,-0.478550065838367,-2.0906776367610664,-1.6378990578295596,2.261206903282585,-0.7073403383683909,-0.9507508159753448,-0.1111646900733962,-1.2582095430246911,-0.0914685600471658,-0.7985327178054541,-0.2872428823497172,-1.335985373548898,-1.7022259348471622,-1.5362924676580876,-0.635191491086104,-0.171209166799766,0.8788247507641588,-0.2981612348845316,-0.4526050425765213,-0.4369241172448026,1.7243817807377304
2026-04-01,035420.KS,0,-0.069833729216152,1.315467360356226,-0.5091793749260237,0.8783100656536802,-0.8014720680787616,-0.5141361076550094,-2.125643357690187,-1.046888375676049,-0.8461125654693612,-0.1455859596967962,1.1974557676106052,0.1011002649463278,-0.8305485065305923,-0.0385556246561203,-0.9573484926374956,-0.2872428823497172,0.015340875727186,-0.6858888558557131,0.1480789860389354,-0.1992816383062992,-0.097862594454409,-1.464707917940265,-0.2970640421946499,-0.5119285371453878,-0.4369241172448026,2.507848954240389
2026-04-02,035420.KS,1,0.0086823289070478,1.4249816218078732,-0.501248211852261,1.4638501094227998,-0.9623722244206104,-0.4137088877609031,-1.97291529312515,-1.5657358709682028,2.6204916328748453,-0.7895118565251411,-2.2554359418136896,-0.2733689580136787,-1.4853304963523406,-0.1042045092168656,1.179867478412268,-0.2872428823497172,-1.5723379275232978,-1.160052294149701,-1.8842794331290065,-0.0795161230744895,-0.1857180342665343,-0.878824750764159,0.2476143230778982,-0.3838782016508671,-0.4369241172448026,2.004437870336942
2026-04-03,035420.KS,0,-0.0035443037974683,2.026604830214805,-0.5345590967620645,1.4638501094227998,1.202893689761265,-0.5047243526659345,-0.7364927847014477,-1.3386888294613797,-1.2048935542513697,-0.9497156424510328,0.1123407019042681,-0.240824932399162,-1.3473164529262465,-0.0755735241405231,-2.2553586139351327,-0.2872428823497172,-0.962047614486258,-1.025722538442397,-1.2972102358961126,0.3373331165187621,-0.2047016443446805,-0.878824750764159,0.2437159051062128,-0.4033597101192859,2.4712070782604925,1.3528170177672425
2026-04-06,035420.KS,0,-0.0045731707317072,1.8214450188063709,-0.5393177946063221,1.4638501094227998,-2.27741811120966,-0.4981681017528508,-1.287542117268304,-1.6995764246344325,-0.0392386732789319,1.2061790743398757,-0.2563728586217368,-0.2659925254448109,-1.3326809839083302,-0.0629679736273509,0.1003040571964942,3.570319360631361,-0.7800960544997593,-0.8870033488826105,-0.9598009263605102,-0.3204984708231977,-0.2033522029948701,-0.878824750764159,0.2425513072759215,-0.4140115689657077,1.856025479211296,1.3276020379637512
2026-04-07,035420.KS,1,0.0285860132720776,1.8672572532412672,-0.5390534225038633,1.4638501094227998,0.109161512096541,-0.5036408876700126,-0.8924845419275446,-1.882035802125458,-0.3235099452030597,-2.259070055272583,-0.2873999778457045,-0.2859416560338097,-1.3211484239761402,-0.0527567371519068,-0.2665230982176641,-0.2872428823497172,-0.7517610359969346,-0.6668373369146315,-0.928472839703158,-0.1430053605143743,-0.1910240516507153,-0.878824750764159,0.2328460112463127,-0.3993503168800542,1.967876679038422,1.437739480038524
2026-04-08,035420.KS,0,0.0,1.6296555158839487,-0.5250417010735492,1.4638501094227998,-0.2624800752646271,-0.5001125102640894,-1.157609176471666,-1.3625765573542818,-0.1147708582791647,0.1171805324205889,0.712567968656552,-0.1366345622302102,-0.9973544407934848,-0.0090748142802672,-0.297391477100684,3.248855840382938,0.3030099574483188,-0.998770211892493,0.5902212623909244,-0.351619296409857,-0.1067642907026117,-0.878824750764159,0.3713046187305318,-0.6197229358416275,1.3526950799892254,2.0427861688299456
2026-04-09,035420.KS,1,0.0024813895781636,1.611902808851026,-0.5316510036350182,1.4638501094227998,-0.2937535869390812,-0.4370389660191092,-1.381750668963897,-1.4219452494485765,1.25717437166821,-0.2528526027633925,-0.1494887389844721,-0.1112218243621441,-0.9487373503959076,-0.0035549863639204,0.6974604529380783,-0.2872428823497172,0.1374918251426183,0.9510640546764856,0.357063180192796,-0.191252471277381,-0.0380894998386445,0.8788247507641588,0.2879295137127965,-0.6013643271065481,1.4925090797731335,1.836458914775969
2026-04-10,035420.KS,0,-0.0148514851485148,1.4540088318780966,-0.5250417010735492,1.4638501094227998,0.714155301516828,-0.5198597667744171,-1.2418040451416217,-0.8938504230424181,-1.2645003193686537,-0.2839907637406918,-0.0746584886180815,-0.0649765284330174,-0.873463977556554,0.0026230773723232,-0.1601858170242346,-0.2872428823497172,0.078989177816453,0.8441388697383088,0.249975218623744,-0.3033886048298609,0.0221891507745207,-0.878824750764159,-0.0301073702854259,-0.5866198511749627,1.5763974796434788,1.882531839429869
2026-04-13,035420.KS,1,0.0125628140703517,2.235245394306556,-0.5377315619915696,1.4638501094227998,-0.1547471678309379,-0.5210360808348353,-0.4468964822233874,-1.341443360484282,-0.2363254520629483,0.7195559292527726,-0.5973589008308559,-0.1160481922939089,-0.9779470927293976,-0.010477291097233,-0.0857384117222092,-0.2872428823497172,-0.4080407535137371,0.1487520432990182,-0.4367625927806929,0.4837912706684915,0.038629701330711,0.2929415835880526,-1.010556008229541,-0.607330104942561,3.254165477050379,1.643578051693182
2026-04-14,035420.KS,1,0.0471464019851115,1.8722403102647227,-0.5223979800489617,1.4638501094227998,-0.0793226757424848,-0.5087531210155539,-0.8875980318202763,-1.3046234650040964,0.1858193258347395,-0.1455859596967962,0.2293629054584483,-0.0067371201872837,-0.7975428965628626,0.004980066352857,-0.6057645943022143,-0.2872428823497172,-0.2132849751780939,0.6501545386235852,-0.1197025161115317,-0.4156615380377779,0.0818421079636885,-0.878824750764159,-0.9889950617844014,-0.6836628105848218,1.4086206799027885,1.625724324547588
2026-04-15,035420.KS,1,0.0355450236966825,2.3556684173064704,-0.5157886774874927,1.4638501094227998,-0.6061739546375868,-0.467092242778386,-0.4755859176570857,-0.5242008943814442,0.8805471898033206,-0.0704879022503171,1.272286017976996,0.2876027794684002,-0.2782311454262911,0.0569417410725455,0.2167275540400526,3.055977728233884,0.8445088390607723,0.8984996912484029,1.7297228474827928,0.1772771560077642,0.2096753577549152,1.464707917940265,-0.5666531300581097,-0.4926920962024316,2.8067606777418725,1.4669318667224536
2026-04-16,035420.KS,0,-0.0091533180778031,2.071756280042938,-0.4800984436555604,1.4638501094227998,0.2271130119636307,-0.4941668944394079,-0.9701888321144304,-0.1747865797762957,-0.641357239856815,-0.5950589866908388,0.9224279990838884,0.4784896528118118,0.1069580324199923,0.1045617443127553,1.2543148837142932,3.055977728233884,1.387688597489439,1.139369571720685,2.4469656803307327,-0.3574841424816588,0.3630970572122862,0.8788247507641588,-0.5232716749316954,-0.2963052737768218,1.6323230795570425,2.252613982463595
2026-04-17,035420.KS,0,-0.0138568129330254,1.0529303661105975,-0.482742164680148,1.4638501094227998,1.278318181849718,-0.4524834251889806,-2.4213881570229785,-0.0419232244053571,0.6956132656264618,0.2346215421993364,-0.4255216076129058,0.4574783507977782,0.0189438923233885,0.0865195150049799,0.9062468015794624,-0.2872428823497172,0.702927557479757,0.8583000921495917,0.8761059596133062,-0.8793979538568408,0.4279460314978946,0.2929415835880526,-0.4664867399616963,-0.2628639643775476,-0.4369241172448026,1.887543252071485
2026-04-20,035420.KS,1,0.0023419203747072,1.7115942458512807,-0.4893514672416169,1.4638501094227998,0.9256818716826076,-0.5274593836348873,-0.9839899135023914,0.1019024540159866,-1.281143655375217,1.2812771317863547,-0.5673629777510754,0.3718528120815391,-0.1450665543524522,0.0675935347963209,-0.4348064516852613,-0.2872428823497172,-0.096332409534889,0.8583000921495917,0.042857856339634,0.4766126292820346,0.4226959717646318,-0.878824750764159,-0.374000713014426,-0.3809816536697148,2.079727878865549,2.373722261370064
2026-04-21,035420.KS,0,0.0,2.088433851778306,-0.4919951882662045,1.4638501094227998,-0.4329720677087189,-0.5175162880139508,-0.4584512037326427,-0.2945641700748504,0.1511030984582561,0.9301670196017432,-0.0788644043295388,0.3820964327549354,-0.121045043192024,0.0710899589576623,-0.5759221357778235,5.1597207973470205,-0.3616771808677087,0.7890674492565135,-0.352459830260442,0.1140549268013541,0.4078943506826578,-0.878824750764159,-0.3736654660717236,-0.5894701149701266,2.191579078692676,2.0881945487443145
2026-04-22,035420.KS,1,0.0163551401869159,2.0233504120485963,-0.4919951882662045,1.4638501094227998,-0.5759398280385277,-0.537988377184707,-0.419509069318769,0.9764330074431484,-0.8065968479700711,-0.4226067116504078,-0.1494887389844721,0.3880867695994595,-0.1170983750547619,0.0703053602128253,-0.0899228092099083,-0.2872428823497172,-0.44019865265377,0.1693021556657032,-0.4733791556550129,-0.2217827380706117,0.3817750642567943,0.2929415835880526,-0.4764498258762589,-0.6310312849650577,1.967876679038422,1.06357110160046
2026-04-23,035420.KS,0,-0.0160919540229884,2.1183657441619634,-0.4774547226309729,1.4638501094227998,-0.0835619914570557,-0.4887526192465881,-0.4167083299559392,1.0478625468783354,1.983523695670435,-0.564955712365603,0.3437265327061736,0.4493353791623352,0.0442745279477605,0.0962014248971717,-0.1601858170242346,3.8426178719006137,0.045893965645962,-0.4830823639033537,0.3073757175033185,-0.1106889698623897,0.3841345059569965,0.8788247507641588,-0.4708021460308566,-0.6509142900058404,2.583058278087619,1.7259830463106358
2026-04-24,035420.KS,1,0.0046728971962617,2.077382646808272,-0.4893514672416169,1.4638501094227998,-0.1547471678309379,-0.5253997609560256,-0.2144487856978643,0.7427878657972454,-0.9404379412895272,-0.0747088703503508,-0.6347672131996326,0.3573901284946295,-0.1394249173907729,0.0737796730503458,0.3305060763332934,3.5804044906783705,-0.3485475809333044,-0.7253966140287388,-0.330930567424092,-0.2050047795496211,0.3327603597135182,0.2929415835880526,-0.7317847141295061,-0.6590613510197602,2.24750467860624,2.10496702263588
2026-04-27,035420.KS,1,0.0209302325581395,2.3618167481031263,-0.4893514672416169,1.4638501094227998,0.3423848232474143,-0.5273604349968111,-0.1420463196185031,0.876592206886467,-0.2667008570195472,-0.1455859596967962,-0.0085700899300009,0.3616887906576628,-0.1098706729203374,0.0807605878632001,-0.6429815189943964,4.891471396789586,-0.2563581392173449,0.065688143733736,-0.1813990968803554,0.0185778505581345,0.2947777117989014,-0.878824750764159,-1.1328195329749426,-0.6656858808278676,3.310091076963944,2.0395132317027
2026-04-28,035420.KS,1,0.0022779043280183,2.063721614357041,-0.4906733277539107,0.8783100656536802,-0.6438793337654968,-0.4935098348187575,-0.4929147716953209,0.832178568328913,0.9932633980073932,0.3493944609960221,0.4816957216641514,0.4314696892812042,0.0693065398872094,0.1090728055932128,-0.019988133207797,4.498151324956221,0.1885386385156297,0.5685614816417465,0.5267636934540602,-0.3661718627511217,0.3015811986808956,0.2929415835880526,-0.9958442395944708,-0.6151662332152225,1.856025479211296,2.135069239643013
2026-04-29,035420.KS,0,-0.0409090909090908,2.394358467967981,-0.4708454200695039,1.4638501094227998,-0.0127094560942649,-0.50314038377125,0.2924577704091307,0.8526584608072589,-0.4054579711140941,-0.6326011782175425,-0.0807949100604222,0.4132245058450067,0.0692160267064386,0.1150595300564253,0.4677693900233359,-0.2872428823497172,0.094903916770311,0.6096617063746207,0.4351355998552369,0.0513050499107067,0.2950153542248098,0.2929415835880526,-1.1040633630087056,-0.6020223029844743,2.8626862776554365,2.0938529318214987
2026-04-30,035420.KS,0,-0.0094786729857819,2.077382646808272,-0.4708454200695039,1.4638501094227998,0.4814496526454084,-0.4225052635487913,-0.1495951918072111,0.0473000455488115,1.737111106284101,-0.00416298235599,-1.3831674575249635,0.2052030067778321,-0.4206141448657169,0.043178581252464,-0.0918434381251031,5.1597207973470205,-0.9110806305138712,-0.9415147290052988,-1.2324064386126523,-0.3763557823805649,0.1840007855925892,-0.878824750764159,-0.5840687654975409,-0.5377324598069299,1.856025479211296,2.3799055786658867
2026-05-04,035420.KS,0,-0.0047846889952153,2.154129186553261,-0.4959607698030859,1.4638501094227998,-0.0855078277132862,-0.4802508302716027,0.4762639161130613,0.1202706111587567,-0.8733926211856514,0.4878574225320163,-0.4353332024693672,0.1648118471196749,-0.5492014974641394,0.0197595831369165,-1.3875528126172134,5.088131432706269,-1.0456076415675404,-0.8322999596721048,-1.47656799008378,-0.1243350868907886,0.0832125351816758,-1.464707917940265,-0.574349511824067,-0.4756422367839568,2.4712070782604925,2.0801141625476607
2026-05-06,035420.KS,0,-0.0024038461538461,2.8198858327464564,-0.5038919328768486,0.8783100656536802,-1.3982227714892512,-0.4843504214477904,1.4495623104464848,-0.0834741438450146,-0.2758012956207973,-0.0766462850933028,-0.2937786475857,0.1538010309687325,-0.6266528533026796,0.0015236124656806,-0.444567848651886,3.8426178719006137,-0.99773513076925,-1.0567969855237302,-1.8856617253570136,0.761523052545412,0.0038445371782778,-0.878824750764159,-0.6798986115956565,-0.4266423488976957,4.412205689340532,2.4126324741324767
2026-05-07,035420.KS,1,0.036144578313253,2.7340485941130046,-0.50785751441373,1.4638501094227998,-0.4428615783678822,-0.4645664545409161,0.1825056485650437,-0.7735907087170026,0.1810178717836217,-1.3836798431440207,-0.2219805440269153,0.1623425566740388,-0.6798856578698096,-0.0158271301428267,-0.303737512415227,4.432597979650662,-0.7515863422749937,-2.032495597878885,-1.1286977479620848,-0.5666472306270661,-0.0530603730596536,-0.292941583588053,-0.7077711654426885,-0.4632155704276789,3.198239877136816,2.0938529318214987
2026-05-08,035420.KS,0,-0.0162790697674418,2.8198858327464564,-0.5052137933891424,0.8783100656536802,-0.3001829109488701,-0.4049195151871254,0.9196949246229488,-0.7735907087170026,0.7505913998635594,-0.4324534208430723,0.9405085223766052,0.3395439822043112,-0.3421993982262906,0.0230585719823049,-0.2323067409105739,5.1597207973470205,0.3897671078280316,-0.7481135749776827,1.124196174601804,-0.0603633514413453,-0.0124266745678032,0.2929415835880526,-0.3923757969800508,-0.5803222950444715,3.9811982759267033,2.171036190545616
2026-05-11,035420.KS,0,-0.0354609929078014,2.789466866263383,-0.4906733277539107,0.8783100656536802,-0.2278146445416292,-0.4910707960722039,-0.0644762639411749,-0.876890719740312,-1.1032216888994806,-0.2903922618543672,-0.6404099861556243,0.2647278180320198,-0.5397650221091523,-0.0083054575942236,0.9242348216522932,4.432597979650662,-0.0946846465657647,-0.2052565426383547,0.1356233221027912,-0.2579531207389877,-0.0235942567921571,-1.464707917940265,-0.4641023573398671,-0.5778299281596476,2.583058278087619,2.759985837723474
2026-05-12,035420.KS,0,-0.0354609929078014,2.8198858327464564,-0.4972826303153796,0.8783100656536802,0.9439059759635564,-0.4671905136860645,0.932845275537318,-1.1450064786884635,0.2950181318911999,-0.2183372028480752,-1.2188713949297387,0.0906329700487219,-0.9141563706747036,-0.0581119311558813,-0.6485954225056787,4.498151324956221,-0.9721656866006008,-0.7481135749776827,-1.7801017043731155,0.1757188458393631,-0.1069870774112382,-1.464707917940265,-0.3311898385937784,-0.5166947722423381,4.412205689340532,2.7542555750487723
2025-05-12,066570.KS,1,0.0027473041785233,-0.7106215094632428,-0.8740234394008811,0.8783100656536802,0.9439059759635564,-0.5405298661763922,0.2496640296492996,-1.1450064786884635,0.2950181318911999,-0.2183372028480752,-1.2188713949297387,-3.358243808522607,-0.9141563706747036,-0.7012056631935107,-0.6485954225056787,-0.2872428823497172,-0.9721656866006008,-0.7481135749776827,-1.7801017043731155,0.1757188458393631,-0.0639991524041028,-1.464707917940265,-0.3311898385937784,-0.5166947722423381,-0.4369241172448026,2.7542555750487723
2025-05-13,066570.KS,0,-0.0068493886707321,-0.9229310235588642,-0.8698528725559711,-0.2927700218845597,0.9439059759635564,-0.5362560982879744,0.3757641425739701,-1.1450064786884635,0.0019079814451595,-0.2183372028480752,-0.0666394108013224,-3.4399382632596143,-0.9141563706747036,-0.5273797172374148,-0.6485954225056787,-0.2872428823497172,-0.9721656866006008,-0.7481135749776827,-1.7801017043731155,-1.0611110733889964,-0.0620148483755157,0.2929415835880526,-0.3311898385937784,-0.5166947722423381,-0.4369241172448026,2.7542555750487723
2025-05-14,066570.KS,0,-0.0124137525518621,-0.8273917422158346,-0.8685495876217972,0.2927700218845601,0.9439059759635564,-0.5282236376134536,0.4855479921075082,-1.1450064786884635,0.1417649935521897,-0.2183372028480752,-0.3560429510267846,-3.4927626818255297,-0.9141563706747036,-0.3168194163903218,-0.0777603609546431,-0.2872428823497172,-0.9721656866006008,-0.7481135749776827,-1.7801017043731155,0.4692542629310213,-0.0658403889434169,-1.464707917940265,-0.3311898385937784,-0.5166947722423381,-0.4369241172448026,2.7542555750487723
2025-05-15,066570.KS,0,-0.004189967163964,-0.7212369851680239,-0.8727201368923678,0.8783100656536802,-0.0712399168530598,-0.5528497623023528,0.3286788368566435,-1.1450064786884635,-1.0829723043063308,-0.2183372028480752,-0.5238451961957186,-3.52987047437444,-0.9141563706747036,-0.0372785059610001,-0.3656832604440038,-0.2872428823497172,-0.9721656866006008,-0.7481135749776827,-1.7801017043731155,0.3834179752462575,-0.0770711406690515,-0.292941583588053,-0.3311898385937784,-0.5166947722423381,-0.4369241172448026,-0.7100161003515686
2025-05-16,066570.KS,0,-0.0140251746784485,-0.7636988879871482,-0.8732414608641331,0.8783100656536802,-0.3629416674583152,-0.5584043276875137,0.3867355440175627,-1.1450064786884635,-0.5855051719055571,-0.0624401252670498,-0.2758438646227492,-3.5443941190348083,-0.9141563706747036,0.3826701330087552,-0.532626999045904,-0.2872428823497172,-0.6373447451759878,-1.777544731024565,-0.29232751764283,-0.3574051751278772,-0.0863720521596032,-0.292941583588053,-0.3311898385937784,-0.7089395306604892,-0.4369241172448026,-0.9235337418046294
2025-05-19,066570.KS,1,0.0028448905697737,-0.7212369851680239,-0.8763693654452748,0.8783100656536802,-0.532076463228736,-0.5544486412657885,0.2817692874623786,-1.1450064786884635,0.1477580103172787,-0.3528794005955698,-0.5724401940306157,-3.5632454748733533,-0.9141563706747036,1.0445922368796072,-0.2858944870383354,-0.2872428823497172,-0.8369257677537095,-1.9160740306323367,-0.3516640835758861,0.0184553486682309,-0.1008696832288081,0.2929415835880526,-0.3311898385937784,-0.6922135798299807,-0.4369241172448026,-0.827450803150752
2025-05-20,066570.KS,0,-0.0028368201269465,-0.6363131795297753,-0.8755873969333197,0.8783100656536802,-0.2821057043502834,-0.5535297518014615,0.2125654225348046,-1.1450064786884635,-0.132219849015133,-0.5212821867100568,-0.0636965379232036,-3.553023869180278,-0.9141563706747036,1.556155266258708,-0.5809733761026687,-0.2872428823497172,-0.5631470878466612,-1.9160837392868937,-0.2925125443722839,0.1833737417624413,-0.1058749825637291,0.8788247507641588,-0.3311898385937784,-0.7013983657707922,-0.4369241172448026,-0.7206919824242217
2025-05-21,066570.KS,0,0.0,-0.4210297977028299,-0.8766300252797044,0.8783100656536802,-0.5810573634902005,-0.5519614836609923,0.4424342717635988,-1.1450064786884635,-0.0883998558412111,-0.2723932927924281,-0.2350375630030364,-3.5425856770295545,-0.9141563706747036,1.556155266258708,-0.0748325443452248,-0.2872428823497172,-0.4691460737883475,-1.88571355447022,-0.2848855654011633,0.6128556008193629,-0.108541293543622,0.2929415835880526,-1.412897867119074,-0.7167388069314027,-0.4369241172448026,-0.7633955107148339
2025-05-22,066570.KS,0,-0.0042675612818058,-0.7530834122823671,-0.8776726646174224,0.8783100656536802,-0.0682736740431509,-0.5434227583793277,0.3077207368102189,-1.1450064786884635,0.3730257284823767,-0.5700510992975218,-0.1494887389844721,-3.519274478731733,-0.9141563706747036,1.556155266258708,-0.2452969578214092,-0.2872428823497172,-0.3656894490633399,-1.730294341458298,-0.2277873479717116,-1.0839486436638883,-0.1075160535450047,1.464707917940265,-1.439799525595009,-0.7232922732904803,-0.4369241172448026,-0.7206919824242217
2025-05-23,066570.KS,1,0.0228572327676217,-0.7849298393967102,-0.8768907101706566,0.8783100656536802,-0.2409753518711018,-0.5554648979972637,0.4744008343408536,-1.1450064786884635,-0.8153475684206927,-0.0594867202553527,-0.2781838386905691,-3.495923521051492,-0.9141563706747036,-7.73054816967184,-0.1601858170242346,-0.2872428823497172,-0.3821376950472548,-1.730296434212108,-0.2300876768413444,-0.3207899359634279,-0.1071080772149191,-0.292941583588053,-1.4403803657024468,-0.7232922732904803,-0.4369241172448026,-0.6352849258429974
2025-05-26,066570.KS,0,-0.0363128643091844,-0.6575441309393376,-0.8779333333273726,0.8783100656536802,-0.1547471678309379,-0.5521603975327415,0.1829568393724332,-1.1450064786884635,0.0544710331779326,-0.231440951082879,0.539807478641205,-3.427303121328835,-0.9141563706747036,-7.73054816967184,-0.2882224893765644,-0.2872428823497172,0.1552734121863541,0.8074981148594025,-0.0809515900563654,0.4357372363112551,-0.088159430891774,0.8788247507641588,-1.1426004631723117,-0.7161570685245815,-0.4369241172448026,-0.418776494143487
2025-05-27,066570.KS,1,0.0318840806055868,-0.6469286552345563,-0.875848057654071,0.8783100656536802,-0.2844642606119732,-0.5078328760904313,0.1977611309536191,-1.1450064786884635,2.797101528841805,-0.1455859596967962,-1.2445609322786586,-3.4247965057129703,-0.9141563706747036,-6.973132979238125,0.5255838367651394,-0.2872428823497172,-0.7685542040543881,-0.8800637784545027,-0.3516963933155214,-0.1368243011331413,-0.1001977820705673,-1.464707917940265,-0.7610329770213641,-0.699131645401789,-0.4369241172448026,-0.7527196286421809
2025-05-28,066570.KS,1,0.0140448725453579,-0.8273917422158346,-0.8792366313098148,0.2927700218845601,0.5400228865033898,-0.5157751986220469,0.4386384427132436,-1.1450064786884635,-0.4034592827632259,-0.2747416413026629,0.8120264359861148,-3.3125678717100806,-0.9141563706747036,-6.3616759192479,-1.249655423366305,-0.2872428823497172,0.0435989656174703,-0.0147302507640705,-0.1388888358960609,-0.8507882386700496,-0.0833221767765773,0.8788247507641588,-0.5341592352217718,-0.6938230651845019,-0.4369241172448026,-0.78474727486014
2025-05-29,066570.KS,0,-0.0152353588686355,-0.6363131795297753,-0.8732414685268892,0.8783100656536802,-1.25851554459023,-0.5372272859479971,0.4002036201118636,-0.6634048240153835,-0.8181774849173564,0.5461771534217409,0.2740567365756134,-3.2142994515435155,-0.9141563706747036,-6.074798470451667,0.7964100728010081,-0.2872428823497172,0.2894641990205323,0.1998004448364859,-0.0362996451904011,0.8318687843748139,-0.0610701366987012,-0.292941583588053,-0.5066521234366986,-0.6793983120835941,-0.4369241172448026,-0.6566366899883036
2025-05-30,066570.KS,0,-0.0042194323241436,-0.6893905580536805,-0.873241449864991,0.8783100656536802,0.8144035880787232,-0.5122790134100185,0.4434560356915975,-0.9238442862557809,0.8862906502774907,-1.2445772643815816,-0.6089352235648978,-3.1429626005258795,-0.9141563706747036,-6.056559490029476,0.2611927234519984,-0.2872428823497172,-0.2376684505240643,-0.0241086156833174,-0.1955159382233708,-0.3719176036884926,-0.0574560972941563,0.2929415835880526,-0.4450114240581035,-0.6837508355391861,-0.4369241172448026,-0.6459608079156504
2025-06-02,066570.KS,1,0.0070621110094775,-0.6787750823488996,-0.8758480524456532,0.8783100656536802,0.2721617655758911,-0.5507398746189889,0.3175316790899887,-1.0445420089857638,-1.250321942852627,0.819370344632692,-0.2767324334040209,-3.0266409379743275,-0.9141563706747036,-6.676958923046456,-0.6172816904801439,-0.2872428823497172,-0.2934476872834617,-0.4830823639036056,-0.210979220949158,-0.1345842325202925,-0.0577913822258024,-0.292941583588053,-0.4386520621987917,-0.6861554952918102,-0.4369241172448026,-0.827450803150752
2025-06-04,066570.KS,1,0.0154277810524894,-0.5622239021222241,-0.8740234403112991,0.8783100656536802,-0.61784220722517,-0.5120937671012912,0.6677115944564725,-0.7961698493125036,2.28242412208288,0.2794753263348445,0.0634804536021769,-2.8443182312370854,-0.9141563706747036,-7.73054816967184,-0.2867785097413755,-0.2872428823497172,-0.2774399294418955,0.5895162813721446,-0.206938279023645,0.2816542503187343,-0.0526615408283178,-0.878824750764159,-0.4417364231733606,-0.7212390404789943,-0.4369241172448026,-0.6352849258429974
2025-06-05,066570.KS,1,0.006906042428695,-0.7636988879871482,-0.8737627784615865,-0.2927700218845597,-0.2830013294308481,-0.5274167995748933,0.339825994623298,-0.3026316435999628,-0.6173589687442222,-0.6066767394772244,0.3157605426740675,-2.5215724838394578,-0.9141563706747036,-7.73054816967184,0.0516937867417913,-0.2872428823497172,0.0623121419961059,0.3014111549039401,-0.1248406065689645,-0.8382684731146426,-0.0384481861262406,-1.464707917940265,-0.4941386421596905,-0.7115855726378054,-0.4369241172448026,-0.6886643362062626
2025-06-09,066570.KS,1,0.0109739252700926,-0.593851276710651,-0.8701135476006511,0.8783100656536802,0.0599132549618015,-0.5281068420749024,-0.2911320038716303,-0.1133452566060984,-0.2244528213906356,-0.2732850416380402,0.0587739572595433,-1.9761433173048224,-0.9141563706747036,1.556155266258708,0.3026831653527935,-0.2872428823497172,0.2035959522306258,0.1105892769438781,-0.0524646774754846,0.605258003166236,-0.0252976180937002,-0.878824750764159,-0.9293761326029276,-0.7005704542381969,-0.4369241172448026,-0.6779884541336096
2025-06-10,066570.KS,1,0.0122117367624206,-0.4953381276362971,-0.8682889311438897,0.8783100656536802,0.3141967497932365,-0.506831416472641,0.4560781041809617,0.332717587687532,0.5609024452744343,0.0681454200713227,0.1814474359271666,0.5469931842796422,-0.1896617535488886,0.0045324818617306,0.0470113696837572,-0.2872428823497172,0.3097870124895772,1.2793728271871436,0.0089909808525166,0.1614045069692427,-0.0106143505520613,0.8788247507641588,-1.1609261307794518,-0.6854760339999783,-0.4369241172448026,-0.5607740503581755
2025-06-11,066570.KS,1,0.0080429395806587,-0.7212369851680239,-0.8675069387977247,0.2927700218845601,0.0551693834068997,-0.5210818276366856,0.1410406392795843,0.4502385134572717,-0.5599241968582708,0.3213283845670964,0.2187756107097178,0.581845464222503,-0.0718119031956859,0.0255719461755982,0.1690572286974778,-0.2872428823497172,0.3579842438926103,1.637167324691803,-0.0412772592018606,-0.8537957805579954,0.0051303787604736,0.2929415835880526,-1.174333693326751,-0.6811893701417044,-0.4369241172448026,-0.7633955107148339
2025-06-12,066570.KS,0,-0.0398937288359368,-0.6787750823488996,-0.861251094302143,0.8783100656536802,0.1788170362735658,-0.4778303161559217,0.1768030309071944,0.6017015134407891,1.1598921024359825,0.0634220798315112,0.0930588995640214,0.5883426079385897,-0.0010666058432338,0.042278802910185,0.2061944258017866,-0.2872428823497172,0.2823649654567154,1.6371673246919338,-0.0496764623411238,0.0031141027990016,0.0175810700988653,0.8788247507641588,-1.4380301845600676,-0.6865096524409887,-0.4369241172448026,-0.5925813975523853
2025-06-13,066570.KS,0,-0.0027700253406834,-0.8273917422158346,-0.8669856332056978,-0.2927700218845597,0.2164416414269312,-0.4739050146470305,0.4386384427132436,-0.1492014182679335,-0.1293476141109577,0.1865345898529711,-1.3525475988718625,0.3761920793028182,-0.4362089381486048,-0.0127320346113277,0.0811209040365173,-0.2872428823497172,-0.8523647526870237,-0.3368593261852907,-0.3259881441104948,-0.762170000800327,-0.0085884236060059,-1.464707917940265,-0.6903132783183792,-0.6831854517306553,-0.4369241172448026,-0.493507668652058
2025-06-16,066570.KS,1,0.0027777196946268,-0.6150822281202132,-0.8742840969671125,0.8783100656536802,0.0897265891750983,-0.5345990474653957,0.0310810334229844,-0.1285945895308708,-1.2532950860333192,0.2239963569921508,-0.2330232599596056,0.3602262052277369,-0.4683014859301767,-0.0166996872961883,-1.357089610686487,-0.2872428823497172,-0.8614778531594667,-0.5833106497123907,-0.3881921591580456,0.9439814866569533,-0.0299388819263459,-0.878824750764159,-0.6897525294844237,-0.6721427607637279,-0.4369241172448026,-0.7206919824242217
2025-06-17,066570.KS,1,0.0221607514626589,-0.7212369851680239,-0.8721988293066907,-0.2927700218845597,-1.367359754521882,-0.5281825219693215,-0.2107809811774012,-0.3769195627652587,0.0628389147396151,0.0978297231859605,-0.0657221825252481,0.3710608870716576,-0.4457541382297652,-0.0138049328044294,-0.2432929603158396,-0.2872428823497172,-0.670920272281011,-0.8552069378038762,-0.3085429128883827,-0.5539177323585119,-0.0432588153403409,-0.292941583588053,-0.7449609318806935,-0.6660071852270498,-0.4369241172448026,-0.6779884541336096
2025-06-18,066570.KS,0,-0.009485218367887,-0.6150822281202132,-0.8732414526629371,0.8783100656536802,-0.2389450528513991,-0.5160031419458345,0.1483549069086463,0.5407794943502754,0.2361919043150088,-1.3529504002666457,0.5188039768595759,0.4684905728378173,-0.2388454994770421,0.0133203925662239,-0.0768478253839476,-0.2872428823497172,0.008993907586963,-0.5436601549915615,-0.1177450004269018,0.2735035612441607,-0.0370044188524748,0.2929415835880526,-0.6395102238033803,-0.6738226579874375,-0.4369241172448026,-0.827450803150752
2025-06-19,066570.KS,1,0.0123119704572542,-0.4830580532689673,-0.8669856409295975,0.8783100656536802,-0.0703154046870128,-0.5353472618245478,0.6842968093594933,-0.0375459403404585,-0.7594536951408055,-0.2294194391284285,-0.4355305888797794,0.4112573298008269,-0.3597567950628439,-0.002447555808381,0.5046877926888114,-0.2872428823497172,-0.0983325457296815,-0.9740895095546618,-0.1402469211902499,0.2914442820667953,-0.0416898250355992,-0.878824750764159,-0.6422409136594124,-0.7080348265253504,-0.4369241172448026,-0.6139331616976914
2025-06-20,066570.KS,1,0.0094594760999444,-0.4715421396989833,-0.8693315660672777,0.8783100656536802,0.5188525917869923,-0.5193466119082293,0.7238116219724954,-0.0582660573558636,0.4667735067054719,-0.061519614358281,0.2217983172389781,0.4612090931173294,-0.2567126954914276,0.0106599025839061,-0.4447642251978032,-0.2872428823497172,0.1098758782996615,0.6830528647851865,-0.0602733896726614,-0.1431945051586196,-0.0371630433290234,-0.292941583588053,-0.6415997290541207,-0.7003579284889264,-0.4369241172448026,-0.7206919824242217
2025-06-23,066570.KS,1,0.0200802198966685,-0.593851276710651,-0.8706348620011369,-0.2927700218845597,-0.4430605322625653,-0.4243893540546273,0.1545087153738853,0.410913083095847,2.69912206794733,0.5250984830223905,0.135776811867712,0.4911737941227568,-0.1882719683977114,0.020269351690538,0.2092016676189808,-0.2872428823497172,0.1685775673009591,0.9855726393291344,-0.063701268216941,-0.5324862122528851,-0.0291450110496934,0.2929415835880526,-0.6350340022516692,-0.6979629971317707,-0.4369241172448026,-0.6139331616976914
2025-06-24,066570.KS,0,-0.0013122046785571,-0.7106215094632428,-0.860729808812133,-0.2927700218845597,0.2194883518626925,-0.447156690172541,0.2965735790435644,0.7414722337007872,-0.4687899876168317,-0.4326515136720513,0.4560622375743423,0.5601637471197934,-0.0187601800932129,0.0455663148198081,0.1236202637922025,-0.2872428823497172,0.4299699832396832,1.1424372120711477,-0.019015762315411,-0.5784378276663802,-0.0115015084163902,-0.292941583588053,-1.123791757119568,-0.6855693227693168,-0.4369241172448026,-0.4811577156744466
2025-06-25,066570.KS,0,-0.0183968777244447,-0.6893905580536805,-0.8602084629156295,-0.2927700218845597,0.1327837328143246,-0.5210832960525476,0.3965464862973327,0.6381758741258182,-1.2230062663293273,0.2270298813685465,-0.1890603586497122,0.5186586224199101,-0.0668430452679988,0.0446668943024795,0.4422670514638199,-0.2872428823497172,0.2140956626241023,0.8543062988520082,-0.0712639375838249,-0.0887489824419816,-0.0047434622967392,-0.292941583588053,-1.1358859570968582,-0.6765372226231929,-0.4369241172448026,-0.4695762718794556
2025-06-26,066570.KS,0,-0.0080321728182625,-0.4765359356866296,-0.8617724282336267,0.8783100656536802,0.4556126080215451,-0.5347848585494545,0.6699377486087665,0.0338835989837538,-0.6309397495623278,0.1407005169688059,-0.7042758543147621,0.43024003310513,-0.3089490989541865,0.0056043686725074,-0.1995549811423717,-0.2872428823497172,-0.4350434431647419,0.3926768009465841,-0.2667066678296048,0.6762660740702063,-0.018195391346543,-0.292941583588053,-0.9169690921504866,-0.6971036191397417,-0.4369241172448026,-0.5925813975523853
2025-06-27,066570.KS,0,-0.0040484985748451,-0.6893905580536805,-0.8654216743754,0.2927700218845601,-0.1946330335036354,-0.5300445862372295,0.3027273875088032,-0.2226579780283074,-0.0050381127870544,0.4621321997604177,-0.3917116886840913,0.3867436982261852,-0.4154205527882645,-0.0102206120656762,-0.712134541358401,-0.2872428823497172,-0.668187523961058,-0.2266808937399187,-0.3139247596219086,-0.7994735118458348,-0.0357767061021056,0.2929415835880526,-1.0023214131051736,-0.6986903923576366,-0.4369241172448026,-0.7100161003515686
2025-06-30,066570.KS,1,0.0216801923606537,-0.2413308715188975,-0.8667249569843298,0.8783100656536802,-0.7139399566579456,-0.5314627370945898,0.4819485613810923,-0.4742633229900579,-0.2528262108328055,-0.1852992006965239,-0.2715776542558219,0.3633413748112175,-0.4695693044293623,-0.0179045595879431,-0.4011695104028547,-0.2872428823497172,-0.7143837794219622,-0.7114175422187166,-0.4222681009336987,1.6192887358031038,-0.052112427561206,0.2929415835880526,-1.0327009669992393,-0.6888260110999628,-0.4369241172448026,-0.6886643362062626
2025-07-01,066570.KS,1,0.0106099627782736,-0.6150822281202132,-0.8667249616174764,0.8783100656536802,-0.3988936575701506,-0.5051724454139352,0.0779905828172492,-0.3172207781974853,0.8064190750573305,-0.7023585811118567,0.5043119526182607,0.4661786394142208,-0.2733460713882617,0.0049033665444205,-0.2816501033735042,-0.2872428823497172,-0.0503780860695096,-0.6526993149182834,-0.1361913047375985,-1.0182309361949893,-0.0479877261183619,0.8788247507641588,-0.9369789594628326,-0.6984273241775263,-0.4369241172448026,-0.4745984845943309
2025-07-02,066570.KS,1,0.022309871223213,-0.4240036654341539,-0.8638577263015389,0.8783100656536802,-0.2778056151685358,-0.531737669725957,0.4148321553699873,-0.2753228452951538,-0.8558378123464128,-0.3886757917143534,0.1704715679592887,0.5109258866735169,-0.1993771641548417,0.011848475671261,0.4902699122586726,-0.2872428823497172,0.2441794971737344,-0.2304608391281451,0.002419696565541,0.5010444169848955,-0.0392286824295393,0.8788247507641588,-0.9316439584548484,-0.6965383293067919,-0.4369241172448026,-0.6886643362062626
2025-07-03,066570.KS,0,-0.0089859961961863,-0.1314380859424169,-0.8604691177435492,0.8783100656536802,0.5042454835335407,-0.4995897542172663,1.0808452331234133,0.9060865525821388,1.037809960852485,-0.268111814250721,0.5233009204733622,0.5899156426042531,-0.0081259214942509,0.03998302288985,0.1581375152507734,-0.2872428823497172,0.6368124476568291,0.9502084819521688,0.287626162206373,0.624653185429213,-0.0191511358226817,0.8788247507641588,-0.906032738370064,-0.658644202867323,-0.4369241172448026,-0.2380550080910058
2025-07-04,066570.KS,0,-0.0401554248590477,-0.5407738981867456,-0.8555166051038229,0.8783100656536802,0.1677540067814322,-0.4750188645557864,0.3223492720683428,0.7328654992573397,0.3638662595737816,0.5105545938377184,-0.4204757500807609,0.5162855287655331,-0.1415505354527594,0.0255195587156481,0.5091617291275737,-0.2872428823497172,0.1390948386708133,0.8888423937384621,-0.0627558335817408,-1.008820394674434,-0.0169454992340668,0.8788247507641588,-0.8690623179009425,-0.6622915831357824,-0.4369241172448026,-0.6139331616976914
2025-07-07,066570.KS,0,-0.0067476045581431,-0.2010786756337513,-0.8596871586643079,0.8783100656536802,0.5233852465136506,-0.4898212871288251,0.0455338123580464,-0.1314202512595416,-0.4597060735174965,0.1755194407770182,-1.3604394587803603,0.3048729160691335,-0.5844841068289471,-0.0317489397014771,-0.4297864096708009,-0.2872428823497172,-1.0341224454896238,-0.1985947641871109,-0.5937118562219468,0.9044122976161983,-0.0499755955594596,-1.464707917940265,-0.5375128189877793,-0.6680933125672655,-0.4369241172448026,-0.4217672843899367
2025-07-08,066570.KS,1,0.0013586672744423,0.0783063916254526,-0.8685495855136576,0.8783100656536802,-0.4278861400304164,-0.4992750614025625,0.7635297349638446,-0.5396334588281063,-0.3933670541739595,0.5296115205732228,-0.3529734891835575,0.2704993090546093,-0.6538286402204329,-0.04035723604266,-1.364941094415568,-0.2872428823497172,-1.0899633093561425,-0.7761756378105898,-0.7321333390802405,0.4277389010904892,-0.0775957562537209,-1.464707917940265,-0.5412364828911582,-0.6464732043412158,-0.4369241172448026,-0.1275368879354053
2025-07-09,066570.KS,1,0.0230665422087241,-0.2085840065393511,-0.868028271337365,0.8783100656536802,-1.3753142852406386,-0.5384523965970556,0.6683458306421274,-0.3682603576534627,-1.0957800747744744,-0.417542795694489,-0.1085159658230806,0.2788361191748684,-0.6335855475681491,-0.0373687576655163,-0.3626295025214663,-0.2872428823497172,-0.870167004577594,-1.053113293071433,-0.5080417088581863,-0.668865378223198,-0.0943934353708987,0.8788247507641588,-0.5435651278320968,-0.6360892537605131,-0.4369241172448026,-0.5392019871891202
2025-07-10,066570.KS,0,-0.0013263373007853,-0.1521774306903481,-0.8649003428711165,0.8783100656536802,-0.3598478304154517,-0.5087583169486035,0.6531910724058355,-0.2114890901449254,1.1318485827349265,-1.3608705040464153,0.546119537827548,0.3941983550473975,-0.3967200704492655,-0.0073904811620513,-0.1194226679640774,-0.2872428823497172,-0.0427600805588274,-1.053116787682133,-0.0834626153177077,-0.054152533746129,-0.087583759500933,0.8788247507641588,-0.5299035847718814,-0.6666006638801764,-0.4369241172448026,-0.1975737608642229
2025-07-11,066570.KS,1,0.0252324041376996,-0.6044667524154321,-0.863857718810602,0.2927700218845601,-0.1134490218268539,-0.5416544468164464,0.4446164948554204,-0.3700911487687517,-1.0534596032928158,-0.349798953574428,-0.1894865503565579,0.3885960936154586,-0.4326403567278235,-0.0152558914258649,0.5318636023176425,-0.2872428823497172,0.0647529648277858,-0.930261798381273,-0.0987186925774695,-1.1132546445167188,-0.0841391716611464,0.2929415835880526,-0.5579925254909589,-0.7023665052561738,-0.4369241172448026,0.0834011208903589
2025-07-14,066570.KS,0,-0.0038859293945309,-0.4983119953676213,-0.8628150795269323,0.2927700218845601,0.5463850709920307,-0.3793131664328997,0.2173830155131586,-0.2905800708482953,4.629788974497303,-0.1044665506670258,0.6114345499604712,0.5063432393692512,-0.2043742561460109,0.0118098199512136,-0.1999789923755368,-0.2872428823497172,0.5441795204368786,1.104637206212228,0.0941199939168072,0.1935496891232806,-0.0630956977861514,0.8788247507641588,-0.5254487289700306,-0.6690171476215696,-0.4369241172448026,-0.2051218001507086
2025-07-15,066570.KS,0,-0.0195058559092787,-0.5407738981867456,-0.8594264857806557,0.2927700218845601,-0.1950626096825705,-0.5251648144181277,0.3692588214626075,-0.3343332672630295,-1.3211300755919388,0.5525118025918372,-0.2666751219925189,0.4813751776482682,-0.2796909803380336,-0.0009447591955713,0.596844451062075,-0.2872428823497172,0.1785992211149849,1.264831333701901,-0.0490737546567517,-0.3048294470968739,-0.0539536485489788,-0.292941583588053,-0.5383123946219165,-0.6727831880117476,-0.4369241172448026,-0.1483942479775265
2025-07-16,066570.KS,1,0.0079576034458497,-0.5407738981867456,-0.8607297857365797,0.8783100656536802,0.6122187624704908,-0.5191881359502144,0.2285301732798133,-0.355768545527548,0.0020360246409411,-0.1857269176843356,-0.7377188557492274,0.3782777155651269,-0.4992318142882815,-0.0297700066669468,-0.2767726533499466,-0.2872428823497172,-0.5074349572805623,0.3187585180193117,-0.2866771088494905,-0.1771455361644376,-0.0646789857115971,-1.464707917940265,-0.8635290845157109,-0.6991317273519111,-0.4369241172448026,-0.6032572796250384
2025-07-17,066570.KS,1,0.0026314195392309,-0.7743143636919293,-0.8622937360607338,-0.2927700218845597,-0.2728641509331981,-0.5368079967419022,0.1842930548593181,-0.1117296810702987,-0.736645655195206,0.6180605680878672,0.0904854526577994,0.4213578714068592,-0.4362443116706753,-0.0251679031245828,-0.7454064423625716,-0.2872428823497172,-0.3288976248761545,-0.0108436836497045,-0.2181876370528915,-0.9207165468886253,-0.0664581878641466,-0.292941583588053,-0.8906583436704675,-0.7028103108700435,-0.4369241172448026,-0.4964984588985079
2025-07-18,066570.KS,1,0.0052493386463463,-0.742467936577586,-0.8617724479752684,-0.8783100656536796,-0.7476485355382438,-0.5488807471828047,0.3928893524828016,-0.0067531357022223,-0.7206137007074399,-0.2631917365048887,-0.0701340964597843,0.4319115887315498,-0.4239192872923559,-0.0248360933519168,0.0785606233490589,-0.2872428823497172,-0.3213559736307882,0.1105875489028143,-0.217212859236049,-0.027255727678534,-0.0664999392232677,0.8788247507641588,-0.892849382011398,-0.7106202535685318,-0.4369241172448026,-0.5392019871891202
2025-07-21,066570.KS,1,0.0039165745416862,-0.5513893738915269,-0.862033108789322,0.8783100656536802,0.08713270602132,-0.5478544374504289,-0.0677314146669607,-0.2307613552388012,-0.1382178721869116,-0.7359212704067755,0.0088134190566527,0.4518769255828906,-0.3819056815186477,-0.0193872982959438,-0.0812371671706429,-0.2872428823497172,-0.1285811854106876,-0.6527063710996011,-0.1561814383327199,0.6671317524500385,-0.0634604189679208,-0.292941583588053,-1.017281447587726,-0.7185001511733855,-0.4369241172448026,-0.5392019871891202
2025-07-22,066570.KS,1,0.0286086024055889,-0.2020618889570132,-0.8591658259586429,0.8783100656536802,-0.0747623544970301,-0.4782158317971938,0.6539867698914006,-0.3362065989503445,3.861213148527741,0.0952470662704396,-0.0313782028106633,0.466443686524263,-0.3453767044542029,-0.013896227223572,-0.0026935613900597,-0.2872428823497172,-0.0173143675784269,-0.2710573950457061,-0.0759415873520612,0.9516809095188096,-0.0596422160084208,1.464707917940265,-1.0226036218246346,-0.7185001511733855,-0.4369241172448026,-0.7740713927874869
2025-07-23,066570.KS,0,-0.0151706529412242,-0.6044667524154321,-0.8578625229438979,0.2927700218845601,0.0048120987530553,-0.4642909571342175,0.0224305503070376,-0.2307597455672709,0.0518493169628943,-0.0659473179204428,0.7132491799145841,0.5772745348286482,-0.0632150524436447,0.0290703696141788,-0.0426795556671245,-0.2872428823497172,0.516535758409193,1.6371673246916651,0.0439469108352521,-1.0491824617537062,-0.0366955807704868,0.8788247507641588,-0.9672527697866096,-0.6817159053379406,-0.4369241172448026,-0.7420437465695279
2025-07-24,066570.KS,0,-0.010269666345444,-0.6150822281202132,-0.8544739416175952,0.2927700218845601,-0.0356986926810332,-0.5082000930109632,0.1014453575143815,-0.3476898646933985,-0.8982733582482436,0.0132827397966041,-0.6069839133832997,0.4789613600929795,-0.251201897109217,0.0071510474087295,0.6981381789963863,-0.2872428823497172,-0.0648264610717505,0.5721121578190975,-0.1406802751371522,-0.2142150586932094,-0.0367572852305984,-0.292941583588053,-0.8787984393060422,-0.6860375256374187,-0.4369241172448026,-0.5498778692617733
2025-07-25,066570.KS,1,0.0090791341575624,-0.6575441309393376,-0.854473960335625,0.2927700218845601,0.7148419224073159,-0.5304645531737222,0.1360472899781684,0.2722486750076622,-0.7731205608273868,-0.0270527223070282,-0.4591868656194582,0.420742608711938,-0.3821174451421157,-0.0109503985829728,-0.6153403635535586,-0.2872428823497172,-0.4226694931122653,0.0794336152999577,-0.248738352467609,-0.3278544146420677,-0.0473305755152829,-0.878824750764159,-0.9828308019497364,-0.6949038518487499,-0.4369241172448026,-0.1985625690705926
2025-07-28,066570.KS,0,-0.0051413826765928,-0.4452346168437159,-0.8586445140367724,0.2927700218845601,-0.6158754013059937,-0.5368217772599904,0.1506758252362924,0.562421666721196,-0.43849752992695,0.7202395784713492,0.1243069955100776,0.4621024087313024,-0.3140352339533784,-0.0045926360392842,-0.468299472156789,-0.2872428823497172,-0.2549718781977326,0.1693030503549057,-0.198571681769684,0.6292791644614759,-0.0490939621831075,0.2929415835880526,-0.9788761406668104,-0.7026512417781346,-0.4369241172448026,-0.6032572796250384
2025-07-29,066570.KS,1,0.0167959243593729,-0.2199636430414777,-0.8586445129217712,0.8783100656536802,-0.466904668144216,-0.5388512409361508,0.5586567452839418,0.4133791632797854,-0.2876280471451105,-0.604718445827316,-0.3045353130107796,0.4280540245520913,-0.3826588308516737,-0.0131043463956096,0.1122091290848392,-0.2872428823497172,-0.4365230025649538,-0.0910373792862661,-0.2878242031471613,0.456262737965885,-0.0561904798620643,-0.878824750764159,-0.9572665859145152,-0.7082141369444283,-0.4369241172448026,-0.6139331616976914
2025-07-30,066570.KS,0,-0.0165184811986289,-0.2501454714932722,-0.8591658209264735,0.8783100656536802,0.1212228323912123,-0.4911207222115072,0.0005602685266276,0.3421648474503604,1.9620608367920815,-0.4563924529428376,0.3570190806691203,0.4957260892859064,-0.2225132290418337,0.0100076556066321,-0.314439144798898,-0.2872428823497172,0.064852667047067,-0.4445317447610502,-0.041844279899863,-0.2436744496599796,-0.0494091780070704,0.2929415835880526,-0.8989453599975455,-0.7168742445628286,-0.4369241172448026,-0.6566366899883036
2025-07-31,066570.KS,0,-0.0310077186068424,-0.6150822281202132,-0.8521280175848603,-0.2927700218845597,-0.3110249971677402,-0.4960743666439673,0.007626258725852,-0.0123769762052483,-0.3028634813144535,0.1291896517303666,-0.6476298187421563,0.4127401758547919,-0.3964914077586781,-0.0124926551262696,0.3437306172221553,-0.2872428823497172,-0.371406401822119,-0.4830838572640137,-0.2359316981457527,-1.0055444183459183,-0.0601138275780129,-0.292941583588053,-0.7933215196931597,-0.715980020842333,-0.4369241172448026,-0.4431190485352427
2025-08-01,066570.KS,1,0.0106666548338449,-0.5407738981867456,-0.8602084649166588,0.8783100656536802,0.3557829299456777,-0.5113757117448404,0.1347110744912837,-0.9882909529318682,-0.5364488599623909,-0.3011874238920449,-1.0845758236806713,0.255450470826762,-0.7094154651953849,-0.0507414727980384,-0.6557783171258434,-0.2872428823497172,-1.0964122581413385,-0.9279851035700376,-0.4906654619592377,0.0865950011714145,-0.0921394297727807,0.8788247507641588,-0.8620394540632058,-0.6748968527839939,-0.4369241172448026,-0.2165661914059818
2025-08-04,066570.KS,1,0.0105539735902389,-0.5288091865993189,-0.8635970449125124,0.2927700218845601,-0.6568440837860944,-0.5514944144618537,-0.2507460653427306,-0.7345173460359352,-1.28099644428535,0.3627345811432054,0.172181207086301,0.3148933563771664,-0.6115547708905938,-0.0416075122422038,-1.0904888274540137,-0.2872428823497172,-0.6593689749576137,-0.8866125762046974,-0.3415364694823782,-0.1390510129354903,-0.1040373841026271,0.2929415835880526,-0.8115667659354361,-0.6698574963840932,-0.4369241172448026,-0.2469197667189826
2025-08-05,066570.KS,1,0.0039165745416862,-0.6046563144815889,-0.8617724489998829,0.8783100656536802,-1.0972599628083075,-0.5390503807180326,-0.6587871078691537,-0.2267709527630737,0.6210603287920695,-0.6455098172400534,0.1687831249210332,0.3802416929222301,-0.5227775255539021,-0.0363930982968258,0.1598384075554992,-0.2872428823497172,-0.3063706857797795,-0.5023595131860136,-0.2159101079739113,-0.4146982617631216,-0.10260483164705,0.2929415835880526,-0.7833907088117519,-0.6715269240893229,-0.4369241172448026,-0.6139331616976914
2025-08-06,066570.KS,1,0.0104712187543245,-0.7210808752311888,-0.8620330840007838,0.2927700218845601,0.1694772224886908,-0.5504805297867708,-0.4704643058910859,-0.2899477586507021,-0.7204473992344007,-1.084019591284859,-0.0313782028106633,0.4154850501516843,-0.5037274197781979,-0.0409178681080349,0.1564577105917897,-0.2872428823497172,-0.0621463958069504,-0.8844158228271863,-0.1503938073186778,-0.5838203180177803,-0.0977645673293377,1.464707917940265,-0.8053904994888709,-0.6981078126927783,-0.4369241172448026,-0.5392019871891202
2025-08-07,066570.KS,0,-0.0038860539517953,-0.3752501854462135,-0.858373608247158,0.8783100656536802,0.1660521554852364,-0.5509094201735009,-0.29043548328162,-0.1653250659248689,-0.2274014903978538,0.1772351984651789,0.1662875211895613,0.4664199117835385,-0.4100404568551563,-0.0304703731948016,-0.0426795556671245,-0.2872428823497172,0.2130368136249369,-0.1569656408859835,0.001176535506924,1.2905547020763222,-0.0859526640772206,-0.292941583588053,-0.778682479742933,-0.693120708839338,-0.4369241172448026,-0.5271691915337032
2025-08-08,066570.KS,0,-0.003901111911075,-0.7766392866797935,-0.8581112513842499,-0.8783100656536796,-0.0356986926810332,-0.5484725275732069,-0.5479458004323227,-0.3192452182112905,-0.0426212553522548,0.1738249550354743,-0.2666788782149846,0.4473773974483315,-0.4654110895895313,-0.039552403178107,0.1539748748193521,-0.2872428823497172,-0.0777383095161285,1.2539405609648548,-0.1595571752808421,-1.2167462031340404,-0.0813251716344984,0.2929415835880526,-0.8642059978638283,-0.7094177624018935,-0.4369241172448026,-0.6034479203763357
2025-08-11,066570.KS,0,-0.0091383807985476,-0.3116562442118414,-0.8583736052350652,0.8783100656536802,0.1635367336741548,-0.5397609810401077,-0.5006170520965196,-0.4533013354141891,0.3181836157044754,-0.0270527223070282,-0.2671329749327359,0.427410348968192,-0.5056965547961965,-0.0445552626502461,-0.2767763903549003,-0.2872428823497172,-0.2844084689819525,0.7185935509039151,-0.2110709137116087,2.0218339633701987,-0.0814037413855174,-0.292941583588053,-0.9335409478752944,-0.7232922732904803,-0.4369241172448026,-0.7205349841584473
2025-08-12,066570.KS,1,0.0316204926863323,-0.6241923580055136,-0.8596854337465059,0.8783100656536802,-0.2728679369845644,-0.5436543162652369,-0.8865420977894224,-1.174320057049062,-0.3805357475337788,0.1713204198846216,-0.4250711501932736,0.3803307889788055,-0.5978794296324973,-0.0556391442724279,-0.2772281638318996,-0.2872428823497172,-0.5278380869887978,-0.431747629207685,-0.2834043623020857,-0.9324848194933132,-0.0883827431954255,-0.878824750764159,-1.3179272693294577,-0.7227813442100071,-0.4369241172448026,-0.3727363773013094
2025-08-13,066570.KS,0,-0.0140484884033187,-0.5468064321744417,-0.8599478112542466,0.8783100656536802,-0.27332563977358,-0.4844523069175904,-0.6787474124363284,-0.2907050230873827,2.844321208897475,-0.2631955061703531,0.8040775229395919,0.5308693055749897,-0.2937547078841254,-0.0178193674346652,-0.4343582988870753,-0.2872428823497172,0.2152118824365751,0.5346373382565189,-0.0377961886192325,0.1014375422336048,-0.0683080007007714,0.2929415835880526,-1.005926551214077,-0.7014229961805443,-0.4369241172448026,-0.77640954553134
2025-08-14,066570.KS,0,-0.0051814052690604,-0.6822318023788179,-0.8544381225269234,0.2927700218845601,-0.4325180331182039,-0.5376885944387545,-0.7178020195050507,-0.3636363575935581,-1.226744524025753,-0.2636512280372315,-0.5731432564938265,0.4544581969076134,-0.4552683739754252,-0.03882978196589,0.788501827828052,-0.2872428823497172,-0.1887244524497722,-0.2710573950444834,-0.1817770245198472,-0.6119610166370583,-0.0672708734916142,-1.464707917940265,-0.9133624683163748,-0.7014229961805443,-0.4369241172448026,-0.3087805607148133
2025-08-18,066570.KS,0,-0.0039061915411497,-0.3726880990545296,-0.8578488886508545,0.8783100656536802,0.806391551151762,-0.5466509012190331,-1.8840761537800088,-0.6111088989194539,-0.5947091231789167,-0.4221546421061915,-0.3057422579584887,0.4275701886691071,-0.5171754390589148,-0.0475076424064689,-0.5816728415714466,-0.2872428823497172,-0.3282833620492217,-0.3100012571977207,-0.2293688744291464,1.0486200087869495,-0.0712227590907133,-0.292941583588053,-0.9012189557337597,-0.7012352769868255,-0.4369241172448026,-0.6230951319218064
2025-08-19,066570.KS,1,0.0026143055044174,-0.5661529136322095,-0.8586359739080526,0.8783100656536802,-0.5817660091105812,-0.5444654465963165,-1.1551548198581596,-0.5895097385353373,-0.0773604087402695,0.8113929835296352,-0.2672861592588127,0.4073082573304679,-0.5606789463856112,-0.0532483818925561,-0.3156399147984555,-0.2872428823497172,-0.4311708327656737,-0.3100012571977207,-0.2582950550323004,-0.6767782311174484,-0.0770793165207404,-0.292941583588053,-0.9327427824698168,-0.7006147032854195,-0.4369241172448026,-0.5452688487451132
2025-08-20,066570.KS,0,-0.0117339558873051,-0.5274599507166735,-0.8604725485833804,0.2927700218845601,-0.3122415267024399,-0.536961163811801,-0.302212648798864,-0.871956481930539,0.1948202774481643,-0.5707566779237079,-0.0706501974062641,0.4204371983958496,-0.5355186454325818,-0.0502952198616642,-0.2773805644393214,-0.2872428823497172,-0.4161711466013317,0.0758906917598606,-0.2560053552986709,-0.0494616252320013,-0.0787998313474467,0.2929415835880526,-0.9322997859093692,-0.7104769105381853,-0.4369241172448026,-0.6814648443043265
2025-08-21,066570.KS,0,-0.0065963800553466,-0.5854993950899776,-0.8586359738532715,0.8783100656536802,-0.2734800405664904,-0.5385712253268002,-0.7327084332206917,-0.7828463807891083,-0.2697690042433019,-0.3023986883282054,-0.5033448462890825,0.3778917238860393,-0.6391627633707823,-0.0654518017011583,-0.0817506276515475,-0.2872428823497172,-0.5647416942524127,-1.916084778301992,-0.3001895263759073,-0.3585910938052679,-0.0887888076363136,-0.878824750764159,-0.8977407152910991,-0.7216868008040874,-0.4369241172448026,-0.3701597115975532
2025-08-22,066570.KS,1,0.0079682174571269,-0.5468064321744417,-0.8609972801374477,0.2927700218845601,-0.075282553902538,-0.5363847541084868,-0.2293205154066785,-0.2542795920417757,-0.1017370233467139,-0.2638049605887503,-0.3484130737190227,0.3463114918192247,-0.6932470366712116,-0.0709331776074738,-0.5122315326287803,-0.2872428823497172,-0.6107205589598103,-1.8474254652524975,-0.3214617944863889,-0.0458135134910751,-0.0993857625473323,-0.878824750764159,-0.908285871612588,-0.71444903544437,-0.4369241172448026,-0.5647254195392863
2025-08-25,066570.KS,0,-0.0079052268902176,-0.6435388394632817,-0.8615219937774106,0.2927700218845601,-0.5114133160152387,-0.5594318799256186,-0.5140320330441372,-0.310857567658434,-1.183943506479132,-0.0664652659205784,0.0908055350536697,0.3878787831208199,-0.6066831566474692,-0.0598371703691356,-0.3580924189653977,-0.2872428823497172,-0.3215568933591566,-0.9580149292158966,-0.2197333508954229,-0.4877280222163092,-0.0987426088988139,-0.878824750764159,-1.3537477757146654,-0.7189716013322001,-0.4369241172448026,-0.5258122779509397
2025-08-26,066570.KS,0,-0.0013279316977672,-0.2490933471921241,-0.8620467429185797,0.8783100656536802,-0.3552511997956061,-0.5321160691980524,-0.2635581698452053,-0.7566882840538719,2.327022377485105,-0.5007084688964257,-0.3878834322659193,0.3508059658940612,-0.6751551389713077,-0.0675256761408576,0.0788790681456314,-0.2872428823497172,-0.4559794912382161,-1.088869522072515,-0.2949515156898141,1.2872004772021872,-0.1029925531215047,0.2929415835880526,-1.4114858577940057,-0.7183890666344264,-0.4369241172448026,-0.5841819903334596
2025-08-27,066570.KS,0,0.0,-0.6241923580055136,-0.8615219936951226,0.8783100656536802,0.0874553302543911,-0.5494513961777376,-0.686796810220689,-0.8933583865170737,-0.8729929729883823,-0.3452222170159029,-0.1895346319340691,0.3453865554162134,-0.6774006488221485,-0.0666828303181162,-0.397360840035346,-0.2872428823497172,-0.381835518734443,-1.331174821084743,-0.238680956632038,-1.027728637408223,-0.105004466255745,-0.292941583588053,-1.411461076131687,-0.7232922732904803,-0.4369241172448026,-0.5452688487451132
2025-08-28,066570.KS,0,-0.0172873229961971,-0.6435388394632817,-0.8628338222891688,0.2927700218845601,-0.3950350002155219,-0.5475266418480348,-0.1644777797988546,-1.2195846775597894,-0.0818178406068716,0.0955682941967793,-0.1494887389844721,0.3643105188015724,-0.6572309544206202,-0.0664991418684766,-0.2000268279590209,-0.2872428823497172,-0.3370131625200127,-0.9071267379559352,-0.2243244332452,-0.2467913057639482,-0.1044161385644962,-0.292941583588053,-1.4072498605760604,-0.7232922732904803,-0.4369241172448026,-0.6425517027159797
2025-08-29,066570.KS,0,-0.0230039997183462,0.1091645239077272,-0.8625714744770605,0.8783100656536802,-0.1951110730853365,-0.5174717837178296,-0.4131056430773075,-1.4651891334805154,1.5345418656442174,-0.3848338344977989,-0.6708154662964393,0.2698116077733543,-0.8154496365611624,-0.0819551215254278,-0.1601858170242346,-0.2872428823497172,-0.7212041451628131,-1.2985576801343868,-0.5015698453867681,2.6172029631772102,-0.1151189643503844,-0.878824750764159,-1.3183049040594406,-0.7097140674462104,-0.4369241172448026,-0.2458616554032766
2025-09-01,066570.KS,1,0.0096952907077092,-0.3920345805122976,-0.8665069480311656,0.8783100656536802,-0.1547471678309379,-0.5398280763494883,-0.912330226328524,-1.7326240550763434,-0.8619397463932497,-0.1857751713391393,-0.8432109475004437,0.1264294027772197,-1.033807322924436,-0.0997153216708288,-0.6788453427232732,-0.2872428823497172,-1.090645606930539,-2.179282114781857,-0.5472682585407604,-1.01685895144777,-0.1362156877384166,-0.292941583588053,-1.1880029784146608,-0.6761380880741313,-0.4369241172448026,-0.6230951319218064
2025-09-02,066570.KS,1,0.0205761467965202,-0.6048458765477457,-0.8709671651486225,0.2927700218845601,-0.6802138531235109,-0.5337894985052443,-0.8096252655050574,-1.3398287878249573,0.0802345074813999,-0.1455859596967962,0.1428881765217659,0.1612260973227189,-0.921615657990054,-0.0801130412849902,-0.8503588175358161,-0.2872428823497172,-0.6444841464523763,-1.4762511226333934,-0.3226159424315835,-0.7389547442671566,-0.138589593349974,-0.878824750764159,-1.08796444660659,-0.6756444589767672,-0.4369241172448026,-0.6425517027159797
2025-09-03,066570.KS,1,0.0120966982494625,-0.4694205063433694,-0.8693929680543857,0.8783100656536802,-0.8539783607189125,-0.5442012446962475,-1.0701885897894334,-1.69181186068889,-0.6191458763197454,-0.6687784430089097,0.4710177022083122,0.2643273855268304,-0.7034684562831154,-0.0516422961936179,0.1306952454214052,-0.2872428823497172,-0.0087625332498025,-0.5646306510690706,-0.1050384221694071,0.2960360161145911,-0.1209449257919832,1.464707917940265,-0.9283225906981392,-0.6843526720230512,-0.4369241172448026,0.1144348484772928
2025-09-04,066570.KS,0,-0.0026559679406217,-0.5854993950899776,-0.8659822283478249,0.2927700218845601,0.1399515702124566,-0.5191815845563692,-1.0323263645737917,-1.0916571728358204,1.1066375821848864,-0.8417909037127239,0.215306441336968,0.3296637553016906,-0.5718042113121925,-0.0353147179249281,0.4571460012419345,-0.2872428823497172,0.3285137982539843,-0.2397771218769229,-0.0099850066550779,-0.5134836430108551,-0.0975400022625792,0.8788247507641588,-0.8855120997971739,-0.6826117569804433,-0.4369241172448026,-0.3896162823917265
2025-09-05,066570.KS,1,0.001331572857675,-0.5468064321744417,-0.8620467280911176,0.2927700218845601,0.470686836938874,-0.553550083713395,-0.6787474124363284,-1.0403576635551972,-1.2465475627384692,0.1478373322099435,-0.2295836776070927,0.3280449729861063,-0.585004385093481,-0.0383084077535172,0.2027430053255767,-0.2872428823497172,0.1584482988120399,0.1869200228095514,-0.0572915801706549,-0.0458135134910751,-0.0826599190786384,0.2929415835880526,-0.8838857533905011,-0.674424673753305,-0.4369241172448026,-0.6036385611276331
2025-09-08,066570.KS,1,0.0053191038329141,-0.5274599507166735,-0.8633585537267874,0.2927700218845601,0.2129449226985118,-0.5584723266374245,-0.6517669020441464,-0.9216909726269062,-0.5509644047192731,0.4771411879265873,-0.1093330410651424,0.3446424344314667,-0.5594815301803684,-0.036221005080774,-0.2398709754873319,-0.2872428823497172,-0.034510945357847,1.4126760165758288,-0.1213818470687505,-0.1150290389540628,-0.0708647130838242,-0.292941583588053,-0.8833547118791536,-0.6946801124698264,-0.4369241172448026,-0.4674425655684196
2025-09-09,066570.KS,1,0.0026455323969942,-0.5468064321744417,-0.8628338311526843,0.2927700218845601,-0.235478156099558,-0.5488606411810037,-0.5289384467597785,-0.848980642442711,0.6479148329484885,0.220514771943715,0.0109172992468753,0.3783423831040717,-0.4972066136441456,-0.0292622370207006,-0.1202355629017555,-0.2872428823497172,-0.0888846105645537,1.39095072025784,-0.142237801039011,-0.2376273887113813,-0.0586098900619633,-0.292941583588053,-0.9966661968424688,-0.7232922732904803,-0.4369241172448026,-0.5841819903334596
2025-09-10,066570.KS,1,0.0013192760110694,-0.6048458765477457,-0.8620467281459766,0.2927700218845601,-0.1142725856239656,-0.5415867867317344,-0.4101346903675911,-0.4981240126585049,0.238189871095953,-0.2259675469880685,-0.0697085007818192,0.392528870907121,-0.4688211061236691,-0.025769331340233,-0.0006004450305458,-0.2872428823497172,-0.1195474096466518,1.2131266598723656,-0.1569450100000335,-0.3634950277955607,-0.0487188860606875,-1.464707917940265,-1.3475308513779036,-0.7232922732904803,-0.4369241172448026,-0.5452688487451132
2025-09-11,066570.KS,1,0.0144927085281298,-0.7209247652943539,-0.8612596280587099,0.8783100656536802,0.0069326862692741,-0.5256936700385307,-0.5720177527206818,-0.2816834602474889,0.5722401586807131,-0.1052865501079741,-0.10970387203756,0.4295015575373973,-0.4382302876056365,-0.0278718522002472,-0.0808137489169671,-0.2872428823497172,-0.1272720925988456,0.8738954632812101,-0.1673049188238248,-0.5827297238321764,-0.0418614453140837,-0.878824750764159,-1.3383399053967833,-0.7232922732904803,-0.4369241172448026,-0.5258122779509397
2025-09-12,066570.KS,1,0.001298715903979,-0.7402712467521219,-0.8602101740823012,-0.2927700218845597,-0.0743333790801581,-0.5253904986405893,-0.6489345850050463,-0.1236138340275456,-0.1897448232204723,0.015394149482022,0.2875619430973181,0.5077901477185324,-0.2842673335560216,-0.0092813394132297,-0.1206044966359999,-0.2872428823497172,0.1401723318498531,1.637167324686776,-0.1015970207528695,-0.2592280503352895,-0.0273290982058273,0.2929415835880526,-1.4391265597228804,-0.7130639710589393,-0.4369241172448026,-0.5452688487451132
2025-09-15,066570.KS,0,-0.0012970314286346,-0.4500740248856012,-0.8583736111862784,-0.2927700218845597,-0.1146463614380023,-0.5367338982184112,-0.8933991137207024,0.1511931821060037,-0.5853516477858967,-0.0655201990946162,-0.110323894775897,0.5107567208724189,-0.2725273504167031,-0.007058681845639,0.2746288349000562,-0.2872428823497172,0.0343679860051169,1.637167324686776,-0.0858031330355653,1.0996935731599258,-0.0188178763253909,0.2929415835880526,-1.4403803657024468,-0.7107861519214286,-0.4369241172448026,-0.6036385611276331
2025-09-16,066570.KS,1,0.0116883408988672,-0.4694205063433694,-0.8578488827189563,0.2927700218845601,0.2857742195963141,-0.5367652997268418,-0.6706980146519682,0.1511897338244964,-0.2014511997789685,-0.1056587082329729,-0.1886027851592113,0.4981372823617521,-0.2899374188036897,-0.0081481935081284,-0.1212213472261215,-0.2872428823497172,-0.1070513829787681,1.3986368875321378,-0.1424450485224545,-0.2318672122783394,-0.0166270040629287,-1.464707917940265,-1.4403803657024468,-0.7141932935395144,-0.4369241172448026,-0.7203779858926731
2025-09-17,066570.KS,1,0.0539152744381652,-0.4500740248856012,-0.8573241454415933,0.8783100656536802,-0.1152713078987369,-0.4996863307989503,-1.0931444012894358,0.3815923757294097,1.3969425794467316,0.2930288661162518,0.2029917757750146,0.5430388126528515,-0.173770151645369,0.0097077953059796,-0.1990997486804196,-0.2872428823497172,0.068326730881729,1.4712330365455202,-0.072563944924329,-0.1210891850233675,-0.0086341260063113,1.464707917940265,-1.4403803657024468,-0.7107861519214285,-0.4369241172448026,-0.7398345566868465
2025-09-18,066570.KS,0,-0.029232683411311,-0.2179162473923849,-0.8470918828867248,0.8783100656536802,-0.1941718263321347,-0.1564414121669862,-1.7681047144269204,1.5385266609549657,4.629788974497303,-0.1062809499466351,1.4764121353821522,0.7143562127398924,0.360669702441126,0.1024089944218018,0.1904913438148809,-0.2872428823497172,1.132699172912533,1.5775346420551888,0.4985840011915948,0.4795145772023769,0.0354047997927569,0.8788247507641588,-0.6762491770990602,-0.6284722048354545,-0.4369241172448026,-0.4479859947742461
2025-09-22,066570.KS,0,-0.0037640590440092,0.0319177837291127,-0.8502402801802352,0.8783100656536802,0.2005324639575389,-0.5066933853816259,-0.7205788645704001,1.2635816877000874,-1.3211300755919388,-0.1848399896140088,-1.0310468134600874,0.5147786401637748,-0.0022271217176996,0.0631993216347424,1.457396655067232,-0.2872428823497172,0.0678687541517773,0.3980594010393974,0.005279814579246,0.372476992480607,0.0335921546310193,-1.464707917940265,-0.3565256439664436,-0.6308678058353263,-0.4369241172448026,-0.4674425655684196
2025-09-23,066570.KS,0,-0.0176322410643829,-0.4887669878011375,-0.8486660739759432,0.2927700218845601,1.484065304863313,-0.4967718641783521,-0.69767852504415,1.0775471681373645,0.0499427797958546,0.2081560339029143,-0.2629999276892824,0.4661972303231247,-0.0685965950460423,0.0596622263755942,-1.0372336813092944,-0.2872428823497172,-0.2052816906948404,0.2845020856942393,-0.1804256094376491,-1.101559998917016,0.0238844589882022,-0.292941583588053,-0.3402483389875502,-0.6423115775978835,-0.4369241172448026,-0.4479859947742461
2025-09-24,066570.KS,0,-0.0012820656446272,-0.6241923580055136,-0.8528639253086517,0.2927700218845601,-1.0433058681992842,-0.5074465697636951,-0.686796810220689,0.381593203132007,-0.4367336954409268,1.4861337882342704,-0.681217019371929,0.3614617352026403,-0.2796556053740682,0.0335422782161404,-0.2731162620039725,-0.2872428823497172,-0.7749382285190812,-0.0636409902085639,-0.3590959066558301,-0.5793498556016117,-0.0014480484617059,-1.464707917940265,-0.2681616977781451,-0.6560768800332761,-0.4369241172448026,-0.214507145244166
2025-09-25,066570.KS,0,-0.0205391810399973,-0.6435388394632817,-0.8570617797269796,-0.2927700218845597,-0.2691597711898357,-0.5311977445090568,-0.4141593892597708,0.181045542282954,-0.8049626823936862,-1.030299008166189,-0.1881514681334377,0.3445268561539468,-0.312213332220136,0.0297484016039183,-0.6891936795762168,-0.2872428823497172,-0.8105320380493519,-0.2710573950436248,-0.364977014350269,-0.2467913057639482,-0.0224063471531262,0.2929415835880526,-0.2663291877475439,-0.6560768800332761,-0.4369241172448026,0.036748542975945
2025-09-26,066570.KS,1,0.0052424197402469,-0.7789642096676579,-0.8578488827189563,-0.2927700218845597,-0.6906980069758447,-0.5172398869667217,-0.25346870875976,-0.2184199884741623,0.3313228330055642,-0.2595033891913348,-0.7688804189805731,0.23784416671368,-0.53849650052115,5.309483037005829e-05,-0.1986507406739923,-0.2872428823497172,-0.9774842452467142,-2.179282114781857,-0.3685662133457465,-0.6799009354609054,-0.054598514510082,-0.292941583588053,-0.1889242454257201,-0.6749102069365422,-0.4369241172448026,-0.4868991363625931
2025-09-29,066570.KS,0,-0.0143415472564096,-0.0803335806333683,-0.8583736230193997,0.8783100656536802,-0.1937169253091771,-0.5431790013462586,-0.0781429294721761,-0.1563811525983635,-0.9651312166023795,-0.6792172217991858,0.0086047684359543,0.2649337012310402,-0.5030027083274794,0.0016005480114978,-0.7764085774131667,-0.2872428823497172,-0.6189545028255649,-1.7775535076962117,-0.4024993528365692,3.1426726782766985,-0.072193194388361,-0.878824750764159,-0.2112303467719769,-0.6826115558236467,-0.4369241172448026,-0.6230951319218064
2025-09-30,066570.KS,0,-0.0066137268622649,-0.7015782838365859,-0.8596854426682244,-0.8783100656536796,-0.7790575588663565,-0.4836023200437045,-0.6449098861128663,-0.4981240126567011,2.82313597640142,-0.1843870573872399,-0.5819809124354265,0.2100313911886035,-0.6758673599388828,-0.0289300559476948,-0.0029011445165306,-0.2872428823497172,-0.7473898625647595,-1.8474195018635928,-0.3329139011700806,-1.384810272662653,-0.0946767634344734,-0.878824750764159,-1.0952821151775614,-0.6928382603651702,-0.4369241172448026,-0.6425517027159797
2025-10-01,066570.KS,1,0.0173102375027855,-0.3339951361389934,-0.8607348995166374,0.8783100656536802,0.0046017911967787,-0.5446530649614361,-0.4318981200145128,-0.6464522802735388,-1.3211300755919388,-0.7671943565478954,-0.3489361942786363,0.1903833757134745,-0.7585367989595365,-0.0453584429559225,-0.5904652824704505,-0.2872428823497172,-0.7213892893740864,-1.7666958391697023,-0.4056103996799206,1.3286440341422243,-0.112984299615339,-0.292941583588053,-1.2551054726993376,-0.6905649797414881,-0.4369241172448026,-0.7787476982751931
2025-10-02,066570.KS,1,0.0340313836716663,-0.5468064321744417,-0.8612596339791829,0.2927700218845601,-0.5906738466145843,-0.4871290031236333,-0.2293205154066785,-0.4003781628189941,2.8436097685243547,0.0130733424442936,0.3725290117283036,0.2808657419892035,-0.5953712301486888,-0.027851393129669,-0.3586128631458287,-0.2872428823497172,-0.1282076330167227,-0.8552091959003113,-0.1557432506730797,-0.7038416687607371,-0.1096277782637077,-0.292941583588053,-1.0127896581637967,-0.7140237729834356,-0.4369241172448026,-0.0761415772368042
2025-10-10,066570.KS,1,0.0253164418210714,-0.5854993950899776,-0.8567994227890958,-0.8783100656536796,-0.3557784745583751,-0.4712090031246509,-0.4830268237597755,-0.1416377826448365,0.1158401224957069,-0.5796259626093112,0.8767817760831567,0.4397060686123565,-0.2682296106043868,0.0136941050398051,0.3591611966751956,-0.2872428823497172,0.6314097693616056,0.6021994524241483,0.0884210827091382,-0.3013785305851859,-0.0797824700663961,-0.292941583588053,-0.7078345143124156,-0.6670036782189662,-0.4369241172448026,-0.7009214150984999
2025-10-13,066570.KS,1,0.0246913448262926,-0.2298860513868132,-0.8562746941447572,0.2927700218845601,0.3714160284150534,-0.423481421231731,-0.1868354452052082,0.1271413820628921,0.6074145248358079,-0.3457472097513935,0.6139688399978992,0.5359411318555515,-0.0392324495213106,0.0470556503053598,0.8608341128926902,-0.2872428823497172,1.0376486624307306,0.8229932068578608,0.4434328134626241,1.029880656689405,-0.040854818005845,1.464707917940265,-0.602041308668951,-0.6118493979421621,-0.4369241172448026,-0.3312465700092064
2025-10-14,066570.KS,1,0.0156627325359224,-0.2486757902347523,-0.8465671660080822,0.8783100656536802,0.8796731630556911,-0.3823602423013308,-0.4627211344808365,0.3759529375324084,0.2823647737777567,0.3783000200929676,0.5951180456550019,0.6032506590107763,0.174413589002766,0.0848293236073751,0.5993657752143462,-0.2872428823497172,1.1994344539667083,1.4099985242112996,0.5103557900761648,-0.2189611373850034,0.0016720687683261,1.464707917940265,-0.7585079274782391,-0.5712391134691728,-0.4369241172448026,-0.5452688487451132
2025-10-15,066570.KS,0,-0.0047450116538165,-0.272824095643848,-0.8413198344078006,0.8783100656536802,0.6147731778030859,-0.490079389455314,-0.2467166360990556,0.4166337210328463,-1.1998856149593455,0.8843574351043032,0.322845878440754,0.611759588909669,0.2859887255467135,0.1127731536581933,0.5806114249370268,-0.2872428823497172,0.9768985028608154,1.637167324694806,0.3876526611290181,-0.2318822356399817,0.0370855718174956,-0.292941583588053,-0.772736032644657,-0.5760140681769581,-0.4369241172448026,-0.5841819903334596
2025-10-16,066570.KS,1,0.0035757256000052,-0.2735200239061342,-0.8423693089261433,0.2927700218845601,0.5957726855981913,-0.508205740764278,0.0519307570322071,-0.1846624775165626,-0.5717375471373859,0.6206039279975955,-0.292582114233231,0.5325857155416315,0.1749640519865404,0.1065218222474736,0.3097322512631136,-0.2872428823497172,0.3010780414638774,1.453240131594571,0.0665115540589174,-0.1787614744202516,0.0489769546640214,-0.878824750764159,-0.9065950630105696,-0.627771397625952,-0.4369241172448026,-0.2265450622844484
2025-10-17,066570.KS,1,0.0807600661418128,-0.3455473831760497,-0.841844568751533,0.8783100656536802,0.3213383516034918,-0.5163527378760241,-0.3481361846251967,0.3930925024066128,-0.4097958113354039,0.6016856692781178,-0.0416570449028351,0.5033852752503728,0.1561295425834782,0.1104735938189941,-0.3025471007433097,-0.2872428823497172,0.0427702846012842,1.3827350253093895,-0.0668659106107818,-0.344509996064177,0.0522347307969579,0.2929415835880526,-1.0250782817225463,-0.6742231131441967,-0.4369241172448026,-0.245441722377241
2025-10-20,066570.KS,0,-0.0197801827052839,0.0881478146204727,-0.8352854319136617,0.8783100656536802,-0.2989768756899342,-0.3406692050614617,-0.0928611919566145,1.1142401332680416,4.629788974497303,0.3284390777670914,2.2859595365218564,0.7584854687855026,0.9487326526572396,0.2542698131383358,-0.0529058093482847,-0.2872428823497172,1.626531218997333,1.49581590301388,1.0245491606874615,0.9097470119203236,0.1145560950351234,1.464707917940265,-0.1925073035642345,-0.5711792348489331,-0.4369241172448026,-0.2697274414511213
2025-10-21,066570.KS,1,0.0044842669400417,-0.5274599507166735,-0.8205929432494551,-0.2927700218845597,-0.0460591610780183,-0.4591432558978588,-0.6517669020441464,1.03059222127544,-1.1074958342934225,-0.289191446275101,-0.7459916167086192,0.5554594934631844,0.6252153696045587,0.2299094682007559,2.262802265615851,-0.2872428823497172,0.6061124930297973,0.8450743121941583,0.1045861067526625,-1.2245877165748036,0.1243415997870784,-1.464707917940265,0.0614582112040839,-0.5659652340913159,-0.4369241172448026,-0.2704273298278474
2025-10-22,066570.KS,1,0.006696416020018,-0.5274599507166735,-0.8242660722180526,0.2927700218845601,2.300041480988922,-0.5108266371675702,-0.6517669020441464,1.0775456584482932,-0.986644457676048,-0.0373683509484087,-0.0142585353977463,0.4979299113703258,0.5866591961035269,0.2395181616644709,-0.7536368783840344,-0.2872428823497172,0.3824848751975535,0.7715803110560482,0.0257056409571986,-0.1771455361644376,0.1222261214476533,-0.878824750764159,0.071051560875638,-0.5681755118849532,-0.4369241172448026,-0.342864554023453
2025-10-23,066570.KS,0,-0.0243902566744548,-0.0903547854933952,-0.8279391950148318,0.8783100656536802,-0.7559869921179851,-0.4937415056597329,0.1076268337895483,1.4608933942425029,0.2565180544400129,2.2985784471625155,0.0524523394117244,0.4567444923204045,0.5764020195506684,0.2521710286937182,-0.0256474755620211,-0.2872428823497172,0.1632298434865752,0.9432682542678864,0.0391231517966073,1.1893525636710078,0.1143350646597558,0.8788247507641588,0.0601097325262668,-0.6019772467828091,-0.4369241172448026,0.0932985455789774
2025-10-24,066570.KS,1,0.0113636749929373,-0.3503492071273774,-0.8232166154520031,0.8783100656536802,-0.0184430746252308,-0.4481746412300107,-0.105151175851233,0.9714262874117184,0.7741860983239142,-0.7442236384294333,-0.8850157314048416,0.2913912403247503,0.2543908830293622,0.2154129653929888,0.0407220943736152,-0.2872428823497172,-0.7743038347483971,0.3434553913702415,-0.4252258359748183,-0.6868806124000506,0.0748696486539752,-0.878824750764159,0.2202937862044082,-0.6881038466157141,-0.4369241172448026,-0.5258122779509397
2025-10-27,066570.KS,1,0.0011236081274468,-0.0851244667728298,-0.8289886520206827,0.2927700218845601,0.0487975643495737,-0.5137398612824391,0.0314294593774721,1.2520394545440312,-1.11436102500305,-0.0098717859805436,0.1932009588714683,0.3018965752870134,0.3178373665587992,0.2314880000473455,-0.8919497206218779,-0.2872428823497172,-0.3328938202545304,-0.9071323016233408,-0.240082400992777,0.4910383073308535,0.0493224600226614,-0.878824750764159,0.2001443294763498,-0.7052398711185319,-0.4369241172448026,-0.5258122779509397
2025-10-28,066570.KS,0,-0.0033670411475417,-0.3259617715655643,-0.8266273576802343,0.8783100656536802,-0.8961151246268005,-0.5271863712396472,0.1143469375959551,1.3624840059308616,-0.575470508177802,0.0570778377908161,-0.1156045483557762,0.2655665520438467,0.2644168044218771,0.2290517282244998,0.1807506184974147,-0.2872428823497172,-0.2948699935531806,-0.3154352015721249,-0.2156701810492697,-0.6472245553649452,0.0245922289879721,0.8788247507641588,0.2045482145350311,-0.7051719050035108,-0.4369241172448026,-0.0862198068222537
2025-10-29,066570.KS,0,-0.0135134883556822,-0.6043701433971447,-0.8250531723196535,-0.2927700218845597,0.1906638962530975,-0.4994450587773397,-0.4620084071847463,1.2254372268325369,0.7746133740217929,-0.8837453011364721,-0.2510272214064635,0.2172521744971273,0.154167528618908,0.2131716435597578,-0.1264749840293658,-0.2872428823497172,-0.339373547237363,-0.6345285999155096,-0.2263384614368613,-0.8602811444003841,-0.0025260177375101,-1.464707917940265,-1.010940546796921,-0.7065514355049504,-0.4369241172448026,-0.3476937023031599
2025-10-30,066570.KS,0,0.0,-0.087079649849336,-0.8266273605802922,-0.2927700218845597,-0.1205938961863253,-0.49415706734864,0.1991479893397122,0.7792850447088103,-0.0789467737579611,0.1983301770245746,-0.5570094789270255,0.1330437254092377,-0.0594771352256188,0.1785772223932531,-0.2612048102470309,-0.2872428823497172,-0.5569861078841214,-1.304676771049491,-0.3664165768512375,1.6289814630008734,-0.0388471348708979,-0.878824750764159,-1.074285502426847,-0.7134780868849623,-0.4369241172448026,-0.0809597254640536
2025-10-31,066570.KS,1,0.0114154736157139,-0.2945197736620278,-0.8326617719196429,-0.2927700218845597,-0.2570919872938267,-0.4544663513778266,-0.0298925654018988,0.5887717132280327,0.6526935133917112,-0.1115805022527549,-0.1494887389844721,0.1287260370290359,-0.1324183034953051,0.1570539554640502,-0.5656216073220978,-0.2872428823497172,-0.5316700470453941,-0.5646273177908292,-0.3260452952080349,-0.5827115892538116,-0.0671062513256739,-0.292941583588053,-1.0920556358010909,-0.7083398657880794,-0.4369241172448026,-0.3231674923288787
2025-11-03,066570.KS,0,-0.0011285920560873,-0.0678767927309284,-0.8276768352712857,-0.8783100656536796,-0.5655041100458869,-0.474413086535235,-0.2809988007350343,0.4770910388972734,-0.4922754599414168,-0.2474878342544668,0.1947630287476042,0.1799231287977051,-0.0854037965840794,0.1519390909531597,-0.1601858170242346,-0.2872428823497172,-0.1863148889757856,-0.5646339843605332,-0.1565822351810385,0.3609109010721431,-0.0788375709269525,-0.878824750764159,-1.0490764604294895,-0.7115304789895988,-0.4369241172448026,-0.6031601208622025
2025-11-04,066570.KS,0,-0.0158192084364842,0.0292168046470149,-0.8279391832548424,0.8783100656536802,-0.1547471678309379,-0.4738530553165339,-0.1103062472390004,0.2874665218468281,-0.1903346033426422,-0.5545651598062631,-0.1835232279102447,0.1886824096690075,-0.179457994537878,0.1197589225907078,0.1823046965421811,-0.2872428823497172,-0.1797910419826206,-0.7114178346343198,-0.1486628225925009,0.0096310500757937,-0.0905455715500637,1.464707917940265,-1.2969799680818237,-0.7182930885213723,-0.4369241172448026,-0.0829260343262957
2025-11-05,066570.KS,1,0.0528128180022955,0.0166302507638945,-0.8295133774156095,-0.2927700218845597,0.1922383708330616,-0.47611204368741,-0.0925731074417815,0.0656229450271147,-0.2392795332724016,-0.1455859596967962,-0.6265421361282824,0.1532253912433862,-0.4238467446231634,0.0595498922946329,-0.1940461793629701,-0.2872428823497172,-0.5204135206622368,-1.147810171144257,-0.3582735220532029,-0.1995382003756686,-0.1145469103199408,0.2929415835880526,-1.263938133542936,-0.7144491095483666,-0.4369241172448026,-0.2915465766881809
2025-11-06,066570.KS,0,-0.0370774141264298,0.2022772385291966,-0.8266273635813972,0.8783100656536802,-0.1890519313209374,-0.3245677992260061,-0.1512472954526928,0.5588999235996135,2.485888953326962,0.1998978373319917,1.4431658076631413,0.4353066436241913,0.0353053324882845,0.0981627932562355,-0.6347985229015993,-0.2872428823497172,0.6865737535352442,0.8308771563756648,0.4677183287182725,0.1563875771358568,-0.084962522666585,1.464707917940265,-0.4550066374696142,-0.6512032473416172,-0.4369241172448026,-0.0636139051523019
2025-11-07,066570.KS,1,0.0147225238826338,-0.0718417735860974,-0.8213800463964864,0.8783100656536802,-0.635588939740922,-0.4533759961228605,-0.3923872067473832,-0.9501331336683316,-1.1242565697121008,-0.179742253334659,-1.2676171483382055,0.2789202765360004,-0.4287781301828893,0.0176809587982817,1.4243204215602965,-0.2872428823497172,-0.4413365672007037,-0.143842222971505,-0.3024435793061071,-0.6072152179599385,-0.1031847948224197,-0.878824750764159,-0.173914434912886,-0.6557366254078983,-0.4369241172448026,0.03403219422596
2025-11-10,066570.KS,1,0.0111607519399459,-0.3632039317572941,-0.8268897292884356,0.2927700218845601,1.4505549615230888,-0.4997756782563914,-0.3047114512897915,-0.4292578622944029,-0.8738621588196154,-0.6243466647369434,0.2944923907250935,0.3767413591452901,-0.3259320834971858,0.0164472847998483,-1.2725936796638828,-0.2872428823497172,-0.0917248361689738,-0.0943691224974474,-0.1275516001342931,-0.7394980800583586,-0.1033913801609986,-0.878824750764159,-0.1830592003408723,-0.6544513910330312,-0.4369241172448026,0.0213740177396471
2025-11-11,066570.KS,1,0.0253862504560644,-0.4012076915187547,-0.8234789662745036,-0.2927700218845597,-1.281754854591978,-0.469481581295769,-0.5341427504888894,-0.3316325186742203,0.4968569411436725,1.4527684765227362,0.1870814913787029,0.4397609105542854,-0.2534726653705478,0.017596322713476,0.2815238251071343,-0.2872428823497172,0.0907145828976857,0.0714445435729967,-0.0553899275247318,-0.2742572430707979,-0.095201304096813,-0.292941583588053,-0.178349410216955,-0.64955019163609,-0.4369241172448026,0.2080774122594973
2025-11-12,066570.KS,0,-0.0043056688467728,0.0461344865534529,-0.8124596214041262,0.8783100656536802,0.2927597032705124,-0.4636201169954789,-0.2278580793360619,-0.0870002663635977,-0.1024898906802019,-1.2677159954383468,0.6160740304445088,0.5465960250444831,-0.0347710507490185,0.0451862748387529,0.1746624593046306,-0.2872428823497172,0.4417171908598493,0.6073314588748063,0.2423358236731279,1.0163871237733697,-0.0691245304411169,1.464707917940265,-0.120399699113474,-0.6513268016103423,-0.4369241172448026,-0.0676014483587778
2025-11-13,066570.KS,0,-0.0248648888783736,-0.2113923078048679,-0.8166574637506009,0.8783100656536802,0.1844958328665164,-0.4465774565925695,-0.0577093999734315,0.2552254009640083,0.0693126056778531,0.2999841168541841,-0.2793330329373856,0.5187969009238459,-0.1342833686841775,0.0267284310226935,0.601460195126739,-0.2872428823497172,0.2660843631723578,-0.0893212816551189,0.065870031662759,-0.6293874885332106,-0.0601548517596992,-0.878824750764159,-0.1102358455374592,-0.6430220413428961,-0.4369241172448026,-0.3606215755367269
2025-11-14,066570.KS,1,0.0133037446313604,-0.4898831309621626,-0.8226918809394888,-0.8783100656536796,0.6168950859806952,-0.5129457871663704,-0.0932284926115858,-0.3106932422858218,-1.114412531112294,0.1921888088069965,-0.8993290206052755,0.4124425919571198,-0.4389551886718232,-0.0234526271085841,-0.2893658041382363,-0.2872428823497172,-0.5672041906425717,0.2256035514892418,-0.3146466124108859,-0.7860093969546588,-0.0813604950937812,0.2929415835880526,-0.0330204467176166,-0.6696161198991438,-0.4369241172448026,-0.3988415921251552
2025-11-17,066570.KS,0,-0.0415754446591081,-0.4392114512802153,-0.8190187669871385,-0.2927700218845597,-0.2856225808361167,-0.5248790381003959,-0.2695660237559591,-0.1581582743113622,-0.5292326029613957,0.6227166526286262,0.2517068452703574,0.4779143189370892,-0.3013171072516398,-0.0056126221317323,-0.9061897804518584,-0.2872428823497172,-0.3065782616805735,0.2059982632926497,-0.2189179386865541,-0.0264366576868078,-0.0853763145228371,-0.292941583588053,-0.4673373992226337,-0.6855237445933902,-0.4369241172448026,0.0510461446129826
2025-11-18,066570.KS,0,-0.0057077368078569,-0.1902858884405039,-0.8224295092137873,0.8783100656536802,-0.9105420784692904,-0.5077425120373935,0.2893020994942422,-0.6496305960980399,0.3764200544256361,-0.2758949483561878,-1.4032624149573525,0.2576612687183445,-0.7354768381601975,-0.0581443378047576,0.238957178223809,-0.2872428823497172,-1.3017456275784614,-0.8435260127275456,-0.7353652195711939,0.517653989774072,-0.1282899024500305,-0.292941583588053,-0.3960886801590061,-0.6322974930249134,-0.4369241172448026,-0.2079460817909215
2025-11-19,066570.KS,1,0.0022961466041477,-0.527886890723623,-0.8282015488296043,0.2927700218845601,0.2496343893920984,-0.5099196079852043,-0.2520872166775372,-0.5631481291454676,-0.2557727397119107,-0.898109815612359,-0.3216146228505104,0.2271628593887436,-0.7796252298903542,-0.0612593532293927,-1.407544960621143,-0.2872428823497172,-1.1072301281235777,-1.620777676215542,-0.4995919027637301,-0.9007142128081823,-0.1602330743984351,0.2929415835880526,-0.4529605872950756,-0.6201476885022673,-0.4369241172448026,-0.4880216308314876
2025-11-20,066570.KS,0,-0.0103092142056778,-0.021454875034932,-0.8271521010047911,0.8783100656536802,-1.4184773069272048,-0.5389753785540112,0.242462721738241,-0.5368070623885546,-0.966475117029372,0.2570454478706327,-0.0802447852021442,0.2419101621876331,-0.7396429804895616,-0.0548940934871155,-0.3314310738074424,-0.2872428823497172,-0.7219583940168748,-1.5114061856173744,-0.4737110622770293,1.40700530370244,-0.1764160450714295,-0.878824750764159,-0.4946757353304363,-0.6421701857121789,-0.4369241172448026,-0.4370616087135834
2025-11-21,066570.KS,0,-0.0277778157419194,-0.4138756114392417,-0.8368596174270878,0.2927700218845601,-0.3282399371629377,-0.543947095797079,-0.0930876325788443,-0.7830079378987216,-0.4260105891832933,-1.403846717640005,-0.4603794942614083,0.1850037064073443,-0.8359607725303718,-0.0643050038430679,-0.0912961278048728,-0.2872428823497172,-0.7708588620848416,-1.3697343028349211,-0.4084369772402967,-0.9038015640174208,-0.1926010468179489,0.2929415835880526,-0.7517172256986817,-0.6411006824939502,-0.4369241172448026,-0.1867195583287251
2025-11-24,066570.KS,1,0.0142856875093717,-0.2874201688371305,-0.8308252148940103,0.2927700218845601,-0.0849533342054108,-0.4934045606969686,0.1891253847883276,-1.0286930944402812,2.4206138572426696,-0.3183278582111902,-0.9871729643440174,0.0272746012997766,-1.0895844805133656,-0.0867209250125657,-0.4694859990953912,-0.2872428823497172,-1.0801665645700975,-2.0814270047166743,-0.5835808842650347,0.1652799614900531,-0.2226252541551461,-1.464707917940265,-0.7003962125684642,-0.669729937638269,-0.4369241172448026,-0.5262416474199159
2025-11-25,066570.KS,1,0.0152582031656403,-0.4898831309621626,-0.8352854378563821,-0.2927700218845597,-0.4681067676845595,-0.5243168607354352,0.0126303700881346,-0.7238995943790446,-0.8584531575710991,-0.0760941914145109,0.2813188949274129,0.0911530620893815,-0.9264933235748084,-0.0615798005171419,-0.9935842987225564,-0.2872428823497172,-0.5324739865826973,-1.1517798297562576,-0.3017700208511773,-0.6542987673214755,-0.223437583941934,0.8788247507641588,-0.5970795034684963,-0.6734626554060881,-0.4369241172448026,-0.0169278278919438
2025-11-26,066570.KS,0,-0.0127167244980898,-0.5152189708031363,-0.8342359779065532,-1.4638501094227996,-0.9990836082263134,-0.5276803237445645,-0.1285617335224065,-1.2078863368246815,-0.3120962581980741,-0.4575893498371678,0.3106466517150694,0.1665014638593676,-0.7601044819682876,-0.0388601148491048,0.2684177272911774,-0.2872428823497172,-0.0654337254376293,-0.4618823706912138,-0.1310906864208955,-0.2524999754032528,-0.2045358610063293,-0.292941583588053,-0.57719570702236,-0.6787854508423263,-0.4369241172448026,-0.4115815976546314
2025-11-27,066570.KS,1,0.0023419467120933,0.4345292175745688,-0.8331865062573551,0.8783100656536802,0.2794815941541529,-0.5171923328838106,-0.3919303987781751,-0.9397020743205314,0.1719388515237035,-0.9862681406335492,-0.5329817972315722,0.0995643514127204,-0.8773308273284525,-0.0508043212618294,0.2975954379827686,-0.2872428823497172,-0.3025744722430147,-0.7965106418443625,-0.2311964433464675,2.743372109015668,-0.1979152899499677,-0.878824750764159,-0.90593386212917,-0.6937787827163252,-0.4369241172448026,-0.2844065722285687
2025-11-28,066570.KS,0,-0.0023364748125881,-0.4898831309621626,-0.8352854259987109,0.2927700218845601,0.3090422484212698,-0.5427219851480205,-0.3402325055776004,-1.1428337872465175,-0.952477146440906,0.2867634749434427,-0.0788636100837624,0.1085129134181413,-0.8422621928632095,-0.0439582896478544,-0.5417168555821131,-0.2872428823497172,-0.1833881217874796,-0.5172803303175564,-0.1723427335111345,-1.4289969764222965,-0.1860520134604607,1.464707917940265,-0.8995779360933461,-0.7004607397780824,-0.4369241172448026,-0.4880216308314876
2025-12-01,066570.KS,1,0.021077243866286,0.1050412505858623,-0.8352854319136617,0.8783100656536802,-0.541285619808728,-0.5307749536959067,0.595305050581588,-1.3734977837809548,0.3985555791032201,0.3161961917021322,-0.2199488540503713,0.0970615661111777,-0.8475855227596444,-0.0419892229166163,-0.0899220190276366,-0.2872428823497172,-0.3421472423451172,0.3968216324135665,-0.2519375367909565,1.5922922816634848,-0.1752409709536403,0.2929415835880526,-0.9073387927861666,-0.7218482980304411,-0.4369241172448026,-0.5135016418904399
2025-12-02,066570.KS,1,0.0263761736032248,-0.5025510508826495,-0.8352854406232908,0.2927700218845601,-0.0835611909040175,-0.5339463930923309,-0.2520402633332905,-1.4850833589166506,-0.319792325512694,-0.5304514863729144,0.4861290815412559,0.2025570990666055,-0.6267412610281812,-0.0134253321704952,-0.2302854454265784,-0.2872428823497172,0.1182638974055934,0.5586056685654311,-0.0628589678776242,-1.1981800396842262,-0.1454301203587704,-0.292941583588053,-0.7931444439635131,-0.7058564316713507,-0.4369241172448026,0.4416509993868218
2025-12-03,066570.KS,1,0.0592179281008091,-0.5532227305645967,-0.8316123148898817,0.2927700218845601,-0.2257668205157608,-0.515016027621464,-0.2168478824552111,-0.9667021681673036,0.5644419882913208,-0.074708073262079,0.6459267378135456,0.3267053535859539,-0.3685194381853689,0.0197340000753691,0.4721800680312872,-0.2872428823497172,0.6703704779216874,0.7512066141015884,0.1156340852334708,-0.3303662292833608,-0.1000945060641777,0.8788247507641588,-0.9942127790325908,-0.6518691473868672,-0.4369241172448026,-0.4880216308314876
2025-12-04,066570.KS,1,0.0516877618735742,-0.1227372098708018,-0.8245284295308731,0.2927700218845601,0.4859182187044378,-0.3806985603210339,-0.4280794508891025,0.1241366234494886,3.624066464667091,-0.216298241735091,1.636322092558465,0.5872537650047006,0.239231031048233,0.107391445948387,0.6311601706578062,-0.2872428823497172,1.7428073918919993,1.5592797880875415,0.8962966347057539,1.2175322828652653,-0.0173637534384356,0.8788247507641588,-0.4312848476265145,-0.535397330479966,-0.4369241172448026,0.1102881120557004
2025-12-05,066570.KS,0,-0.0260782902211484,0.0713075943196943,-0.8027520755223421,0.2927700218845601,0.6469848595649101,-0.2655121796442807,0.3012562421346774,0.4654829912094052,0.8600421646373814,0.4923066487887982,1.4092379502523928,0.7221436413560589,0.7427882285387803,0.2064210765496759,1.6164884840460838,-0.2872428823497172,2.3245341439248834,1.584526071185303,1.455964305130799,0.2140988540646058,0.0803678223802238,0.8788247507641588,-0.2203496008934328,-0.4259404911913114,-0.4369241172448026,-0.5007616363609638
2025-12-08,066570.KS,0,-0.0164778003504648,-0.4645472911211888,-0.7988166046945118,0.2927700218845601,1.6452451384313538,-0.4829902165394405,-0.1990404019670592,0.6579508233190976,-1.3211300755919388,0.6526761986939669,-0.9359210684940026,0.5135983172021427,0.3896316078908011,0.1743364309276757,1.390566145190512,-0.2872428823497172,0.7687414012873873,1.0500202998327683,0.1932904877184284,-1.1004003611396918,0.1071522902974223,-1.464707917940265,-0.0445425303061868,-0.4621245979785843,-0.4369241172448026,-0.5517216584788679
2025-12-09,066570.KS,0,-0.0104712391465036,-0.743241529371899,-0.8059004637345936,-0.2927700218845597,1.416357676329927,-0.5010713858218857,0.0121608366456635,0.4808424997239251,-0.5434890227895008,1.6466160409528108,-0.6464030230467016,0.3910986402877643,0.172005991900888,0.1527126491768171,-0.9425946168203696,-0.2872428823497172,-0.2161305446223352,0.677342104980027,-0.1909714656257612,-0.9797301191683228,0.0976606875863358,-0.292941583588053,0.097277868636973,-0.5423942778316333,-0.4369241172448026,-0.1187865003453799
2025-12-10,066570.KS,1,0.0021164259175954,-0.3507394269302231,-0.8090488612098304,0.2927700218845601,-0.9474247110005212,-0.5184023075539853,0.2066795133825101,0.3159419318423224,-0.6054354049367707,1.41871919601929,-0.465265614117107,0.3249451508533995,0.0455659992904298,0.1384279681779641,-0.6545577979385481,-0.2872428823497172,-0.803651882404686,0.3484959080361323,-0.4379717267653847,1.5597012244861543,0.0715527255572816,0.2929415835880526,0.1493655524988962,-0.6318447876427835,-0.4369241172448026,0.0763624975856091
2025-12-11,066570.KS,1,0.0179513776261666,-0.2874201688371305,-0.8087864895268521,0.2927700218845601,-0.6556075458649606,-0.4904624200851276,0.1891253847883276,0.4654812053402086,0.6397024871613651,-0.9348328213617314,-0.0856645484223498,0.3200095179533486,0.0553453736106852,0.1431126898276296,-0.4743471206801835,-0.2872428823497172,-0.7391824126638461,-0.2895840468686175,-0.4240337402602056,-0.0175563128849555,0.0480731975149621,1.464707917940265,0.1607291069532839,-0.6308421993841776,-0.4369241172448026,-0.4625416197725355
2025-12-12,066570.KS,0,-0.0072614109578056,-0.7305736094514121,-0.809311232775181,-0.2927700218845597,-0.4730316891781391,-0.5248067468579658,-0.2171765558649401,0.9811534361737684,-0.9072888773950027,-0.6442786310130763,0.3918636121371778,0.371483818170872,0.2145467660863377,0.1725204432097859,-0.0966881625384206,-0.2872428823497172,-0.0448800555336702,-1.1579801144389144,-0.1469305617327614,-1.2215444418609749,0.042195850668341,0.2929415835880526,0.1355248656219396,-0.6888967108539383,-0.4369241172448026,-0.7428217414210087
2025-12-15,066570.KS,0,-0.0271682112005675,-0.5025510508826495,-0.8119348898267518,0.2927700218845601,-0.090416136830314,-0.5135188082176957,-0.0756088255004228,0.7796429611295441,0.1791526016108015,-0.462492956437667,-0.3684681385787766,0.3075121912056419,0.1069479301103165,0.1632695353847346,0.3783968777793532,-0.2872428823497172,-0.1687242586400362,-0.7848106486430413,-0.1675185447098539,0.8078446338857838,0.0234502800871541,1.464707917940265,-0.2866805536988607,-0.7074006255958207,-0.4369241172448026,-0.3480861426151583
2025-12-16,066570.KS,1,0.0343716071555406,-0.6672340098489778,-0.8082617640887154,-0.2927700218845597,0.3909041686849611,-0.5159968164621219,-0.3052748914207566,0.2651923912358504,-0.2690425166797021,-0.0815333512150522,-0.9687893695811164,0.15613833472664,-0.2265327953541644,0.1173827198264296,-0.3780448784942929,-0.2872428823497172,-0.7998404722520858,-1.0097262008646066,-0.3557719791099896,-0.6751127888009382,-0.0215513653661783,0.2929415835880526,-0.8743780381108806,-0.6806283159120151,-0.4369241172448026,-0.2844065722285687
2025-12-17,066570.KS,0,-0.0342678906168316,-0.5912264903260572,-0.8137714525768521,-0.2927700218845597,-0.3754655258661669,-0.5037052720578019,-0.0934163059885748,0.6689587681650003,0.1552866578815049,0.397703816353183,0.8870417565001294,0.2938855337943922,0.0863934588430503,0.1620311284985351,-0.9752947577478734,-0.2872428823497172,0.0451067731314022,0.1378475188281888,-0.1029239727236511,0.1162557910845636,-0.0228272175441317,0.2929415835880526,-0.576859754825227,-0.6742031959438861,-0.4369241172448026,-0.7300817358915326
2025-12-18,066570.KS,1,0.0139784827001494,-0.6165623301670309,-0.8137714469188282,-0.2927700218845597,-0.9805540257250832,-0.5022344841395471,-0.3404672722988363,0.2159836191740522,-0.1645004172867592,-0.3653490561692717,-1.1828914972419056,0.1119360153415742,-0.3255875243198471,0.1034728209079773,0.8710416013983853,-0.2872428823497172,-0.8354735830980099,-0.5531436516656395,-0.3797109664924376,-0.2638742303826962,-0.0616342105669977,-1.464707917940265,-0.4014934339991778,-0.655623475600736,-0.4369241172448026,-0.5007616363609638
2025-12-19,066570.KS,0,-0.0042417458719132,-0.2157030943188438,-0.8135090841181291,0.8783100656536802,0.8900146199932082,-0.4915373004960109,0.5361456864299552,0.331666340016653,0.053868019324843,-0.9678187535365204,0.2720546451739032,0.1702879284549885,-0.2233483152500661,0.1131632878382586,-1.1883015002877564,-0.2872428823497172,-0.3233681861888786,-0.6320731751745261,-0.2313266251555754,1.248872736423,-0.0759992753551462,-0.292941583588053,-0.3673108592731531,-0.6675750297266512,-0.4369241172448026,-0.6663817082441522
2025-12-22,066570.KS,0,-0.0127795286093214,-0.2578955915382305,-0.8116725153013516,0.8783100656536802,-1.1963563804520043,-0.525482782929754,0.4420179442978703,0.1546705875753584,-0.9076489761312267,0.8946541345671669,-0.2774053339355842,0.1565812753689005,-0.3263317267687915,0.0871397923686745,0.2592008751111866,-0.2872428823497172,-0.3355870902828937,-0.5890946165116806,-0.2361267130293874,-0.2697707253767614,-0.0912408268862916,-1.464707917940265,-0.365900893392404,-0.6763655051919379,-0.4369241172448026,-0.5899416750672961
2025-12-23,066570.KS,0,-0.0021575214879577,-0.2241009107440381,-0.813509069244054,0.8783100656536802,0.2701437751729554,-0.5309553429367831,0.5244341318598804,-0.1749092046505238,-0.3862817965093594,-1.1826871229961655,-0.5348757551206748,0.1042321318178696,-0.5048184217258311,0.0526160528602143,-0.287447967592391,-0.2872428823497172,-0.6723131886127698,-0.3522578689152588,-0.4049827749380463,-0.0998405730166328,-0.1141596896749248,-1.464707917940265,-0.4362656709051503,-0.6716325921533928,-0.4369241172448026,-0.6154216861262481
2025-12-24,066570.KS,0,-0.00972975392725,-0.7305736094514121,-0.8158703666199162,-0.2927700218845597,-0.2836795735977553,-0.5465450623219128,0.1709726073673677,-0.7780162766503528,-0.790669013451037,0.2774660697258854,-0.214552231849718,0.1022423481909861,-0.5610990356385507,0.0368770029709165,-0.5436011236408809,-0.2872428823497172,-0.5058892719295521,-1.4040656756888554,-0.2646159781555061,-1.297995870272138,-0.1305885520280664,-0.292941583588053,-0.4357126328572623,-0.7069032940179109,-0.4369241172448026,-0.2122813984308401
2025-12-26,066570.KS,1,0.0021834306950685,-0.3761769743179046,-0.8153456411873122,0.2927700218845601,-0.5431946179895845,-0.5375370087397837,0.8063576078124438,-1.6724831904310264,0.304168853376157,-0.2739603503872115,-0.4429049477034187,0.0757338521334944,-0.6965892954748334,0.0067173678596434,-0.224916433318951,-0.2872428823497172,-0.695056869579726,-0.938936422503335,-0.3852653536862198,1.35374335525247,-0.1489269942721202,-0.292941583588053,-0.5481552926149945,-0.6895988125990805,-0.4369241172448026,-0.2547139880944424
2025-12-29,066570.KS,1,0.0010893368560056,0.0250077256797473,-0.8208553150920437,0.2927700218845601,-0.2203273426777933,-0.5370138008726955,0.4131181048888085,-1.3662163854226872,-0.1771467689956967,-0.5323522224744324,-0.0836439127599043,0.112664246736657,-0.708292431943581,-0.0083686400623584,-0.452100855470961,-0.2872428823497172,-0.4834344619052906,-1.916075847230888,-0.3364362000883559,0.8630120863571751,-0.1563224889835483,-1.464707917940265,-0.933921636020323,-0.6999408221718717,-0.4369241172448026,-0.2207270018419792
2025-12-30,066570.KS,0,-0.0054407574623995,-0.4772152110416756,-0.819018752169702,0.2927700218845601,-0.4504934523186608,-0.53189467726811,0.1008695656766923,-1.139799787946233,0.0216875139440552,-0.2108823057725992,-0.1166380530681704,0.1571575868728111,-0.7326892707813123,-0.0286863777045138,-0.094677864812658,-0.2872428823497172,-0.330898092954709,-1.73891856413826,-0.2274067255381746,-1.0735681393706338,-0.1572596862648659,-0.878824750764159,-1.2905661453346728,-0.7232922732904803,-0.4369241172448026,-0.7300817358915326
2026-01-02,066570.KS,1,0.0175054957141482,-0.7052377696104386,-0.8184940355924312,-0.8783100656536796,-0.0883794549030247,-0.5264067553720645,0.0651606980118943,-1.0674225871745215,0.0119237052933491,-0.4400522643024053,-0.3135634359514279,0.1592156412833134,-0.8110822501235524,-0.0504059366618282,-0.1275032011451503,-0.2872428823497172,-0.4049450214878268,-1.5766823381502006,-0.2404934842145587,-0.8443969416823307,-0.1598790849572613,-1.464707917940265,-1.4403803657024468,-0.7232922732904803,-0.4369241172448026,-0.373668439978064
2026-01-05,066570.KS,1,0.0107527245796961,-0.0340617704273942,-0.8177069324768129,0.2927700218845601,-0.1216356081627209,-0.4940453547880722,0.4013126436302397,-0.7859026948011852,0.9201454835060752,-0.0795054839780225,0.3784173337277761,0.2605022267293748,-0.6525453872753132,-0.0372078689234703,-0.3234210782334124,-0.2872428823497172,0.0563998689889186,0.0180650795234042,-0.012161090725377,2.590351177575484,-0.1422257775564528,-0.878824750764159,-1.2237295183225438,-0.715712218814516,-0.4369241172448026,0.0297991638899954
2026-01-06,066570.KS,0,-0.0180851418419343,-0.3505360118368077,-0.813771438035357,-0.8783100656536796,-0.3201248142066573,-0.4808599969441431,-0.0047545303017929,-0.9209324570303882,0.0828286460877689,-0.1126177057350707,0.1747767772005987,0.3172348754136055,-0.5372430044063462,-0.0227770919002693,0.3650193929567418,-0.2872428823497172,0.2137591754216077,1.0759208616335956,0.0072146311022869,-0.769182872210891,-0.1186047995257263,-0.292941583588053,-1.2557387727986158,-0.6913389076395386,-0.4369241172448026,-0.4752816253020114
2026-01-07,066570.KS,0,-0.0010834358160869,-0.1270073133660944,-0.8137714469414459,-0.2927700218845597,0.37735111073656,-0.4640946412289931,0.3775500972567523,-1.0641925054464727,0.1114015933818573,-0.3102478572316505,-0.6948749628377751,0.2860814933380475,-0.68541870634972,-0.0529145142087306,0.1624206982647085,-0.2872428823497172,-0.336730720017727,-0.0763420884786867,-0.2408993326334771,0.3861083090903945,-0.119320176480781,-0.878824750764159,-1.0981864344721262,-0.6941320412973047,-0.4369241172448026,-0.7046017248325805
2026-01-08,066570.KS,0,-0.0336225116832823,-0.2871964122343733,-0.8190187639656484,-0.8783100656536796,0.1720934045352873,-0.4925006942564591,-0.0222802907244619,-0.6718262516986447,-0.6509973560282699,0.3842094155796138,-0.1821614696540746,0.309501937831794,-0.6696626113853851,-0.0551906870401223,-0.7027817465386478,-0.2872428823497172,-0.3855414694556524,-0.1542294373877397,-0.2585769157886172,-0.5013425539882189,-0.1191474743198301,0.2929415835880526,-1.1392151594861737,-0.696215626314473,-0.4369241172448026,-0.0296064616390478
2026-01-09,066570.KS,0,-0.0123457291880738,0.1938997636133437,-0.819018751984054,0.2927700218845601,-0.704464410854495,-0.4043544009904408,0.4016501192139226,-1.8966452392273627,1.6576159499230434,0.1798400577646667,-1.1634290687688928,0.1327214001494628,-0.9816301439982308,-0.0879063311063841,-0.1926913881077746,5.1597207973470205,-1.1962400567408242,-0.8562444396922463,-0.8519070171692317,0.9564145666759668,-0.1482602383226005,-1.464707917940265,-0.7982560763194619,-0.6487337636631071,-0.4369241172448026,-0.3478815700072513
2026-01-12,066570.KS,1,0.0318181826314303,0.0418237000394773,-0.8271521009569898,0.2927700218845601,-0.187679359074874,-0.4475076415635262,0.5777147324667657,-1.628769730429242,-0.6510118729531978,-0.6929240451490587,-0.5217938434424723,0.0566790006564726,-1.0703756108725422,-0.089999751132685,-1.1689386451109034,-0.2872428823497172,-1.237434936193753,-1.6340738257142589,-0.8100703334852425,-0.4171124132954005,-0.1740379384532286,-1.464707917940265,-0.7941973593880591,-0.6129022383908247,-0.4369241172448026,-0.123080902463717
2026-01-13,066570.KS,1,0.0187225045807275,-0.1354254713006303,-0.8279391978747721,0.2927700218845601,-1.1767393970101832,-0.451997718403903,0.2599513118154433,-1.2098995154024323,-0.2623935195879074,-0.1783756215346937,0.8100391777384908,0.2201559235763064,-0.7341092397203246,-0.0473555474152715,-0.53058614138352,-0.2872428823497172,-0.1695363918500031,-0.9649579138742004,-0.1502043474527513,-0.4894408561299233,-0.1571766978136554,-0.292941583588053,-0.4953130966575182,-0.6451820561720083,-0.4369241172448026,-0.2841815423598707
2026-01-14,066570.KS,1,0.0162162281769677,-0.3758718516777813,-0.8192811208528821,-0.2927700218845597,-0.5300088202801919,-0.3289356586846495,-0.2165192090454816,-0.7599870151572022,1.567499253935291,-1.1631550411929117,0.4151181722360278,0.3439086386785473,-0.5206147537328556,-0.025877853387081,0.7944329817251895,-0.2872428823497172,0.3488179967153718,-0.2276881858551734,0.0588024720085382,-0.6674046171009264,-0.1252465761984039,0.8788247507641588,-0.4855706624257543,-0.6424533047188918,-0.4369241172448026,0.1996522661091488
2026-01-15,066570.KS,1,0.0468084496987861,0.4806460126304419,-0.8184940208750476,0.2927700218845601,0.8124005486228648,-0.4522230637611658,0.8368313524538634,-0.2593868227261529,-1.100086075627985,-0.5192234924500215,0.3395374200513945,0.4439872534821488,-0.3415042103414594,-0.0067664042003212,0.4015324633523365,-0.2872428823497172,0.700966469945364,0.0656888367907105,0.6074522658055448,2.042797127696852,-0.0874030817807642,-0.292941583588053,-0.4542378625924919,-0.6152589619109732,-0.4369241172448026,0.0467108279730642
2026-01-16,066570.KS,1,0.08638212821183,0.2983239439933364,-0.8108854297139859,0.2927700218845601,0.4143433978150022,-0.0535926615616023,0.2779555040190409,0.3655357680502003,4.629788974497303,0.8173759742636187,1.2620945291353536,0.6242890234543368,0.1239192420185505,0.0651560637426015,0.3263383959348024,-0.2872428823497172,1.4557241948755772,1.2721142534069272,1.0878258003773065,-0.4175168859696101,-0.0188235759718508,1.464707917940265,-0.2188548024706911,-0.5362666382736493,-0.4369241172448026,-0.1315469631356469
2026-01-19,066570.KS,0,-0.0177735995394184,0.292566402258233,-0.8040639181694011,0.2927700218845601,0.3381624440258965,-0.1489896534882989,0.3887863737143167,1.140074228333671,-0.531664745229086,0.4210416012950387,2.455501762368595,0.8759095577220827,1.013216603986104,0.2332558937624291,1.2441755363686695,-0.2872428823497172,2.770528904456298,1.637167324695879,2.064138698067963,-0.1856228201377419,0.1062664034769589,0.8788247507641588,0.4650125926695959,-0.3935965758966697,-0.4369241172448026,-0.3733615810662033
2026-01-20,066570.KS,1,0.0409523916629179,-0.1229097711818324,-0.7738918564666967,-0.2927700218845597,1.2680457603925896,-0.363067968798048,-0.0058435197781622,0.8351340329599469,-1.1091574756175395,0.3451903560884743,-0.6854799090734909,0.6551354192837597,0.7251021624512607,0.2241778888272486,2.4314770828404195,-0.2872428823497172,1.3350886324609703,1.2343203104130829,0.6731756699171154,-0.7911487016462461,0.155973418816523,-0.292941583588053,0.2652418179568871,-0.3948149092722813,-0.4369241172448026,0.488030217735319
2026-01-21,066570.KS,0,-0.0283623361566578,-0.0225923169456663,-0.7914703560712498,-0.2927700218845597,2.4709300749656102,-0.2926751621671469,0.07462856657366,1.0435221768163925,0.3949203431077142,1.2710491690206636,1.085495782674743,0.715291579511422,1.1072907326934278,0.3184330305636567,-0.6934347595648058,-0.2872428823497172,1.5412876386957897,1.2851650463242608,0.8730898646634196,0.0251509587283157,0.2172395963960086,0.8788247507641588,0.0560924163817652,-0.3999048300691397,-0.4369241172448026,0.3046706624838068
2026-01-22,066570.KS,0,-0.0056497070442655,0.3590987431171676,-0.7675950856989994,0.2927700218845601,-0.6949947491221707,-0.3841413177867038,0.3209247367012417,0.7205163800420162,-0.7832887244491289,2.4687274411041544,-1.0048001073626132,0.4743957990367057,0.6891399327157635,0.2809967783476204,1.0684803009630734,-0.2872428823497172,0.0100521065650907,0.7776063597082664,0.0132549950048855,0.5302903743124047,0.2079997553329832,-0.878824750764159,0.476847752062944,-0.5240163883750676,-0.4369241172448026,0.2988803579980024
2026-01-23,066570.KS,0,-0.029356018319966,-0.0093128992746928,-0.7817628306451923,-0.2927700218845597,1.0900446085852509,-0.4411606963882911,0.2955823109501567,0.5683473415167567,-0.7341529724652137,-0.683495367791327,-0.3198646430099977,0.3776812664961953,0.545310515806563,0.2740420445554752,-1.0111212580965632,-0.2872428823497172,-0.5346932820103725,0.4756393764049997,-0.363737388560935,-0.699258911508036,0.1793982414671509,-0.292941583588053,0.5648908749446837,-0.6580786174682219,-0.4369241172448026,-0.1189600436003502
2026-01-26,066570.KS,0,-0.0117073715466671,-0.4638456595248626,-0.7851735728103393,-0.2927700218845597,-1.0168507318512965,-0.4162579447420302,-0.3856944740684399,0.1814574840541021,0.1295046489667849,1.0938184001572764,-1.0347661738437963,0.1934441437010455,0.1494595727879086,0.2214715152449955,-0.3296900471795863,-0.2872428823497172,-1.1305016356079962,-0.9169174116475552,-0.5342512200686047,-1.0106620475764496,0.1146401649769496,-0.292941583588053,0.8019176245440123,-0.6149198759576541,-0.4369241172448026,-0.0180717423090833
2026-01-27,066570.KS,0,-0.0138203359435822,-0.114642836377011,-0.7946187532238863,-0.2927700218845597,-0.326476060388646,-0.4520811921978966,0.0530143760944381,0.2310523788517808,-0.6017694702696275,-1.003958368750471,-0.5025431532041763,0.1144126045780252,-0.035671986341671,0.1939177771956753,-1.0409340127741034,-0.2872428823497172,-1.2604377232572797,-0.8450763521859188,-0.7500760619297305,0.8276065728674092,0.0491812275002675,-0.878824750764159,0.6935227223250668,-0.5748864986777302,-0.4369241172448026,0.3657912948962551
2026-01-28,066570.KS,1,0.010010044007346,0.0165908016722365,-0.7927821933986667,-0.2927700218845597,-1.0470547647546429,-0.4353421550131938,-0.1019819636042822,0.1047707625502666,0.040488975085118,-0.3165716154357146,-0.5662629561032586,0.0354639613526614,-0.2316010523962358,0.1628257330699581,-0.511433941150366,-0.2872428823497172,-1.1468988663021316,-2.179282114781857,-0.7427840472942209,0.0855896498832596,-0.0155406881532714,-0.878824750764159,-0.4202749534079477,-0.5995545166923119,-0.4369241172448026,-0.0047167593585813
2026-01-29,066570.KS,0,-0.0178394893792185,0.0124508850836889,-0.7977671328799956,-0.2927700218845597,-0.5106052565280151,-0.4120121897100541,0.0853954673209793,0.4788039614773453,0.0961964438870929,-1.0340316796244873,0.1523800630126008,0.0703776817886529,-0.174115486355366,0.1671182812508525,-0.5748277420392613,-0.2872428823497172,-0.5853277459695039,-1.6564792994881286,-0.3974835922684061,-0.184583533769112,-0.0525512008303192,-0.292941583588053,-0.3811793648370705,-0.6287109181534826,-0.4369241172448026,-0.4618359956074825
2026-01-30,066570.KS,0,-0.0252270102047649,0.0826267657788542,-0.7980295104463551,-0.2927700218845597,-0.5748310709026548,-0.45051619975435,-0.347902667156715,0.4036044338515564,-0.6208623628670661,-0.4999039066632386,-0.687466922016653,-0.0189554700297469,-0.4082098419574479,0.1280376374688039,0.1401385697080949,-0.2872428823497172,-0.7297075150794993,-1.7302870234942378,-0.5013070576147535,-0.0506543990722558,-0.0982403025810389,-0.292941583588053,-1.0121248872037816,-0.6779132169295662,-0.4369241172448026,-0.1106460665791571
2026-02-02,066570.KS,1,0.0383023007164884,-0.1729830219289844,-0.8024897185338726,-0.2927700218845597,0.1495188336390404,-0.457877368469867,0.3096675755646825,-0.0231299905169943,-0.3046141717879389,-0.5638517538929849,-0.9102493653005728,-0.1384352091699514,-0.6933518662757436,0.0848032893706892,-0.6954116065911844,-0.2872428823497172,-1.1099511340622186,-1.696186238091706,-0.6436628777316145,-0.6138445269237793,-0.1538861417526731,1.464707917940265,-1.0420826039770603,-0.6470758655832223,-0.4369241172448026,0.0213343441666366
2026-02-03,066570.KS,1,0.0249251901307954,-0.1577185825904639,-0.8014402498986926,-0.2927700218845597,-0.6969975413255562,-0.4620384072021203,0.1860920854855201,0.1079027186822154,-0.2627637013532047,0.1573631888451144,1.005578074161684,0.0312788971239976,-0.3340550760572411,0.1316329171377074,-0.917054254693064,-0.2872428823497172,-0.002078062687161,-0.4545395967414896,-0.0624986066997277,-0.1449492916926687,-0.1507359239752871,-0.292941583588053,-0.4289031051780871,-0.6575328862783754,-0.4369241172448026,0.0171708697714149
2026-02-04,066570.KS,0,-0.0243190335946514,-0.143876488038382,-0.7972424072719326,-0.2927700218845597,-0.9215491437676258,-0.4229456753522838,0.3985471430330261,0.1685051174954848,0.4095380914599814,-0.6854894919780278,0.6021700228362298,0.1377428849322144,-0.126839599854218,0.1552780222497793,0.9889714658683152,-0.2872428823497172,0.5394458141669323,0.2101471449346294,0.2299534199827174,-0.148352695936573,-0.1226844994782232,0.8788247507641588,-0.4069779942087005,-0.6232384241616542,-0.4369241172448026,0.0877460797272653
2026-02-05,066570.KS,0,-0.0109671433076581,-0.2952256544079172,-0.793306912798116,-0.2927700218845597,1.0094922578453174,-0.4859906419654909,0.3806272591875721,-0.3470145513313206,-0.9372539267344336,-0.909069242705645,-0.8828678861247411,0.018733437683984,-0.4334340066217071,0.1052620951612837,0.5876273229304311,-0.2872428823497172,-0.1335792077702194,-0.3591291629647348,-0.1411799067866743,-0.4880706202607024,-0.1302934831404116,1.464707917940265,-0.3197379204582246,-0.6258646390011385,-0.4369241172448026,-0.1693182314797887
2026-02-06,066570.KS,1,0.0342741829887454,-0.2257609461059711,-0.8024897243814969,-0.2927700218845597,0.6028806639159061,-0.4885711004550486,0.1394882658699502,-1.258124795334526,-0.2506845121479514,1.0136146772575294,-0.4802203930294895,-0.0117202249613953,-0.6015285966479376,0.0649175737777377,-0.8898128641058198,-0.2872428823497172,-0.4507199614317794,-0.2555431942044264,-0.2944224440577912,-0.0121141493025418,-0.1457230541976412,0.2929415835880526,-0.3321380717814407,-0.6262831035613317,-0.4369241172448026,-0.153966931282303
2026-02-09,066570.KS,1,0.0136452246202389,-0.5277481064518222,-0.7948811217607221,-0.2927700218845597,-0.8939502228852861,-0.4776036153378634,-0.1367983776745069,-0.7239727462335295,0.0210193770040526,0.6087628845069067,0.8841037757585398,0.1862877528121628,-0.3240543217599159,0.0774461785007549,-0.489225388244986,-0.2872428823497172,0.1669331124936666,0.5963170637357015,-0.0503865591994252,-0.846528753361658,-0.1201210843928831,0.2929415835880526,-0.148298405882431,-0.6627065806405862,-0.4369241172448026,-0.1400460695907273
2026-02-10,066570.KS,1,0.2298077105763081,-0.5277481064518222,-0.7893714419741225,-0.8783100656536796,-0.4881052269284307,-0.4529023755298766,-0.0402229082875537,-1.0462372656512893,0.2441371380711888,-0.8815897690162217,0.2620047175947047,0.2752956767957966,-0.2490907151208192,0.0692346815520809,0.8681186518964429,-0.2872428823497172,0.3470680304316936,0.3766878268281166,0.0131277641316261,-0.1771455361644376,-0.0899880420854496,0.8788247507641588,-0.2255680517589642,-0.6413950914901577,-0.4369241172448026,-0.2922564741821837
2026-02-11,066570.KS,0,-0.050820910799649,2.8198858327464564,-0.780975735470522,1.4638501094227998,0.8870533081692459,0.9073670301628964,1.5648797057241612,0.8143289703014529,4.629788974497303,-0.4775012564281468,3.2799399175535657,0.9079232518833392,1.9871113186364275,0.4612603084676286,0.2492023647750426,5.1597207973470205,3.555485352199674,1.211804420802835,5.1901700615863415,4.648913285754266,0.1661555646080624,1.464707917940265,3.1377726661674044,-0.0900615917435152,4.412205689340532,-0.2223964834792882
2026-02-12,066570.KS,0,-0.0345963746563269,0.699859126400187,-0.7250918256391775,0.8783100656536802,0.260014039144072,-0.0006827012269706,0.5128866270871806,0.3568067981751552,-1.315956468694176,0.8917056392002766,-1.682074155015779,0.6282959417723327,1.1677876210951557,0.3730719173857874,3.255957501319405,-0.2872428823497172,2.373479562215267,0.8381311718965804,2.284357892763185,-1.4155740012198368,0.2464237737920808,-1.464707917940265,3.4653267565230323,-0.0443032127951509,-0.4369241172448026,-0.526102073409246
2026-02-13,066570.KS,1,0.0332764207671689,-0.2562898247830122,-0.7510660310497503,-0.2927700218845597,3.247920263226486,-0.3236893476754134,-0.0962381009064893,0.2819628742827107,-1.2200731596438772,0.2673801748507483,-1.1927974560373735,0.3701404935626471,0.6436743647362507,0.3097111466107198,-1.6849302495044656,-0.2872428823497172,0.3667840480590075,0.6007207924534562,0.102954003733039,-1.2969129016482457,0.2345097348285553,-1.464707917940265,3.4653267565230323,-0.1408543945953517,-0.4369241172448026,-0.526102073409246
2026-02-19,066570.KS,1,0.0206441329349755,-0.0792628687182032,-0.745556360106559,-0.2927700218845597,-1.6995031457990435,-0.3627524852978801,0.1023551095594497,0.5051645781650493,-0.4794013439959553,3.242354842200024,0.8540146686293223,0.448039236212221,0.9497168010164684,0.3789369636014252,-1.1981567784104472,-0.2872428823497172,0.3946681412594511,0.6137087883726933,0.1728311235139215,0.2271555355363108,0.2456505500398777,0.2929415835880526,3.4653267565230323,-0.2595027657030339,-0.4369241172448026,2.759985837723474
2026-02-20,066570.KS,1,0.0728154585404043,0.0541042865107029,-0.7447692514982288,-0.2927700218845597,-1.2063410044127565,-0.3638055653809682,0.3849237749435188,0.6810908988347306,-0.2089882493855211,-1.6836562862187674,0.4730679323724225,0.4472476148486909,1.0900654670416436,0.428527805537648,0.8381834860690275,-0.2872428823497172,0.0449915076913437,0.6411675465812151,-0.0055817871327489,0.0818781291843971,0.2559712350552495,0.2929415835880526,3.4653267565230323,-0.5338176611392373,-0.4369241172448026,0.7084907431483097
2026-02-23,066570.KS,1,0.0143287919701675,0.5957256228326524,-0.7313886230879659,0.8783100656536802,0.8567252575279026,0.0442621196526533,0.3193748070058126,0.8960013447426823,3.261049561127113,-1.1926285338432772,2.0463772552437693,0.6426689597821532,1.8286120176168947,0.6007210873983497,0.459185742058551,-0.2872428823497172,1.892259817343195,0.072569291857807,1.7232343069567313,0.7682369225451482,0.3294181592112079,1.464707917940265,3.4653267565230323,-0.4324827447071378,-0.4369241172448026,-0.2530990838742597
2026-02-24,066570.KS,0,-0.0089219168103278,0.0742198148309902,-0.7069886189017411,-0.2927700218845597,0.4727533483835811,-0.3624539450576568,0.2198258556333575,1.0564665807468674,-1.3211300755919388,0.8615088473328243,0.2826187785174961,0.5458454815397116,1.844494836071701,0.6621291985367416,2.024445730522596,-0.2872428823497172,1.6854473274436472,0.8916280134517481,1.0496683491075434,-0.8221160826703279,0.3667820887075728,0.2929415835880526,3.4653267565230323,-0.3376904832651601,-0.4369241172448026,-0.0750647725360089
2026-02-25,066570.KS,1,0.1005252021684639,0.4499387178381035,-0.7077757101927618,-0.2927700218845597,2.0585566297380598,-0.436239018239593,0.3092120262366696,1.14450406897761,-0.8220270009644084,0.4791987555798957,-0.4185433342564528,0.3680263880313952,1.5719081694711954,0.6594463405142512,0.2697109604422433,-0.2872428823497172,0.668235370010089,1.389614146005848,0.5662592497405421,0.468791708427846,0.3476320041906763,-0.878824750764159,0.6331861155519418,-0.4080654787658822,-0.4369241172448026,0.0590612959686505
2026-02-26,066570.KS,0,-0.0068167090347608,2.794196762464157,-0.6878358931339296,1.4638501094227998,0.2807918003752478,-0.0631814171395648,1.5648797057241612,1.31839057280128,4.56754904739529,2.0581387341522626,2.8820086577141044,0.6430343279949017,2.562885717120381,0.9072461120002738,-0.4278638804345641,-0.2872428823497172,2.377348037474614,1.4736055124331082,4.947721935613467,2.9689147594295027,0.4389252502270303,1.464707917940265,0.8770512444084213,-0.2943976825959729,4.412205689340532,0.6037646776552211
2026-02-27,066570.KS,0,-0.1242278094810791,0.8407949424129695,-0.6807520480500787,-0.2927700218845597,-0.425938378512334,-0.2842500696821774,0.7577227758612288,1.2145599274640548,-0.9827317978461132,0.2880680106364791,-0.3550574446141135,0.4310679166254533,2.212422078712123,0.9030934456933892,2.8558018919440515,-0.2872428823497172,1.187152545898386,1.3203287977162756,1.26581717066856,-1.283805526661783,0.449707813842703,0.2929415835880526,0.5629208452953569,-0.3624089310755328,-0.4369241172448026,0.0792912898143129
2026-03-03,066570.KS,0,-0.1457680577630264,0.7373726112386539,-0.6928208465126034,-0.8783100656536796,2.900823945374289,-0.273128513854563,0.3720518146197886,0.4059486743509548,-0.1312142508678894,-0.415603464022153,-2.6155589853821524,-0.245620682917386,0.4388105893121289,0.5823872612833839,-0.3647027960599794,-0.2872428823497172,-2.256570635605031,-0.5390660724095948,-2.168333740109772,-0.2901503020640592,0.2375268362132419,-1.464707917940265,2.3578902533822315,-0.2906772385175226,-0.4369241172448026,0.4571481859648966
2026-03-04,066570.KS,1,0.0587156078593604,0.1221466500262101,-0.7508036806357403,-0.8783100656536796,-0.3619483349455722,-0.2902236983633006,0.1418011863982295,-0.225689971844131,-0.3021372179368796,2.8967607454316044,-2.6155589853821524,-0.9009602012486916,-1.25697237995211,0.2826282514893536,-2.6136392030267053,-0.2872428823497172,-2.256570635605031,-1.2014533647059833,-2.5280906018819045,-0.884136051598562,-0.1089609979002145,-0.878824750764159,3.4653267565230323,0.1027346733308711,-0.4369241172448026,2.759985837723474
2026-03-05,066570.KS,1,0.0225303782354397,0.0519707693310448,-0.748967117333014,-1.4638501094227996,-2.640400962630117,-0.3584601927785896,0.5268115861824477,-0.1518229624666196,-0.6314850336655948,-0.3518903671922299,1.6211738265374849,-0.6649853235583252,-0.7579524156196019,0.3394927265233565,-2.6136392030267053,-0.2872428823497172,-2.256570635605031,-0.8650957606850237,-2.0691715970467706,-0.2936165883167183,-0.2717071533486,-0.292941583588053,3.420657635793578,0.1986115107353012,-0.4369241172448026,0.850228541190458
2026-03-06,066570.KS,0,-0.038983087483585,0.0630952920810173,-0.7652337768822148,-0.8783100656536796,-2.640400962630117,-0.4459983359676641,0.3008871188676876,-0.1233723082343251,-0.9245993111344148,-2.620481929231141,0.529950660231149,-0.5556636634383691,-0.6217184681293699,0.3248471702314651,1.6014177192876466,-0.2872428823497172,-1.4494607007040792,-1.4437776012596153,-0.9548140588909314,-0.1576965293622228,-0.3482305140822156,0.8788247507641588,3.450302413430731,0.0387192871402708,-0.4369241172448026,0.7462176949503242
2026-03-09,066570.KS,1,0.0220458950478443,0.2312583603462805,-0.7696940051540837,-0.8783100656536796,1.6299765770533154,-0.4613909487621052,-0.1889094918518089,-0.9660359082535682,-0.4112314921844204,-2.620481929231141,-1.3250857601544983,-0.7058095845486396,-1.0792209696254107,0.227753683883421,0.5157774476167811,-0.2872428823497172,-1.0641643180016251,-1.496417977612759,-0.7738512392239681,0.1143869742569911,-0.4379530022716996,0.2929415835880526,3.4653267565230323,-0.3669087029387632,-0.4369241172448026,0.1274908481656357
2026-03-10,066570.KS,1,0.0172562450195659,-0.1284849309290929,-0.7473929079072726,-0.2927700218845597,0.5300877931615064,-0.4604348970809664,-0.2077284161465445,-0.6835047485817761,-0.1852723499585352,1.6314135613902263,0.5153402989460415,-0.6047528527388568,-0.9162332889084454,0.2327810109252143,-1.3297682716916266,-0.2872428823497172,0.1161674438187847,-0.9144640781700564,0.0055968184893192,-0.7306031077446832,-0.4594901614234993,-0.292941583588053,2.7003841410601246,-0.562019546452748,-0.4369241172448026,0.0569156382097852
2026-03-11,066570.KS,0,-0.0330789176151252,-0.5277481064518222,-0.7492294711007961,-1.4638501094227996,-1.3396798359471007,-0.4609067103928895,-0.4265247858353657,-0.4739382301628232,-0.2073581013150316,0.5362850588266602,0.3709007825002989,-0.5111571024827026,-0.8169692337331524,0.2178440266255401,0.5012418355765205,-0.2872428823497172,0.163811681963411,0.6672407827401183,-0.0514871539659673,-0.9862428638717436,-0.4412528483015592,0.8788247507641588,2.800471128864375,-0.6443126202722412,-0.4369241172448026,0.0681034640120488
2026-03-12,066570.KS,0,-0.0078946875951445,-0.0667160011817914,-0.7552638942770873,-0.2927700218845597,0.5153614081265449,-0.4711842659651318,0.0232774415527867,-0.7434369661880257,-0.3588410334703219,-1.3253902794400445,-1.1470361248410872,-0.6203784119728722,-1.2120842698649774,0.1262684963734506,0.3575412977617434,-0.2872428823497172,-0.7185259477312192,-0.442308133902037,-0.4619161314504648,1.2647192079459817,-0.457100854251156,-1.464707917940265,2.10270792284735,-0.6320901834871369,-0.4369241172448026,0.2372234484294101
2026-03-13,066570.KS,1,0.0097258760603864,-0.2521499081944646,-0.770218725026717,-0.8783100656536796,0.3697748690988073,-0.4963700830075332,0.054398611022584,-0.8676524397988623,-0.6261268658488605,0.5216224090863404,-0.38756560305605,-0.6294393045427814,-1.3304959901693412,0.0872480350726013,-1.1526295704424208,-0.2872428823497172,-0.7026667413228226,-0.943740602791126,-0.4142780867733844,-0.5335139828854529,-0.4626272458724824,-0.292941583588053,0.2038255645872704,-0.6386082977433959,-0.4369241172448026,-0.1245669282707327
2026-03-16,066570.KS,1,0.0026269997448757,0.140255778937608,-0.7641843223892858,-0.8783100656536796,-1.1602162734934862,-0.5059574831247001,0.0221928867744014,-1.2110962250585802,-0.411599397954229,0.3766659636585439,0.1438105264899125,-0.5651929332090629,-1.2770938681771045,0.0750090296906414,-0.3970446368970681,-0.2872428823497172,-0.4710427483903945,-0.1242706559213111,-0.3399243320103552,0.7153741960160515,-0.4405135535006953,0.2929415835880526,-0.2943443110743344,-0.645036604575247,-0.4369241172448026,-0.526102073409246
2026-03-17,066570.KS,1,0.0480349227887517,-0.0458893004682844,-0.7536896849750357,-0.8783100656536796,-0.3947146470614445,-0.5010853922501065,0.148897728017318,-1.2892809017255864,-0.0785471931249207,-1.146703429194027,-0.070267382390005,-0.5405632363830168,-1.19850739863199,0.0910497382899909,0.1316128764806721,-0.2872428823497172,-0.3286401636580042,-0.5968519487527697,-0.2387923217619505,-0.4821028766034052,-0.4093656201099073,-0.292941583588053,-0.4112140269260672,-0.6483429617650337,-0.4369241172448026,-0.0624465082278345
2026-03-18,066570.KS,0,-0.0316666938915122,0.1950401025234844,-0.7550015169737461,-0.8783100656536796,0.1408812447429391,-0.473746651644082,0.0020193727023713,-0.9962790160442156,0.4394136313227859,-0.3845148678213001,1.2990807763564307,-0.3354580400555595,-0.7235757976855682,0.1610291131989356,-0.0813697711859924,-0.2872428823497172,0.9185610646092628,0.0714445435729967,0.6266469913480546,0.2779491774213503,-0.3214723343105132,0.2929415835880526,-0.3310844018485795,-0.5978604949283288,-0.4369241172448026,-0.248935609479038
2026-03-19,066570.KS,1,0.0146299773994764,-0.5117724947200823,-0.7563133540951299,-1.4638501094227996,-0.0748966988770129,-0.5158733565746592,-0.7905471517680772,-1.7943240267557308,-0.9300068463063292,0.1487629831406097,-1.1044482717521231,-0.4763608212412814,-1.043798856622638,0.1151058167884128,1.2809725552746116,-0.2872428823497172,-0.1227917516397612,0.0908475834419034,-0.1514169150883112,-1.2915807718708177,-0.2949051224835072,0.2929415835880526,-0.1507779346044224,-0.6009808892809688,-0.4369241172448026,0.1457030253749417
2026-03-20,066570.KS,0,-0.0712468172996279,-0.3368790558349312,-0.7534273225335345,-1.4638501094227996,1.3053257226705277,-0.4890852719168331,-0.3534906606762553,-1.6680916221221944,0.5729156835997641,-0.0660810808625084,0.2917015042934998,-0.4111176351014841,-0.88548728925361,0.139947517493184,-1.11025960449505,-0.2872428823497172,0.05546649725811,0.4676097303756745,-0.0599278150981759,0.3581909500340468,-0.2527177985109098,1.464707917940265,-0.164558613838043,-0.6159854853705033,-0.4369241172448026,-0.0415012951292167
2026-03-23,066570.KS,1,0.0438356048173536,-0.1979496392310388,-0.7683821676216395,-1.4638501094227996,-1.1172902218947671,-0.4738772277007214,-0.1597403616028281,-1.3784674313936292,0.1082645875871296,1.308167784887084,-2.298049861049424,-0.7224012739906613,-1.5492127447915338,0.0542719453642924,0.2787472173541538,-0.2872428823497172,-1.7658096105525,-0.7263187044262756,-0.9686273159657746,0.1677682004944066,-0.3033827987801265,-0.878824750764159,0.3905629738210705,-0.530080590071611,-0.4369241172448026,0.2007990940107978
2026-03-24,066570.KS,1,0.0034995329685882,-0.1562962378040248,-0.760773565218781,-0.8783100656536796,0.2899466538613651,-0.5050925861820631,-0.2465139315281009,-0.1669958466124753,-0.7416223905068237,-1.1039631600897866,1.1724436622437997,-0.5048902056857546,-1.0619275951053142,0.1225626779381533,-2.2977545126701635,-0.2872428823497172,-0.5825717551257549,-0.2868280216961101,-0.3704508207266087,-0.0872286121497504,-0.2772256080992775,0.2929415835880526,0.6330428396066103,-0.529249508326407,-0.4369241172448026,-0.5100355539588051
2026-03-25,066570.KS,0,-0.0148212338120532,0.0707910706356619,-0.7557886256676488,-0.8783100656536796,-2.320370435951543,-0.4935781726338673,-0.2195454668427419,-0.5480320805642118,0.0838166325213631,0.2971832422274092,-0.0439547549178937,-0.433231929140162,-0.9450004347488158,0.1294405042366529,1.1549833394900777,-0.2872428823497172,-0.2250814979563439,-0.80056516507687,-0.175848649354793,0.2946098334317303,-0.2477425602798861,-0.878824750764159,0.626196123571317,-0.5764179479885105,-0.4369241172448026,-0.3341469003794193
2026-03-26,066570.KS,0,-0.0088495871147102,-0.0354759501115309,-0.7605111964541642,-1.4638501094227996,1.1776829583509434,-0.5135559704345074,-0.2228817409917042,-0.862322821846768,-0.6264389880537662,-2.3018364838107157,-0.5964466236530754,-0.4405649213282645,-1.0089843173927473,0.1103119271691624,-0.055191763864273,-0.2872428823497172,-0.4879532854664965,-0.6302523765091592,-0.3328888024013803,-0.360309948048826,-0.2382727684804783,1.464707917940265,0.6511424134287047,-0.5821373874351703,-0.4369241172448026,-0.194426918973628
2026-03-27,066570.KS,0,-0.0256410256410256,-0.1959432398221495,-0.7741542221737351,-0.8783100656536796,-0.0483751176597991,-0.5168220661764886,0.1810718962586507,-0.6097605091880468,-0.2910200446522479,1.1810774541194866,-0.4163621172159625,-0.2697945645219706,-0.950534074137577,0.0552742404348298,-0.6048569844991004,-0.2872428823497172,-0.4450921083288774,-0.9617651354317608,-0.294134594822762,-0.4776821872068482,-0.2344558085037379,-1.464707917940265,0.3056202024139814,-0.6349446752552961,-0.4369241172448026,-0.1525364927763925
2026-03-30,066570.KS,0,-0.0249307479224376,-0.4478700477931225,-0.7809538962536263,-1.4638501094227996,-0.6052544328874783,-0.5269506340162851,-0.4599904318402925,-1.0328776893945295,-0.4968234881422702,-0.0396742841487033,-0.9227346594372028,-0.0585541905053457,-1.0521305562837475,-0.0506589720682928,-0.4256938228940644,-0.2872428823497172,-1.147345650241434,-0.3369215320638387,-0.5474353960357173,-0.7199553480524498,-0.2526857254184954,0.2929415835880526,0.2736220384392965,-0.6269689895771471,-0.4369241172448026,0.0758430346720461
2026-03-31,066570.KS,1,0.0643939393939394,-0.1715606771425457,-0.7820113846634613,-0.8783100656536796,-0.4237398399987231,-0.4933834380995711,-0.1712261761424156,-1.3889265853528232,0.9739868700318306,-0.5941434445996575,-0.9013151048540236,-0.0792693347518142,-1.2093476158682996,-0.0877244969250299,-0.9294756718118576,-0.2872428823497172,-1.4505728940592115,-2.003662009809477,-0.822548880679788,0.6022835747836589,-0.2818391054875503,1.464707917940265,0.2081166644090362,-0.568374853938007,-0.4369241172448026,-0.0310286885799078
2026-04-01,066570.KS,0,-0.0320284697508896,-0.0667160011817914,-0.7677352911306884,-0.2927700218845597,-0.9341335860783146,-0.5027362305440389,-0.02501029314069,-0.5514873439902134,-0.3992413729358094,-0.4134144407086141,1.7924129476070447,0.2307242184195927,-0.6005896637919838,-0.0147102932574373,-0.908165703535191,-0.2872428823497172,0.3686718969624746,-0.4525551645577917,0.1619129403627649,0.043707926414962,-0.2202193189300337,-0.878824750764159,0.2420721328337085,-0.5880549476940126,-0.4369241172448026,-0.1924091023372718
2026-04-02,066570.KS,0,-0.0045955882352941,-0.3200651539392034,-0.7555741744175856,-1.4638501094227996,-0.912543934603317,-0.4795017122719202,-0.5714807470803475,-0.7328340061219525,0.3551445364791826,-0.9215992199771088,-1.1153581983400178,0.0709555800167087,-0.9070987389507869,-0.050381399931701,1.7717807501128635,-0.2872428823497172,-0.3859491749731826,-0.6475136139818923,-0.2569314746572433,-0.6640340750554058,-0.2092302053688028,0.8788247507641588,0.1141539894109929,-0.6029147085586856,-0.4369241172448026,-0.4457694761570414
2026-04-03,066570.KS,1,0.0101569713758078,-0.1736941943222037,-0.7674709190282296,-0.2927700218845597,1.802575541631224,-0.5295085014925833,0.0672371044834668,-0.8460117499883363,-1.11656745314177,-0.9001030077809772,-0.2880760133303211,0.0657572822344082,-0.9141596288953188,-0.0507487937184942,-1.1211137139297702,-0.2872428823497172,-0.3683524596265947,-0.6016616777941592,-0.2559149506693738,0.1797606644719005,-0.1990263114853026,-1.464707917940265,0.1010777916666516,-0.6147991605004459,-0.4369241172448026,-0.1678877929738786
2026-04-06,066570.KS,0,-0.0210237659963437,-0.4318944360613829,-0.7746089657946161,-0.8783100656536796,-1.1282867863534614,-0.539501410297757,-1.4034656140947224,-0.7853055201617861,-0.5676236588139616,1.8032655235071708,0.156810891554972,0.1154655814918854,-0.7979067400702747,-0.0339644653213158,-0.2980640538657673,-0.2872428823497172,-0.1397221858244235,-0.1282650690762858,-0.1525419924109899,-0.7221054343196709,-0.173441516300159,0.2929415835880526,0.1195154006779074,-0.6144216566366509,-0.4369241172448026,-0.0624465082278345
2026-04-07,066570.KS,1,0.0896358543417366,-0.1236338419473259,-0.7658846864134771,-0.8783100656536796,-0.2944349909543199,-0.4560037827851967,-0.8287036616992604,-1.3738511014873631,3.644269063374349,-1.1149121317907091,-0.7834938492642703,0.0176658755760734,-0.9764414401831796,-0.0532722499349221,0.1445467293320782,-0.2872428823497172,-0.8131331887919541,-0.0708939629027237,-0.5013555476513571,0.6756911071417301,-0.1735209777874903,-1.464707917940265,0.158110858706985,-0.6399567353631949,-0.4369241172448026,-0.3172373205535146
2026-04-08,066570.KS,1,0.0042844901456726,-0.0195003383797911,-0.7584822675446319,-0.8783100656536796,0.15398484826151,-0.4444055565778084,-0.4420409028439868,-0.4096233600587635,-0.0280906875214689,-0.2846692186624783,2.553623050161203,0.4503475839763992,-0.0797276567895631,0.0614067554683056,-0.7909472427504664,-0.2872428823497172,1.435934016368566,0.2087885871135066,0.8129381339842631,0.0329797579356106,-0.0696871793969926,0.8788247507641588,0.9415438541496144,-0.5381489123913052,-0.4369241172448026,-0.1700334507327437
2026-04-09,066570.KS,1,0.0102389078498292,-0.19648628178545,-0.7508154765733279,-0.8783100656536796,-0.7937870372714285,-0.4449277478493,-0.5429517145020274,-0.4853289328770185,-0.2071776474868603,0.1618098747078673,-0.0202831224563808,0.4479551141308495,-0.0528997903575714,0.0695237363506819,2.5290963644182067,-0.2872428823497172,1.111773217266979,0.8738774368000554,0.5022973239792076,-0.5043598845130488,0.0022773031295186,1.464707917940265,0.7942453266489856,-0.4812745778476485,-0.4369241172448026,-0.4297029567066008
2026-04-10,066570.KS,0,-0.0261824324324324,-0.2018405810641706,-0.7457924066266115,-0.8783100656536796,2.5698305631850964,-0.510419773018768,-0.4884561550516321,0.2581281568978935,-1.0912531714093203,-0.7818600862703247,0.1592818162816329,0.466051431873584,0.0286443093824671,0.0865403531937646,-0.031641239746097,-0.2872428823497172,0.8834839104731269,1.0400357797433433,0.3825580501083078,-0.1886879622168658,0.0573870043375295,0.2929415835880526,0.4793439680686898,-0.4643362547875385,-0.4369241172448026,-0.1196882346225558
2026-04-13,066570.KS,1,0.0407632263660018,-0.3305402022229854,-0.7555741744175856,-0.8783100656536796,-0.0245155041135099,-0.5261918018809011,-0.4096205095973434,-0.3465256226692964,-0.6191291037743172,2.5671998913671485,-0.9390616425548703,0.3206387657675283,-0.2685156258094019,0.0491824966660004,0.1470050123619469,-0.2872428823497172,-0.1809740769242538,0.4031058292958074,-0.1646787395514816,-0.4559876124835493,0.0554975287028856,-1.464707917940265,0.4247643644503883,-0.4983671827273094,-0.4369241172448026,-0.0149621691294671
2026-04-14,066570.KS,1,0.0183333333333333,0.0736825346810606,-0.7479073834462816,-0.8783100656536796,0.1564753950869541,-0.5024501153611083,-0.0181064303625762,-0.0489854799612636,0.6184251996463705,-0.0159179342000858,1.0797912022036087,0.4863373703175411,0.1360656631181209,0.1102651061908263,-0.9457191231376098,4.498151324956221,0.3270274414283917,1.017743593681183,0.1782022146542826,0.8195750186964341,0.0961973018046678,0.8788247507641588,0.4911567871793018,-0.6511959425800309,-0.4369241172448026,-0.1929552344298813
2026-04-15,066570.KS,1,0.0310965630114565,-0.0645806230437774,-0.7325738015036737,-1.4638501094227996,-0.9505902249771192,-0.4695727360342708,-0.6551350075331623,0.2250388704450577,0.5826538889581233,0.164289642531176,0.4033820941392291,0.5516529214158392,0.3240145764290094,0.1424996710647979,1.0628049061550495,-0.2872428823497172,0.5836361184123775,0.62597131936372,0.2861325051987854,-0.4149436090788475,0.1359359393264902,-0.878824750764159,0.4876649603733357,-0.603315420878451,-0.4369241172448026,-0.1983400018459631
2026-04-16,066570.KS,0,-0.0142857142857142,-0.0739907736960861,-0.734424406220885,-1.4638501094227996,1.0842947269196637,-0.4818050919838511,-0.4340827051253978,0.5029323789309802,-0.4039721075640863,-0.937984635101271,0.7882775900752202,0.6218065824253184,0.6203063299102477,0.204817885189878,0.3898564291489147,-0.2872428823497172,1.0502066693889138,0.8484344405369444,0.548368050874389,-0.1951978095195355,0.1886335106796332,0.2929415835880526,0.2842344265736908,-0.5260677653608654,-0.4369241172448026,-0.3277719761161133
2026-04-17,066570.KS,1,0.002415458937198,-0.2538329303013645,-0.728872592069251,-1.4638501094227996,0.4025141212159354,-0.5204901689994214,-0.9244275204221436,0.5993503641401536,-0.9258470828133968,1.0880934037843963,-0.5802971803795631,0.4908965887091014,0.4187716081969216,0.1909728583094104,0.7727827302713909,-0.2872428823497172,0.3491617329439288,0.4384107699879872,0.0951745776736891,-0.5248830115284249,0.1897644520553673,-0.292941583588053,-0.4231899842392664,-0.5193464007245546,-0.4369241172448026,0.0787509523221322
2026-04-20,066570.KS,1,0.0168674698795181,-0.1995967305266072,-0.7333669178110499,-1.4638501094227996,0.7904661479158784,-0.5284717998941084,-0.3949647091121216,0.8818645683415717,-0.4485422806442558,0.4092635214036261,-0.0766467319853016,0.445258687730604,0.3675567226778677,0.1919962337756271,-0.5887901646916227,-0.2872428823497172,-0.0129027927786094,1.1004791222689154,-0.0733932160024912,-0.0535804610685327,0.17906829334759,0.8788247507641588,-0.4188745451350285,-0.6207133991012808,-0.4369241172448026,-0.0602989789210045
2026-04-21,066570.KS,1,0.0489731437598737,1.1996972236621426,-0.727815103659416,0.2927700218845601,-0.5889767437116173,-0.5113885886223983,1.556483938287676,0.6711123440007234,0.415348950501466,0.7955365048984742,0.3591766496506995,0.4627257012092639,0.4929547973574666,0.2238518723905292,-0.0877164828775742,-0.2872428823497172,0.1611993628012347,0.9636762471402814,0.3045762786416189,2.848181414704104,0.1790785869964805,-0.292941583588053,-0.4077345883121456,-0.6543325816474197,3.533793476618197,-0.0697626771521352
2026-04-22,066570.KS,0,-0.0218373493975904,0.4837793866353405,-0.7272863594544985,-0.2927700218845597,-0.0813267081409674,-0.4175829076696954,-1.0303200826841477,1.3476426817725735,2.327736683656055,-0.5779362047101114,1.3273743223541574,0.5946554620546806,0.9560609259101538,0.3180997199241285,0.3458771476914806,-0.2872428823497172,1.0634348111328042,1.1533920436350358,0.9126314478020098,-0.8453767528504917,0.2265017092838837,1.464707917940265,-0.5286095094431212,-0.5557835921589516,-0.4369241172448026,-0.250628208665228
2026-04-23,066570.KS,0,-0.0184757505773671,0.2180220077390276,-0.7011135213110815,-0.8783100656536796,0.3579576326064949,-0.443480454584835,-0.493293516926839,1.0676866807518763,-0.4928580021531129,-0.0724832612645926,-0.8080287510567912,0.403671543716052,0.6074630105141159,0.2835152892096506,1.3091213463853029,-0.2872428823497172,0.2400257791168276,0.2884972220230255,0.1577078213106848,-0.5268884226315453,0.2089242064671313,-1.464707917940265,-0.3568594147457608,-0.5445949153011215,-0.4369241172448026,-0.1960833828875779
2026-04-24,066570.KS,1,0.0196078431372548,-0.0585826111122368,-0.7145964985364782,-0.8783100656536796,1.3338439532766129,-0.4870561471058716,-0.1983070934826843,0.7743915137026025,-0.7867124127878252,0.3648998717647125,-0.7066543906732742,0.2640469496194773,0.3150295612872065,0.2461513452663327,-0.8153566195579717,-0.2872428823497172,-0.4370150078682454,0.1819743729523494,-0.3010401221040136,-0.6065002256735089,0.1559362817308529,-0.292941583588053,-0.2325426706139749,-0.5723563487906366,-0.4369241172448026,1.2111731221758042
2026-04-27,066570.KS,1,0.0769230769230768,0.3427652672209703,-0.7201483126881121,-0.2927700218845597,-0.8185167755401129,-0.5082223451590238,-0.6975148870035622,1.1044178057768848,-0.6198205469370073,1.3365625895589686,0.4418169648911428,0.3163976057794909,0.4314584999167816,0.2623769587862762,-0.7145009086956842,-0.2872428823497172,-0.1296568302181253,0.3808206148055801,-0.0965486023919204,0.5889579294301795,0.1323371287237411,-0.292941583588053,-0.3158006360833109,-0.6148449901232583,-0.4369241172448026,0.491181421910818
2026-04-28,066570.KS,0,-0.03,2.425435338571667,-0.6860443114709324,1.4638501094227998,-0.7163373814410553,-0.1937609753860906,1.5648797057241612,1.1174850079577077,4.629788974497303,-0.8064827950710695,2.1702490223737168,0.5951352742865541,1.1333832186991433,0.3758501391487898,0.428094660166298,4.943304274473052,1.4346346221797337,0.7943680734780517,2.8112557163740344,2.804446329933533,0.2034176513213864,1.464707917940265,0.2609457701224265,-0.4812169210403683,4.412205689340532,0.2239117756003309
2026-04-29,066570.KS,1,0.0375552282768778,0.4078487069506793,-0.6871017998807675,-0.8783100656536796,0.4412542108288181,-0.4075700058177873,-0.7580249225818508,0.690915776677544,-1.213480544882002,-0.7047456299218697,-1.054186465914167,0.3644818739933437,0.6579641676895395,0.3169778634470507,2.1476837473386308,4.88766015578345,0.4039480827051608,-0.0108449332603311,0.335497949028224,-1.4344565179344275,0.1866165184902829,-1.464707917940265,0.5038464970386447,-0.4647705486645421,-0.4369241172448026,-0.0542668358656864
2026-04-30,066570.KS,1,0.0163236337828247,0.2397164876489305,-0.6894811488028962,-0.2927700218845597,2.1834120869111886,-0.0594295016574396,-0.4630384991376953,0.8308819771196764,3.505817258476671,0.4478359452234401,0.9830489162294334,0.4715131774382276,0.937892944411628,0.3642881669150001,-1.0602549471257534,-0.2872428823497172,1.0009253710218955,0.5963174775657535,0.7114840309057601,-0.4084689851913836,0.2086248913897081,1.464707917940265,0.5661525593961428,-0.4188618875840287,-0.4369241172448026,0.3493648748889267
2026-05-04,066570.KS,1,0.0817039106145252,0.4132723269281552,-0.6738831947578295,-0.2927700218845597,-1.0666292771803687,-0.4077938827591881,0.6110146323769218,1.1759498293556692,-1.3211300755919388,2.182453821144138,0.3427764069673384,0.4763472039297159,0.963830672273385,0.3709519881223629,0.9665575711735448,-0.2872428823497172,0.7999213500974947,0.9720599535007748,0.6556497082837213,0.0883632461355021,0.2250078580313969,-0.292941583588053,0.4158181478478477,-0.4604087451581857,-0.4369241172448026,2.443886184750704
2026-05-06,066570.KS,0,-0.040025823111685,2.767123397152641,-0.6707107295283244,0.2927700218845601,0.98678419144302,-0.1300499127469294,0.1874443833289042,1.3410353720119077,2.7603161077121,-1.053521474224762,2.314422668156457,0.7239637758388592,1.708441800512244,0.5149795549967683,0.329560811609193,-0.2872428823497172,2.091451181212358,1.1558133413387146,4.36056808110911,3.050902076146864,0.3309361501431444,0.2929415835880526,0.688772254507381,-0.3496657870956736,3.533793476618197,0.4148186658221071
2026-05-07,066570.KS,1,0.0363147276395428,0.8091965852838868,-0.6506184497414589,-1.4638501094227996,0.3414271523733905,-0.3596818018205929,-0.8034074492655672,0.8075433353482282,-1.1340836189199042,0.9910048905959462,-1.3565311119055203,0.4421982447464993,1.0061912199857903,0.4012832758419534,2.291119774732695,-0.2872428823497172,0.5119192529978367,0.2917071833209173,0.5725129020151233,-1.293821247118638,0.3064155159870657,-0.878824750764159,0.937409558036004,-0.3410026583452809,-0.4369241172448026,0.2457297059113908
2026-05-08,066570.KS,1,0.0168721609344582,0.7224186656442744,-0.6691244969135719,-0.8783100656536796,2.328730643944746,-0.3498900659884945,-0.0924145312206798,0.8512698978505077,-0.1186084596459969,0.3484409348890392,0.945639646001038,0.5106083626042259,1.2646257520355118,0.460110645130493,-1.36105274334862,-0.2872428823497172,0.8241784789402442,0.8664185779612774,0.8373794350167352,-0.273409845977374,0.3172997252770519,0.8788247507641588,0.9497037758551122,-0.4000448818388398,-0.4369241172448026,0.4202731483998722
2026-05-11,066570.KS,1,0.1799617102744097,0.5000502465677676,-0.6437447750775313,-0.8783100656536796,-1.3713749014152878,-0.3801800965667302,-0.7807161859237087,1.0430237783045282,-0.4414215495768067,2.3271434443947303,0.3593181158754051,0.4832155031288894,1.2871031579275012,0.4819226057813304,0.9293396935223268,-0.2872428823497172,0.696892950919914,0.7980897883570681,0.6130424407681668,-0.434606536897055,0.3207600070577965,-0.292941583588053,0.6165101621500392,-0.4425011706849904,-0.4369241172448026,2.759985837723474
2026-05-12,066570.KS,0,0.1799617102744097,2.8198858327464564,-0.6336986351840984,1.4638501094227998,0.94907784684894,0.5839207625964251,0.7244709490862123,1.4955586982805296,4.629788974497303,-1.3569481697405643,3.2799399175535657,0.9079232518833392,3.1407363991904185,0.9028088348599836,0.3460178901494524,5.1597207973470205,3.555485352199674,1.1997923427230484,5.1901700615863415,4.5538380190614,0.5761121781102013,1.464707917940265,2.1918636422261155,0.0467972853205073,4.412205689340532,0.8184503765767207
