Date,trend_base,trend_stock,trend_forecast,trend_earnings,trend_business_plan,ticker,company_name,foreign_ratio
2025-05-12,11.594266263620705,11.729483478310838,0.0,0.0,0.0,005930.KS,삼성전자,0.5
2025-05-13,11.594266263620705,10.629844402219197,0.0,0.0,0.0,005930.KS,삼성전자,0.5
2025-05-14,10.931736762842378,9.530205326127557,0.0,0.0,0.0,005930.KS,삼성전자,0.5
2025-05-15,10.269207262064052,8.0640198913387,0.0,0.0,0.0,005930.KS,삼성전자,0.5
2025-05-16,8.612883510118237,8.0640198913387,0.0,0.0,0.0,005930.KS,삼성전자,0.5
2025-05-17,6.2940302573940965,2.1992781521832825,0.0,0.0,0.0,005930.KS,삼성전자,0.5
2025-05-18,5.962765507004933,1.8327317934860685,0.0,0.0,0.0,005930.KS,삼성전자,0.5
2025-05-19,8.9441482605074,6.597834456549847,0.0,0.0,0.0,005930.KS,삼성전자,0.5
2025-05-20,10.269207262064052,8.430566250035914,0.0,0.0,0.0,005930.KS,삼성전자,0.5
2025-05-21,9.937942511674889,8.0640198913387,0.0,0.0,0.0,005930.KS,삼성전자,0.5
2025-05-22,9.275413010896564,6.96438081524706,0.0,0.0,0.0,005930.KS,삼성전자,0.5
2025-05-23,9.275413010896564,7.330927173944274,0.0,0.0,0.0,005930.KS,삼성전자,0.5
2025-05-24,5.300236006226608,1.8327317934860685,0.0,0.0,0.0,005930.KS,삼성전자,0.5
2025-05-25,4.968971255837444,1.8327317934860685,0.0,0.0,0.0,005930.KS,삼성전자,0.5
2025-05-26,11.26300151323154,9.163658967430342,0.0,0.0,0.0,005930.KS,삼성전자,0.5
2025-05-27,9.606677761285727,7.697473532641489,0.0,0.0,0.0,005930.KS,삼성전자,0.5
2025-05-28,9.937942511674889,8.430566250035914,0.0,0.0,0.0,005930.KS,삼성전자,0.5
2025-05-29,10.931736762842378,11.362937119613626,0.0,6.367021276595746,0.0,005930.KS,삼성전자,0.5
2025-05-30,9.275413010896564,9.530205326127557,0.0,0.0,0.0,005930.KS,삼성전자,0.5
2025-05-31,4.306441755059119,2.565824510880496,0.0,0.0,0.0,005930.KS,삼성전자,0.5
2025-06-01,4.968971255837444,1.8327317934860685,0.0,0.0,0.0,005930.KS,삼성전자,0.5
2025-06-02,9.275413010896564,9.530205326127557,0.0,0.0,0.0,005930.KS,삼성전자,0.5
2025-06-03,4.968971255837444,2.565824510880496,0.0,0.0,0.0,005930.KS,삼성전자,0.5
2025-06-04,10.931736762842378,10.99639076091641,0.0,0.0,0.0,005930.KS,삼성전자,0.5
2025-06-05,11.925531014009866,14.295307989191333,0.0,0.0,0.0,005930.KS,삼성전자,0.5
2025-06-06,5.962765507004933,3.665463586972137,0.0,0.0,0.0,005930.KS,삼성전자,0.5
2025-06-07,5.63150075661577,3.665463586972137,0.0,0.0,0.0,005930.KS,삼성전자,0.5
2025-06-08,5.63150075661577,2.9323708695777095,0.0,0.0,0.0,005930.KS,삼성전자,0.5
2025-06-09,13.250590015566518,15.028400706585762,4.096936183376862,0.0,0.0,005930.KS,삼성전자,0.5
2025-06-10,11.594266263620705,10.99639076091641,0.0,0.0,0.0,005930.KS,삼성전자,0.5
2025-06-11,12.919325265177356,15.028400706585762,0.0,0.0,0.0,005930.KS,삼성전자,0.5
2025-06-12,11.594266263620705,13.92876163049412,0.0,0.0,0.0,005930.KS,삼성전자,0.5
2025-06-13,10.600472012453215,11.729483478310838,0.0,0.0,0.0,005930.KS,삼성전자,0.5
2025-06-14,5.300236006226608,1.8327317934860685,0.0,0.0,0.0,005930.KS,삼성전자,0.5
2025-06-15,5.63150075661577,1.8327317934860685,0.0,0.0,0.0,005930.KS,삼성전자,0.5
2025-06-16,12.919325265177356,12.829122554402481,4.900257003646836,0.0,0.0,005930.KS,삼성전자,0.5
2025-06-17,11.594266263620705,11.729483478310838,7.470883628510748,0.0,0.0,005930.KS,삼성전자,0.5
2025-06-18,12.256795764399032,11.729483478310838,0.0,0.0,0.0,005930.KS,삼성전자,0.5
2025-06-19,10.931736762842378,12.096029837008052,4.096936183376862,0.0,0.0,005930.KS,삼성전자,0.5
2025-06-20,11.594266263620705,13.92876163049412,0.0,0.0,0.0,005930.KS,삼성전자,0.5
2025-06-21,5.300236006226608,3.665463586972137,0.0,0.0,0.0,005930.KS,삼성전자,0.5
2025-06-22,5.962765507004933,3.2989172282749233,0.0,0.0,0.0,005930.KS,삼성전자,0.5
2025-06-23,11.925531014009866,12.462576195705266,4.337932429457854,0.0,0.0,005930.KS,삼성전자,0.5
2025-06-24,14.24438426673401,16.49458614137462,0.0,0.0,0.0,005930.KS,삼성전자,0.5
2025-06-25,13.250590015566518,14.661854347888548,0.0,0.0,0.0,005930.KS,삼성전자,0.5
2025-06-26,12.256795764399032,12.829122554402481,0.0,0.0,0.0,005930.KS,삼성전자,0.5
2025-06-27,10.269207262064052,11.362937119613626,0.0,0.0,0.0,005930.KS,삼성전자,0.5
2025-06-28,5.63150075661577,3.665463586972137,0.0,0.0,0.0,005930.KS,삼성전자,0.5
2025-06-29,5.962765507004933,1.8327317934860685,0.0,0.0,0.0,005930.KS,삼성전자,0.5
2025-06-30,13.250590015566518,12.462576195705266,6.908559054321768,0.0,0.0,005930.KS,삼성전자,0.5
2025-07-01,11.925531014009866,12.096029837008052,0.0,0.0,0.0,005930.KS,삼성전자,0.5
2025-07-02,13.913119516344846,12.829122554402481,0.0,0.0,0.0,005930.KS,삼성전자,0.5
2025-07-03,17.225767020236475,19.060410652255115,5.141253249727827,0.0,0.0,005930.KS,삼성전자,0.5
2025-07-04,15.569443268290662,16.86113250007183,0.0,0.0,0.0,005930.KS,삼성전자,0.5
2025-07-05,6.2940302573940965,3.665463586972137,0.0,0.0,0.0,005930.KS,삼성전자,0.5
2025-07-06,8.9441482605074,3.665463586972137,0.0,0.0,0.0,005930.KS,삼성전자,0.5
2025-07-07,16.89450226984731,15.761493423980188,0.0,13.340425531914892,0.0,005930.KS,삼성전자,0.5
2025-07-08,17.55703177062564,17.960771576163474,0.0,15.159574468085108,0.0,005930.KS,삼성전자,0.5
2025-07-09,14.906913767512334,12.462576195705266,0.0,0.0,0.0,005930.KS,삼성전자,0.5
2025-07-10,15.238178517901495,12.462576195705266,0.0,0.0,0.0,005930.KS,삼성전자,0.5
2025-07-11,14.24438426673401,15.394947065282977,0.0,0.0,0.0,005930.KS,삼성전자,0.5
2025-07-12,7.950354009339912,2.565824510880496,0.0,0.0,0.0,005930.KS,삼성전자,0.5
2025-07-13,7.950354009339912,1.8327317934860685,0.0,0.0,0.0,005930.KS,삼성전자,0.5
2025-07-14,15.569443268290662,14.295307989191333,0.0,0.0,0.0,005930.KS,삼성전자,0.5
2025-07-15,15.238178517901495,14.295307989191333,0.0,0.0,0.0,005930.KS,삼성전자,0.5
2025-07-16,14.24438426673401,14.295307989191333,0.0,0.0,0.0,005930.KS,삼성전자,0.5
2025-07-17,16.56323751945815,21.62623516313561,0.0,0.0,0.0,005930.KS,삼성전자,0.5
2025-07-18,15.900708018679824,17.227678858769043,5.06092116770083,0.0,0.0,005930.KS,삼성전자,0.5
2025-07-19,6.625295007783259,4.03200994566935,0.0,0.0,0.0,005930.KS,삼성전자,0.5
2025-07-20,7.287824508561585,4.03200994566935,0.0,0.0,0.0,005930.KS,삼성전자,0.5
2025-07-21,16.56323751945815,17.59422521746626,0.0,0.0,0.0,005930.KS,삼성전자,0.5
2025-07-22,14.57564901712317,14.661854347888548,0.0,0.0,0.0,005930.KS,삼성전자,0.5
2025-07-23,14.24438426673401,15.394947065282977,0.0,0.0,0.0,005930.KS,삼성전자,0.5
2025-07-24,14.24438426673401,14.661854347888548,0.0,0.0,0.0,005930.KS,삼성전자,0.5
2025-07-25,12.256795764399032,12.829122554402481,0.0,0.0,0.0,005930.KS,삼성전자,0.5
2025-07-26,7.950354009339912,3.2989172282749233,0.0,0.0,0.0,005930.KS,삼성전자,0.5
2025-07-27,7.287824508561585,3.2989172282749233,0.0,0.0,0.0,005930.KS,삼성전자,0.5
2025-07-28,33.1264750389163,36.65463586972137,8.03320820269973,0.0,0.0,005930.KS,삼성전자,0.5
2025-07-29,21.20094402490643,27.124430543593814,0.0,0.0,0.0,005930.KS,삼성전자,0.5
2025-07-30,20.86967927451727,24.192059674016104,5.783909905943806,0.0,0.0,005930.KS,삼성전자,0.5
2025-07-31,19.213355522571455,23.82551331531889,5.783909905943806,0.0,0.0,005930.KS,삼성전자,0.5
2025-08-01,16.89450226984731,21.62623516313561,0.0,0.0,0.0,005930.KS,삼성전자,0.5
2025-08-02,8.612883510118237,5.864741739155419,0.0,0.0,0.0,005930.KS,삼성전자,0.5
2025-08-03,7.629119947527657,4.480398403477853,0.0,0.0,0.0,005930.KS,삼성전자,0.5
2025-08-04,16.19585724964509,18.288139972608626,0.0,0.0,0.0,005930.KS,삼성전자,0.5
2025-08-05,15.57077901325191,16.135676165150258,0.0,0.0,0.0,005930.KS,삼성전자,0.5
2025-08-06,15.111333152053302,17.570652036789173,5.623245741889811,0.0,0.0,005930.KS,삼성전자,0.5
2025-08-07,18.21799870182666,20.616074568628115,0.0,0.0,0.0,005930.KS,삼성전자,0.5
2025-08-08,15.57077901325191,16.853164100969718,0.0,0.0,0.0,005930.KS,삼성전자,0.5
2025-08-09,7.794752322722238,5.739903486555644,0.0,0.0,0.0,005930.KS,삼성전자,0.5
2025-08-10,6.69150259293788,3.762910467658399,0.0,0.0,0.0,005930.KS,삼성전자,0.5
2025-08-11,15.278301272209132,15.090487816256395,0.0,0.0,0.0,005930.KS,삼성전자,0.5
2025-08-12,14.396860814197069,14.037663084889667,0.0,0.0,0.0,005930.KS,삼성전자,0.5
2025-08-13,14.69067430020109,16.845195701867606,0.0,0.0,0.0,005930.KS,삼성전자,0.5
2025-08-14,14.103047328193046,15.090487816256395,0.0,0.0,0.0,005930.KS,삼성전자,0.5
2025-08-15,7.345337150100545,3.860357348344659,0.0,0.0,0.0,005930.KS,삼성전자,0.5
2025-08-16,6.170083206084458,2.4565910398556925,0.0,0.0,0.0,005930.KS,삼성전자,0.5
2025-08-17,6.463896692088479,3.1584741941001764,0.0,0.0,0.0,005930.KS,삼성전자,0.5
2025-08-18,13.515420356185,14.037663084889667,0.0,0.0,0.0,005930.KS,삼성전자,0.5
2025-08-19,13.809233842189023,12.633896776400706,0.0,0.0,0.0,005930.KS,삼성전자,0.5
2025-08-20,14.396860814197069,14.388604662011911,0.0,0.0,0.0,005930.KS,삼성전자,0.5
2025-08-21,13.515420356185,12.633896776400706,0.0,0.0,0.0,005930.KS,삼성전자,0.5
2025-08-22,14.396860814197069,15.090487816256395,0.0,0.0,0.0,005930.KS,삼성전자,0.5
2025-08-23,6.170083206084458,3.5094157712224168,0.0,0.0,0.0,005930.KS,삼성전자,0.5
2025-08-24,6.7577101780925,3.1584741941001764,0.0,0.0,0.0,005930.KS,삼성전자,0.5
2025-08-25,14.984487786205111,13.686721507767427,0.0,0.0,0.0,005930.KS,삼성전자,0.5
2025-08-26,15.278301272209132,11.932013622156218,0.0,0.0,0.0,005930.KS,삼성전자,0.5
2025-08-27,18.21643613224935,10.879188890789495,0.0,0.0,0.0,005930.KS,삼성전자,0.5
2025-08-28,17.92262264624533,12.28295519927846,0.0,0.0,0.0,005930.KS,삼성전자,0.5
2025-08-29,15.572114758213157,12.984838353522946,0.0,0.0,0.0,005930.KS,삼성전자,0.5
2025-08-30,10.283472010140763,3.5094157712224168,0.0,0.0,0.0,005930.KS,삼성전자,0.5
2025-08-31,12.340166412168916,2.1056494627334508,0.0,0.0,0.0,005930.KS,삼성전자,0.5
2025-09-01,22.329824936305656,11.932013622156218,0.0,0.0,0.0,005930.KS,삼성전자,0.5
2025-09-02,24.97414631034185,12.984838353522946,0.0,0.0,0.0,005930.KS,삼성전자,0.5
2025-09-03,17.041182188233265,11.932013622156218,0.0,0.0,0.0,005930.KS,삼성전자,0.5
2025-09-04,12.633979898172937,12.28295519927846,0.0,0.0,0.0,005930.KS,삼성전자,0.5
2025-09-05,12.046352926164893,12.633896776400706,0.0,0.0,0.0,005930.KS,삼성전자,0.5
2025-09-06,6.170083206084458,2.4565910398556925,0.0,0.0,0.0,005930.KS,삼성전자,0.5
2025-09-07,5.876269720080436,2.4565910398556925,0.0,0.0,0.0,005930.KS,삼성전자,0.5
2025-09-08,12.633979898172937,11.581072045033977,0.0,0.0,0.0,005930.KS,삼성전자,0.5
2025-09-09,12.046352926164893,12.984838353522946,0.0,0.0,0.0,005930.KS,삼성전자,0.5
2025-09-10,13.809233842189023,13.686721507767427,0.0,0.0,0.0,005930.KS,삼성전자,0.5
2025-09-11,13.221606870180983,15.090487816256395,0.0,0.0,0.0,005930.KS,삼성전자,0.5
2025-09-12,14.69067430020109,17.196137278989845,0.0,0.0,0.0,005930.KS,삼성전자,0.5
2025-09-13,5.876269720080436,4.562240502589143,0.0,0.0,0.0,005930.KS,삼성전자,0.5
2025-09-14,4.994829262068371,3.1584741941001764,0.0,0.0,0.0,005930.KS,삼성전자,0.5
2025-09-15,14.984487786205111,19.65272831884554,5.190688377129056,0.0,0.0,005930.KS,삼성전자,0.5
2025-09-16,17.92262264624533,23.162144090067954,6.661383417315622,0.0,0.0,005930.KS,삼성전자,0.5
2025-09-17,14.69067430020109,19.301786741723294,0.0,0.0,0.0,005930.KS,삼성전자,0.5
2025-09-18,19.097876590261418,26.671559861290373,0.0,0.0,0.0,005930.KS,삼성전자,0.5
2025-09-19,15.572114758213157,18.59990358747881,0.0,0.0,0.0,005930.KS,삼성전자,0.5
2025-09-20,7.345337150100545,4.913182079711385,0.0,0.0,0.0,005930.KS,삼성전자,0.5
2025-09-21,6.463896692088479,3.1584741941001764,0.0,0.0,0.0,005930.KS,삼성전자,0.5
2025-09-22,24.092705852329786,26.32061828416813,0.0,0.0,0.0,005930.KS,삼성전자,0.5
2025-09-23,21.44838447829359,25.618735129923646,0.0,0.0,0.0,005930.KS,삼성전자,0.5
2025-09-24,22.329824936305656,25.26779355280141,0.0,0.0,0.0,005930.KS,삼성전자,0.5
2025-09-25,21.154570992289567,24.56591039855692,0.0,0.0,0.0,005930.KS,삼성전자,0.5
2025-09-26,18.80406310425739,20.70555305021226,0.0,0.0,0.0,005930.KS,삼성전자,0.5
2025-09-27,10.577285496144784,3.860357348344659,0.0,0.0,0.0,005930.KS,삼성전자,0.5
2025-09-28,9.108218066124675,3.1584741941001764,0.0,0.0,0.0,005930.KS,삼성전자,0.5
2025-09-29,16.159741730221196,18.59990358747881,0.0,0.0,0.0,005930.KS,삼성전자,0.5
2025-09-30,15.865928244217177,16.143312547623122,0.0,0.0,0.0,005930.KS,삼성전자,0.5
2025-10-01,16.453555216225222,19.301786741723294,0.0,0.0,0.0,005930.KS,삼성전자,0.5
2025-10-02,24.68033282433783,32.637566672368486,0.0,0.0,0.0,005930.KS,삼성전자,0.5
2025-10-03,10.871098982148807,9.82636415942277,0.0,0.0,0.0,005930.KS,삼성전자,0.5
2025-10-04,8.226777608112611,3.860357348344659,0.0,0.0,0.0,005930.KS,삼성전자,0.5
2025-10-05,9.108218066124675,4.2112989254669015,0.0,0.0,0.0,005930.KS,삼성전자,0.5
2025-10-06,8.226777608112611,4.562240502589143,0.0,0.0,0.0,005930.KS,삼성전자,0.5
2025-10-07,8.226777608112611,4.2112989254669015,0.0,0.0,0.0,005930.KS,삼성전자,0.5
2025-10-08,7.345337150100545,4.562240502589143,0.0,0.0,0.0,005930.KS,삼성전자,0.5
2025-10-09,8.814404580120653,5.966006811078109,0.0,0.0,0.0,005930.KS,삼성전자,0.5
2025-10-10,20.860757506285545,29.128150901146064,0.0,0.0,0.0,005930.KS,삼성전자,0.5
2025-10-11,10.283472010140763,8.071656273811561,0.0,0.0,0.0,005930.KS,삼성전자,0.5
2025-10-12,10.871098982148807,7.0188315424448335,0.0,0.0,0.0,005930.KS,삼성전자,0.5
2025-10-13,21.742197964297613,25.969676707045892,0.0,15.159574468085108,0.0,005930.KS,삼성전자,0.5
2025-10-14,24.386519338333805,28.777209324023822,0.0,8.792553191489363,0.0,005930.KS,삼성전자,0.5
2025-10-15,19.391690076265437,25.618735129923646,0.0,0.0,0.0,005930.KS,삼성전자,0.5
2025-10-16,21.742197964297613,26.671559861290373,0.0,0.0,0.0,005930.KS,삼성전자,0.5
2025-10-17,19.979317048273483,28.075326169779334,0.0,0.0,0.0,005930.KS,삼성전자,0.5
2025-10-18,7.932964122108588,5.966006811078109,0.0,0.0,0.0,005930.KS,삼성전자,0.5
2025-10-19,7.932964122108588,4.2112989254669015,0.0,0.0,0.0,005930.KS,삼성전자,0.5
2025-10-20,20.273130534277502,27.373443015534853,0.0,0.0,0.0,005930.KS,삼성전자,0.5
2025-10-21,21.742197964297613,26.32061828416813,0.0,0.0,0.0,005930.KS,삼성전자,0.5
2025-10-22,18.21643613224935,22.811202512945712,0.0,0.0,0.0,005930.KS,삼성전자,0.5
2025-10-23,16.159741730221196,21.407436204456747,0.0,0.0,0.0,005930.KS,삼성전자,0.5
2025-10-24,17.334995674237284,24.91685197567916,6.142314579602716,0.0,0.0,005930.KS,삼성전자,0.5
2025-10-25,7.634157095498138,5.817894371271142,0.0,0.0,0.0,005930.KS,삼성전자,0.5
2025-10-26,8.291264084116053,5.073413469762235,0.0,0.0,0.0,005930.KS,삼성전자,0.5
2025-10-27,29.404061156063673,34.03001228482125,0.0,0.0,0.0,005930.KS,삼성전자,0.5
2025-10-28,20.637336834636656,27.03149994039011,0.0,0.0,0.0,005930.KS,삼성전자,0.5
2025-10-29,21.916810803567547,27.03149994039011,0.0,0.0,0.0,005930.KS,삼성전자,0.5
2025-10-30,26.153266221279047,32.67392352310012,5.707916545204681,7.125000000000001,0.0,005930.KS,삼성전자,0.5
2025-10-31,27.614386941516884,34.9925617221557,8.651147295215093,0.0,0.0,005930.KS,삼성전자,0.5
2025-11-01,14.28265370806941,12.247396602754495,6.77918627410153,0.0,0.0,005930.KS,삼성전자,0.5
2025-11-02,11.9886855862584,9.595015576323988,0.0,0.0,0.0,005930.KS,삼성전자,0.5
2025-11-03,27.61030619865571,34.454828660436135,11.412151751134806,0.0,0.0,005930.KS,삼성전자,0.5
2025-11-04,27.24701269604182,33.58255451713396,8.467080331487113,0.0,0.0,005930.KS,삼성전자,0.5
2025-11-05,27.97359970126961,35.76323987538941,10.859950859950862,0.0,0.0,005930.KS,삼성전자,0.5
2025-11-06,24.340664675130697,30.965732087227416,0.0,0.0,0.0,005930.KS,삼성전자,0.5
2025-11-07,23.25078416728902,29.65732087227414,6.994544621663268,0.0,0.0,005930.KS,삼성전자,0.5
2025-11-08,11.262098581030621,7.850467289719626,0.0,0.0,0.0,005930.KS,삼성전자,0.5
2025-11-09,10.172218073188947,3.4890965732087227,5.522008911839421,0.0,0.0,005930.KS,삼성전자,0.5
2025-11-10,23.614077669902912,25.73208722741433,6.074209803023363,3.75,0.0,005930.KS,삼성전자,0.5
2025-11-11,22.16090365944735,24.85981308411215,0.0,0.0,0.0,005930.KS,삼성전자,0.5
2025-11-12,22.88749066467513,24.423676012461062,6.074209803023363,0.0,0.0,005930.KS,삼성전자,0.5
2025-11-13,22.16090365944735,22.679127725856695,0.0,0.0,0.0,005930.KS,삼성전자,0.5
2025-11-14,20.344436146377895,23.551401869158877,0.0,0.0,0.0,005930.KS,삼성전자,0.5
2025-11-15,9.445631067961164,6.542056074766355,0.0,0.0,0.0,005930.KS,삼성전자,0.5
2025-11-16,10.172218073188947,5.233644859813084,0.0,0.0,0.0,005930.KS,삼성전자,0.5
2025-11-17,18.89126213592233,21.806853582554517,5.153874984383459,0.0,0.0,005930.KS,삼성전자,0.5
2025-11-18,17.43808812546677,19.626168224299064,6.810477657935286,0.0,0.0,005930.KS,삼성전자,0.5
2025-11-19,21.434316654219568,25.73208722741433,6.626410694207306,0.0,0.0,005930.KS,삼성전자,0.5
2025-11-20,22.88749066467513,27.0404984423676,9.019281222671054,0.0,0.0,005930.KS,삼성전자,0.5
2025-11-21,22.524197162061242,27.0404984423676,0.0,0.0,100.0,005930.KS,삼성전자,0.5
2025-11-22,9.445631067961164,6.542056074766355,0.0,0.0,0.0,005930.KS,삼성전자,0.5
2025-11-23,9.082337565347274,5.233644859813084,6.442343730479324,0.0,0.0,005930.KS,삼성전자,0.5
2025-11-24,19.25455563853622,23.551401869158877,0.0,0.0,0.0,005930.KS,삼성전자,0.5
2025-11-25,21.797610156833457,23.551401869158877,5.522008911839421,0.0,0.0,005930.KS,삼성전자,0.5
2025-11-26,19.617849141150113,22.242990654205606,0.0,0.0,0.0,005930.KS,삼성전자,0.5
2025-11-27,19.617849141150113,22.679127725856695,6.994544621663268,0.0,0.0,005930.KS,삼성전자,0.5
2025-11-28,19.25455563853622,23.551401869158877,0.0,0.0,0.0,005930.KS,삼성전자,0.5
2025-11-29,9.445631067961164,5.233644859813084,0.0,0.0,0.0,005930.KS,삼성전자,0.5
2025-11-30,8.719044062733385,6.1059190031152655,0.0,0.0,0.0,005930.KS,삼성전자,0.5
2025-12-01,17.80138162808066,21.370716510903428,0.0,0.0,0.0,005930.KS,삼성전자,0.5
2025-12-02,17.074794622852878,18.317757009345794,0.0,4.500000000000001,0.0,005930.KS,삼성전자,0.5
2025-12-03,17.80138162808066,19.626168224299064,0.0,0.0,0.0,005930.KS,삼성전자,0.5
2025-12-04,18.52796863330844,20.062305295950157,0.0,0.0,0.0,005930.KS,삼성전자,0.5
2025-12-05,16.711501120238985,20.062305295950157,8.651147295215093,0.0,0.0,005930.KS,삼성전자,0.5
2025-12-06,7.992457057505602,5.669781931464174,0.0,0.0,0.0,005930.KS,삼성전자,0.5
2025-12-07,8.355750560119493,5.233644859813084,0.0,0.0,0.0,005930.KS,삼성전자,0.5
2025-12-08,18.89126213592233,23.115264797507788,0.0,0.0,0.0,005930.KS,삼성전자,0.5
2025-12-09,15.984914115011204,20.498442367601243,7.73081247657519,0.0,0.0,005930.KS,삼성전자,0.5
2025-12-10,15.984914115011204,19.626168224299064,6.074209803023363,0.0,0.0,005930.KS,삼성전자,0.5
2025-12-11,15.984914115011204,19.190031152647975,6.442343730479324,0.0,0.0,005930.KS,삼성전자,0.5
2025-12-12,15.62162061239731,18.317757009345794,0.0,0.0,0.0,005930.KS,삼성전자,0.5
2025-12-13,7.265870052277819,4.797507788161994,0.0,0.0,0.0,005930.KS,삼성전자,0.5
2025-12-14,8.355750560119493,4.361370716510903,0.0,0.0,0.0,005930.KS,삼성전자,0.5
2025-12-15,16.711501120238985,19.626168224299064,0.0,0.0,0.0,005930.KS,삼성전자,0.5
2025-12-16,16.711501120238985,18.753894080996886,0.0,0.0,0.0,005930.KS,삼성전자,0.5
2025-12-17,17.074794622852878,19.190031152647975,10.307749968766919,0.0,0.0,005930.KS,삼성전자,0.5
2025-12-18,17.80138162808066,18.753894080996886,0.0,0.0,0.0,005930.KS,삼성전자,0.5
2025-12-19,15.62162061239731,17.881619937694705,0.0,0.0,0.0,005930.KS,삼성전자,0.5
2025-12-20,8.355750560119493,5.233644859813084,0.0,0.0,0.0,005930.KS,삼성전자,0.5
2025-12-21,8.719044062733385,3.925233644859813,0.0,0.0,0.0,005930.KS,삼성전자,0.5
2025-12-22,18.89126213592233,22.242990654205606,5.8901428392953825,0.0,0.0,005930.KS,삼성전자,0.5
2025-12-23,18.52796863330844,21.370716510903428,0.0,0.0,0.0,005930.KS,삼성전자,0.5
2025-12-24,17.074794622852878,17.445482866043612,0.0,0.0,0.0,005930.KS,삼성전자,0.5
2025-12-25,9.445631067961164,6.1059190031152655,0.0,0.0,0.0,005930.KS,삼성전자,0.5
2025-12-26,23.614077669902912,29.65732087227414,0.0,0.0,0.0,005930.KS,삼성전자,0.5
2025-12-27,10.898805078416729,7.850467289719626,0.0,0.0,0.0,005930.KS,삼성전자,0.5
2025-12-28,10.172218073188947,7.414330218068535,6.442343730479324,0.0,0.0,005930.KS,삼성전자,0.5
2025-12-29,21.797610156833457,26.60436137071651,5.706075875567403,0.0,0.0,005930.KS,삼성전자,0.5
2025-12-30,22.88749066467513,25.73208722741433,5.706075875567403,0.0,0.0,005930.KS,삼성전자,0.5
2025-12-31,13.441859596713964,12.647975077881618,0.0,0.0,0.0,005930.KS,삼성전자,0.5
2026-01-01,9.808924570575057,6.978193146417445,0.0,0.0,0.0,005930.KS,삼성전자,0.5
2026-01-02,26.15713218820015,33.58255451713396,9.203348186399035,0.0,0.0,005930.KS,삼성전자,0.5
2026-01-03,11.262098581030621,8.286604361370717,9.571482113854996,6.75,0.0,005930.KS,삼성전자,0.5
2026-01-04,11.9886855862584,8.286604361370717,7.546745512847208,5.625000000000001,0.0,005930.KS,삼성전자,0.5
2026-01-05,36.329350261389095,43.613707165109034,18.03856244534211,11.625,0.0,005930.KS,삼성전자,0.5
2026-01-06,30.516654219566842,35.76323987538941,10.307749968766919,12.75,0.0,005930.KS,삼성전자,0.5
2026-01-07,35.60276325616132,38.38006230529595,18.40669637279807,37.5,0.0,005930.KS,삼성전자,0.5
2026-01-08,32.33312173263629,40.124610591900314,11.596218714862786,19.125,0.0,005930.KS,삼성전자,0.5
2026-01-09,23.9773711725168,30.965732087227416,6.074209803023363,4.875000000000001,0.0,005930.KS,삼성전자,0.5
2026-01-10,9.808924570575057,8.286604361370717,0.0,0.0,0.0,005930.KS,삼성전자,0.5
2026-01-11,11.62539208364451,7.850467289719626,0.0,0.0,0.0,005930.KS,삼성전자,0.5
2026-01-12,23.25078416728902,30.529595015576323,5.8901428392953825,0.0,0.0,005930.KS,삼성전자,0.5
2026-01-13,23.614077669902912,27.91277258566978,6.442343730479324,0.0,0.0,005930.KS,삼성전자,0.5
2026-01-14,21.434316654219568,28.34890965732087,6.074209803023363,0.0,0.0,005930.KS,삼성전자,0.5
2026-01-15,25.43054518297237,34.890965732087224,9.019281222671054,5.625000000000001,0.0,005930.KS,삼성전자,0.5
2026-01-16,27.509391336818517,34.94548286604361,7.678965560321494,0.0,0.0,005930.KS,삼성전자,0.5
2026-01-17,12.99783420463032,10.01557632398754,9.016574355557406,0.0,0.0,005930.KS,삼성전자,0.5
2026-01-18,14.188629574309186,10.01557632398754,6.872110939907551,0.0,0.0,005930.KS,삼성전자,0.5
2026-01-19,29.063480209111276,38.19003115264798,11.783825427893225,0.0,0.0,005930.KS,삼성전자,0.5
2026-01-20,25.99566840926064,34.94548286604361,9.63936201224337,6.000000000000001,0.0,005930.KS,삼성전자,0.5
2026-01-21,26.500242718446604,34.227414330218075,6.964144421771541,0.0,0.0,005930.KS,삼성전자,0.5
2026-01-22,29.063480209111276,39.844236760124616,7.678965560321494,0.0,0.0,005930.KS,삼성전자,0.5
2026-01-23,25.814021657953695,34.94548286604361,11.691791946029236,0.0,0.0,005930.KS,삼성전자,0.5
2026-01-24,11.62539208364451,10.000000000000002,0.0,0.0,0.0,005930.KS,삼성전자,0.5
2026-01-25,12.917102315160566,9.000000000000002,9.01386748844376,0.0,0.0,005930.KS,삼성전자,0.5
2026-01-26,26.480059746079164,35.0,9.707241910631742,0.0,0.0,005930.KS,삼성전자,0.5
2026-01-27,29.063480209111276,38.00000000000001,12.480739599383668,6.999999999999999,0.0,005930.KS,삼성전자,0.5
2026-01-28,32.29275578790142,40.00000000000001,9.01386748844376,23.0,0.0,005930.KS,삼성전자,0.5
2026-01-29,36.16788648244959,41.0,11.787365177195687,30.0,0.0,005930.KS,삼성전자,0.5
2026-01-30,28.417625093353248,38.00000000000001,7.627118644067797,6.999999999999999,0.0,005930.KS,삼성전자,0.5
2026-01-31,12.917102315160566,12.0,0.0,0.0,0.0,005930.KS,삼성전자,0.5
2026-02-01,12.271247199402541,11.0,9.707241910631742,0.0,0.0,005930.KS,삼성전자,0.5
2026-02-02,27.771769977595216,39.00000000000001,8.320493066255779,0.0,0.0,005930.KS,삼성전자,0.5
2026-02-03,30.355190440627332,43.00000000000001,14.560862865947612,4.0,0.0,005930.KS,삼성전자,0.5
2026-02-04,30.355190440627332,40.00000000000001,7.627118644067797,6.000000000000001,0.0,005930.KS,삼성전자,0.5
2026-02-05,27.12591486183719,39.00000000000001,9.707241910631742,6.000000000000001,0.0,005930.KS,삼성전자,0.5
2026-02-06,31.646900672143392,43.00000000000001,10.400616332819723,0.0,0.0,005930.KS,삼성전자,0.5
2026-02-07,14.208812546676624,10.000000000000002,0.0,0.0,0.0,005930.KS,삼성전자,0.5
2026-02-08,12.917102315160566,9.000000000000002,0.0,0.0,0.0,005930.KS,삼성전자,0.5
2026-02-09,25.188349514563107,34.0,9.01386748844376,0.0,0.0,005930.KS,삼성전자,0.5
2026-02-10,20.667363704256907,26.0,6.933744221879815,0.0,0.0,005930.KS,삼성전자,0.5
2026-02-11,21.31321882001494,24.0,5.546995377503853,0.0,0.0,005930.KS,삼성전자,0.5
2026-02-12,35.522031366691564,46.0,14.560862865947612,0.0,0.0,005930.KS,삼성전자,0.5
2026-02-13,27.12591486183719,34.0,8.320493066255779,0.0,0.0,005930.KS,삼성전자,0.5
2026-02-14,14.208812546676624,12.0,11.787365177195687,0.0,0.0,005930.KS,삼성전자,0.5
2026-02-15,10.333681852128453,8.0,0.0,0.0,0.0,005930.KS,삼성전자,0.5
2026-02-16,10.979536967886482,8.0,6.240369799691834,0.0,0.0,005930.KS,삼성전자,0.5
2026-02-17,10.979536967886482,8.0,7.627118644067797,0.0,0.0,005930.KS,삼성전자,0.5
2026-02-18,10.979536967886482,8.0,0.0,0.0,0.0,005930.KS,삼성전자,0.5
2026-02-19,28.417625093353248,38.00000000000001,13.86748844375963,3.0000000000000004,0.0,005930.KS,삼성전자,0.5
2026-02-20,30.355190440627332,40.00000000000001,14.560862865947612,6.000000000000001,0.0,005930.KS,삼성전자,0.5
2026-02-21,15.50052277819268,13.0,9.707241910631742,0.0,0.0,005930.KS,삼성전자,0.5
2026-02-22,15.50052277819268,14.000000000000002,12.480739599383668,0.0,0.0,005930.KS,삼성전자,0.5
2026-02-23,32.93861090365945,40.00000000000001,13.17411402157165,4.0,0.0,005930.KS,삼성전자,0.5
2026-02-24,41.980582524271846,56.00000000000001,19.414483821263484,0.0,0.0,005930.KS,삼성전자,0.5
2026-02-25,45.20985810306199,55.00000000000001,31.20184899845917,10.0,0.0,005930.KS,삼성전자,0.5
2026-02-26,62.64794622852875,78.00000000000001,45.069337442218796,17.0,0.0,005930.KS,삼성전자,0.5
2026-02-27,51.02255414488424,65.0,31.20184899845917,11.0,0.0,005930.KS,삼성전자,0.5
2026-02-28,22.604929051530995,21.000000000000004,13.86748844375963,8.0,0.0,005930.KS,삼성전자,0.5
2026-03-01,18.083943241224794,13.0,15.254237288135593,0.0,0.0,005930.KS,삼성전자,0.5
2026-03-02,21.959073935772963,19.000000000000004,13.17411402157165,6.000000000000001,0.0,005930.KS,삼성전자,0.5
2026-03-03,63.293801344286784,91.0,29.815100154083208,6.999999999999999,0.0,005930.KS,삼성전자,0.5
2026-03-04,64.58551157580284,100.0,27.041602465331284,5.0,0.0,005930.KS,삼성전자,0.5
2026-03-05,53.60597460791635,82.0,29.121725731895225,0.0,0.0,005930.KS,삼성전자,0.5
2026-03-06,44.56400298730395,66.0,22.187981510015412,6.999999999999999,0.0,005930.KS,삼성전자,0.5
2026-03-07,18.729798356982823,17.0,10.400616332819723,0.0,0.0,005930.KS,삼성전자,0.5
2026-03-08,22.604929051530995,19.000000000000004,23.574730354391374,0.0,0.0,005930.KS,삼성전자,0.5
2026-03-09,55.54353995519043,72.00000000000001,34.66872110939908,6.999999999999999,0.0,005930.KS,삼성전자,0.5
2026-03-10,52.3142643764003,58.00000000000001,24.961479198767336,11.0,0.0,005930.KS,삼성전자,0.5
2026-03-11,43.2722927557879,50.0,22.187981510015412,4.0,0.0,005930.KS,삼성전자,0.5
2026-03-12,38.75130694548171,46.0,20.801232665639446,5.0,0.0,005930.KS,삼성전자,0.5
2026-03-13,36.16788648244959,43.00000000000001,11.787365177195687,0.0,0.0,005930.KS,삼성전자,0.5
2026-03-14,19.375653472740854,12.0,6.933744221879815,0.0,0.0,005930.KS,삼성전자,0.5
2026-03-15,25.834204630321132,14.000000000000002,21.49460708782743,0.0,0.0,005930.KS,삼성전자,0.5
2026-03-16,50.376699029126215,45.0,21.49460708782743,4.0,0.0,005930.KS,삼성전자,0.5
2026-03-17,42.62643764002988,45.0,30.508474576271187,8.0,0.0,005930.KS,삼성전자,0.5
2026-03-18,53.60597460791635,62.0,69.33744221879816,10.0,0.0,005930.KS,삼성전자,0.5
2026-03-19,40.04301717699776,50.0,31.20184899845917,0.0,0.0,005930.KS,삼성전자,0.5
2026-03-20,34.23032113517551,45.0,24.961479198767336,0.0,96.0,005930.KS,삼성전자,0.5
2026-03-21,14.854667662434654,14.000000000000002,18.02773497688752,0.0,0.0,005930.KS,삼성전자,0.5
2026-03-22,16.14637789395071,13.0,20.801232665639446,0.0,0.0,005930.KS,삼성전자,0.5
2026-03-23,38.75130694548171,54.0,31.20184899845917,5.0,0.0,005930.KS,삼성전자,0.5
2026-03-24,31.00104555638536,42.00000000000001,17.33436055469954,6.000000000000001,0.0,005930.KS,삼성전자,0.5
2026-03-25,32.29275578790142,42.00000000000001,29.121725731895225,5.0,0.0,005930.KS,삼성전자,0.5
2026-03-26,37.459596713965645,53.0,38.13559322033899,9.000000000000002,0.0,005930.KS,삼성전자,0.5
2026-03-27,37.459596713965645,48.0,33.281972265023114,6.000000000000001,0.0,005930.KS,삼성전자,0.5
2026-03-28,14.208812546676624,13.0,18.02773497688752,0.0,0.0,005930.KS,삼성전자,0.5
2026-03-29,14.854667662434654,13.0,20.107858243451464,6.999999999999999,0.0,005930.KS,삼성전자,0.5
2026-03-30,33.584466019417476,42.00000000000001,28.428351309707246,12.000000000000002,0.0,005930.KS,삼성전자,0.5
2026-03-31,38.10545182972368,48.0,42.98921417565486,9.000000000000002,0.0,005930.KS,삼성전자,0.5
2026-04-01,39.39716206123973,53.0,22.88135593220339,15.0,0.0,005930.KS,삼성전자,0.5
2026-04-02,38.10545182972368,54.0,26.3482280431433,12.000000000000002,0.0,005930.KS,삼성전자,0.5
2026-04-03,31.646900672143392,39.00000000000001,10.400616332819723,15.0,0.0,005930.KS,삼성전자,0.5
2026-04-04,13.562957430918596,9.000000000000002,7.627118644067797,6.999999999999999,0.0,005930.KS,삼성전자,0.5
2026-04-05,14.854667662434654,10.000000000000002,19.414483821263484,23.0,0.0,005930.KS,삼성전자,0.5
2026-04-06,56.835250186706496,46.0,45.76271186440678,100.0,0.0,005930.KS,삼성전자,0.5
2026-04-07,56.835250186706496,52.0,27.041602465331284,60.0,0.0,005930.KS,삼성전자,0.5
2026-04-08,47.14742345033607,56.00000000000001,37.442218798151,15.0,0.0,005930.KS,삼성전자,0.5
2026-04-09,41.16736370425691,39.41489361702128,24.980739599383668,9.029411764705882,0.0,005930.KS,삼성전자,0.5
2026-04-10,60.85519044062734,39.00000000000001,27.020801232665637,11.058823529411766,0.0,005930.KS,삼성전자,0.5
2026-04-11,45.927856609410014,12.223404255319151,13.087057010785827,7.911764705882354,0.0,005930.KS,삼성전자,0.5
2026-04-12,47.07371172516804,10.893617021276597,11.046995377503853,0.0,0.0,005930.KS,삼성전자,0.5
2026-04-13,45.104929051531,35.840425531914896,20.053929121725734,6.999999999999999,0.0,005930.KS,삼성전자,0.5
2026-04-14,39.19858103061987,37.17021276595745,27.867488443759637,6.999999999999999,100.0,005930.KS,삼성전자,0.5
2026-04-15,37.729798356982826,36.75531914893618,27.867488443759637,6.999999999999999,0.0,005930.KS,삼성전자,0.5
2026-04-16,35.76101568334578,39.00000000000001,27.867488443759637,7.205882352941176,0.0,005930.KS,삼성전자,0.5
2026-04-17,40.0,34.851063829787236,27.0,4.9411764705882355,0.0,005930.KS,삼성전자,0.5
2026-04-18,17.0,11.617021276595747,11.000000000000002,0.0,0.0,005930.KS,삼성전자,0.5
2026-04-19,21.0,12.446808510638299,16.0,0.0,0.0,005930.KS,삼성전자,0.5
2026-04-20,49.00000000000001,35.68085106382979,21.0,4.9411764705882355,0.0,005930.KS,삼성전자,0.5
2026-04-21,56.99999999999999,36.51063829787235,27.0,10.705882352941176,0.0,005930.KS,삼성전자,0.5
2026-04-22,44.00000000000001,39.00000000000001,25.0,9.470588235294118,0.0,005930.KS,삼성전자,0.5
2026-04-23,58.00000000000001,40.65957446808511,30.000000000000004,15.647058823529411,0.0,005930.KS,삼성전자,0.5
2026-04-24,54.0,38.17021276595745,24.000000000000004,5.764705882352942,0.0,005930.KS,삼성전자,0.5
2026-04-25,31.0,11.617021276595747,12.000000000000002,0.0,0.0,005930.KS,삼성전자,0.5
2026-04-26,51.99999999999999,11.617021276595747,13.0,7.411764705882352,0.0,005930.KS,삼성전자,0.5
2026-04-27,42.99999999999999,40.65957446808511,26.0,12.764705882352938,0.0,005930.KS,삼성전자,0.5
2026-04-28,45.0,38.17021276595745,27.0,8.647058823529411,0.0,005930.KS,삼성전자,0.5
2026-04-29,47.0,34.851063829787236,26.0,18.941176470588236,0.0,005930.KS,삼성전자,0.5
2026-04-30,40.0,35.68085106382979,22.000000000000004,41.1764705882353,0.0,005930.KS,삼성전자,0.5
2026-05-01,42.0,12.446808510638299,10.0,6.588235294117648,0.0,005930.KS,삼성전자,0.5
2026-05-02,31.0,9.127659574468087,12.000000000000002,6.588235294117648,0.0,005930.KS,삼성전자,0.5
2026-05-03,75.0,9.127659574468087,9.0,0.0,0.0,005930.KS,삼성전자,0.5
2026-05-04,64.0,41.48936170212766,21.0,6.588235294117648,0.0,005930.KS,삼성전자,0.5
2026-05-05,69.0,19.085106382978726,28.000000000000004,9.058823529411764,0.0,005930.KS,삼성전자,0.5
2026-05-06,87.00000000000001,82.97872340425532,100.0,28.82352941176471,0.0,005930.KS,삼성전자,0.5
2026-05-07,71.00000000000001,63.8936170212766,49.00000000000001,17.705882352941178,0.0,005930.KS,삼성전자,0.5
2026-05-08,68.0,56.425531914893625,34.0,13.588235294117649,0.0,005930.KS,삼성전자,0.5
2026-05-09,71.00000000000001,20.74468085106383,26.0,9.058823529411764,0.0,005930.KS,삼성전자,0.5
2026-05-10,100.0,24.063829787234045,55.00000000000001,16.88235294117647,0.0,005930.KS,삼성전자,0.5
2026-05-11,95.99999999999999,65.55319148936171,60.00000000000001,19.764705882352942,0.0,005930.KS,삼성전자,0.5
2026-05-12,94.0,63.06382978723405,55.00000000000001,17.294117647058822,0.0,005930.KS,삼성전자,0.5
2025-05-12,1.6670751617467794,6.216531895777176,0.0,0.0,0.0,000660.KS,SK하이닉스,0.53
2025-05-13,1.701097103823244,3.277807726864329,0.0,0.0,0.0,000660.KS,SK하이닉스,0.53
2025-05-14,1.7351190458997092,0.0,0.0,0.0,0.0,000660.KS,SK하이닉스,0.53
2025-05-15,1.3948996251350603,3.277807726864329,0.0,0.0,0.0,000660.KS,SK하이닉스,0.53
2025-05-16,1.3268557409821307,3.5038634321653177,0.0,0.0,0.0,000660.KS,SK하이닉스,0.53
2025-05-17,0.6123949573763678,0.0,0.0,0.0,0.0,000660.KS,SK하이닉스,0.53
2025-05-18,0.9526143781410168,0.0,0.0,0.0,0.0,000660.KS,SK하이닉스,0.53
2025-05-19,1.6330532196703145,4.747169811320752,0.0,0.0,0.0,000660.KS,SK하이닉스,0.53
2025-05-20,1.5650093355173846,0.0,0.0,0.0,0.0,000660.KS,SK하이닉스,0.53
2025-05-21,0.9185924360645519,0.0,0.0,0.0,0.0,000660.KS,SK하이닉스,0.53
2025-05-22,1.190767972676271,5.199281221922729,0.0,0.0,0.0,000660.KS,SK하이닉스,0.53
2025-05-23,0.9866363202174816,5.538364779874212,0.0,0.0,0.0,000660.KS,SK하이닉스,0.53
2025-05-24,0.7484827256822275,0.0,0.0,0.0,0.0,000660.KS,SK하이닉스,0.53
2025-05-25,0.4082633049175786,0.0,0.0,0.0,0.0,000660.KS,SK하이닉스,0.53
2025-05-26,1.1567460305998063,0.0,0.0,0.0,0.0,000660.KS,SK하이닉스,0.53
2025-05-27,1.2247899147527357,4.1820305480682824,0.0,0.0,0.0,000660.KS,SK하이닉스,0.53
2025-05-28,1.5990312775938498,4.521114106019764,0.0,0.0,0.0,000660.KS,SK하이닉스,0.53
2025-05-29,1.2928337989056655,5.538364779874212,0.0,0.0,0.0,000660.KS,SK하이닉스,0.53
2025-05-30,1.190767972676271,4.521114106019764,0.0,0.0,0.0,000660.KS,SK하이닉스,0.53
2025-05-31,0.7484827256822275,0.0,0.0,0.0,0.0,000660.KS,SK하이닉스,0.53
2025-06-01,0.5443510732234382,0.0,0.0,0.0,0.0,000660.KS,SK하이닉스,0.53
2025-06-02,0.9185924360645519,4.973225516621741,0.0,0.0,0.0,000660.KS,SK하이닉스,0.53
2025-06-03,0.6464168994528328,0.0,0.0,0.0,0.0,000660.KS,SK하이닉스,0.53
2025-06-04,1.701097103823244,6.555615453728658,0.0,0.0,0.0,000660.KS,SK하이닉스,0.53
2025-06-05,1.0887021464468765,6.216531895777176,0.0,0.0,0.0,000660.KS,SK하이닉스,0.53
2025-06-06,0.0,0.0,0.0,0.0,0.0,000660.KS,SK하이닉스,0.53
2025-06-07,0.6804388415292977,4.747169811320752,0.0,0.0,0.0,000660.KS,SK하이닉스,0.53
2025-06-08,1.1567460305998063,0.0,0.0,0.0,0.0,000660.KS,SK하이닉스,0.53
2025-06-09,1.6670751617467794,6.555615453728658,0.0,0.0,0.0,000660.KS,SK하이닉스,0.53
2025-06-10,1.0887021464468765,7.346810422282117,0.0,0.0,0.0,000660.KS,SK하이닉스,0.53
2025-06-11,2.1093604087408226,7.798921832884094,0.0,0.0,0.0,000660.KS,SK하이닉스,0.53
2025-06-12,2.007294582511428,6.6686433063791535,0.0,0.0,0.0,000660.KS,SK하이닉스,0.53
2025-06-13,1.2247899147527357,3.729919137466306,0.0,0.0,0.0,000660.KS,SK하이닉스,0.53
2025-06-14,1.1567460305998063,0.0,0.0,0.0,0.0,000660.KS,SK하이닉스,0.53
2025-06-15,0.8165266098351572,0.0,0.0,0.0,0.0,000660.KS,SK하이닉스,0.53
2025-06-16,2.2794701191231472,7.798921832884094,0.0,0.0,0.0,000660.KS,SK하이닉스,0.53
2025-06-17,2.2454481770466823,7.007726864330635,0.0,0.0,0.0,000660.KS,SK하이닉스,0.53
2025-06-18,1.6330532196703145,4.634141958670258,0.0,0.0,0.0,000660.KS,SK하이닉스,0.53
2025-06-19,1.2928337989056655,4.521114106019764,0.0,0.0,0.0,000660.KS,SK하이닉스,0.53
2025-06-20,1.3268557409821307,0.0,0.0,0.0,0.0,000660.KS,SK하이닉스,0.53
2025-06-21,0.8165266098351572,0.0,0.0,0.0,0.0,000660.KS,SK하이닉스,0.53
2025-06-22,0.9185924360645519,0.0,0.0,0.0,0.0,000660.KS,SK하이닉스,0.53
2025-06-23,1.7691409879761741,6.781671159029647,0.0,0.0,0.0,000660.KS,SK하이닉스,0.53
2025-06-24,2.2454481770466823,8.703144654088046,0.0,0.0,0.0,000660.KS,SK하이닉스,0.53
2025-06-25,1.8371848721291038,9.607367475292,0.0,0.0,0.0,000660.KS,SK하이닉스,0.53
2025-06-26,2.2794701191231472,9.607367475292,0.0,0.0,0.0,000660.KS,SK하이닉스,0.53
2025-06-27,1.9052287562820336,8.477088948787058,0.0,0.0,0.0,000660.KS,SK하이닉스,0.53
2025-06-28,0.9526143781410168,4.634141958670258,0.0,0.0,0.0,000660.KS,SK하이닉스,0.53
2025-06-29,0.9185924360645519,4.40808625336927,0.0,0.0,0.0,000660.KS,SK하이닉스,0.53
2025-06-30,2.1433823508172876,8.364061096136565,0.0,0.0,0.0,000660.KS,SK하이닉스,0.53
2025-07-01,1.2928337989056655,5.199281221922729,0.0,0.0,0.0,000660.KS,SK하이닉스,0.53
2025-07-02,2.007294582511428,6.6686433063791535,0.0,0.0,0.0,000660.KS,SK하이닉스,0.53
2025-07-03,1.7691409879761741,8.138005390835575,0.0,0.0,0.0,000660.KS,SK하이닉스,0.53
2025-07-04,1.5990312775938498,6.103504043126682,0.0,0.0,0.0,000660.KS,SK하이닉스,0.53
2025-07-05,0.6123949573763678,0.0,0.0,0.0,0.0,000660.KS,SK하이닉스,0.53
2025-07-06,0.850548551911622,0.0,0.0,0.0,0.0,000660.KS,SK하이닉스,0.53
2025-07-07,2.99393090272891,7.233782569631623,0.0,0.0,0.0,000660.KS,SK하이닉스,0.53
2025-07-08,2.1093604087408226,5.877448337825694,0.0,0.0,0.0,000660.KS,SK하이닉스,0.53
2025-07-09,2.5516456557348666,6.781671159029647,0.0,0.0,0.0,000660.KS,SK하이닉스,0.53
2025-07-10,2.381535945352542,9.833423180592987,0.0,0.0,0.0,000660.KS,SK하이닉스,0.53
2025-07-11,2.2114262349702174,6.781671159029647,0.0,0.0,0.0,000660.KS,SK하이닉스,0.53
2025-07-12,1.53098739344092,0.0,0.0,0.0,0.0,000660.KS,SK하이닉스,0.53
2025-07-13,1.4289215672115252,0.0,0.0,0.0,0.0,000660.KS,SK하이닉스,0.53
2025-07-14,2.687733424040726,9.042228212039529,0.0,0.0,0.0,000660.KS,SK하이닉스,0.53
2025-07-15,2.687733424040726,0.0,0.0,0.0,0.0,000660.KS,SK하이닉스,0.53
2025-07-16,1.9392506983584985,5.7644204851752,0.0,0.0,0.0,000660.KS,SK하이닉스,0.53
2025-07-17,3.402194207646488,11.302785265049412,0.0,15.59567747298421,0.0,000660.KS,SK하이닉스,0.53
2025-07-18,2.415557887429007,10.285534591194963,0.0,0.0,0.0,000660.KS,SK하이닉스,0.53
2025-07-19,0.5443510732234382,0.0,0.0,0.0,0.0,000660.KS,SK하이닉스,0.53
2025-07-20,1.0546802043704113,0.0,0.0,0.0,0.0,000660.KS,SK하이닉스,0.53
2025-07-21,1.7691409879761741,5.877448337825694,0.0,0.0,0.0,000660.KS,SK하이닉스,0.53
2025-07-22,1.2928337989056655,0.0,0.0,0.0,0.0,000660.KS,SK하이닉스,0.53
2025-07-23,2.007294582511428,4.973225516621741,0.0,0.0,0.0,000660.KS,SK하이닉스,0.53
2025-07-24,2.6537114819642613,7.798921832884094,0.0,0.0,0.0,000660.KS,SK하이닉스,0.53
2025-07-25,1.8371848721291038,4.1820305480682824,0.0,0.0,0.0,000660.KS,SK하이닉스,0.53
2025-07-26,0.9866363202174816,0.0,0.0,0.0,0.0,000660.KS,SK하이닉스,0.53
2025-07-27,0.9526143781410168,0.0,0.0,0.0,0.0,000660.KS,SK하이닉스,0.53
2025-07-28,2.4836017715819367,10.511590296495953,0.0,0.0,0.0,000660.KS,SK하이닉스,0.53
2025-07-29,2.0413165245878933,7.798921832884094,0.0,0.0,0.0,000660.KS,SK하이닉스,0.53
2025-07-30,1.5650093355173846,0.0,0.0,0.0,0.0,000660.KS,SK하이닉스,0.53
2025-07-31,1.701097103823244,6.6686433063791535,0.0,0.0,0.0,000660.KS,SK하이닉스,0.53
2025-08-01,2.381535945352542,10.059478885893975,0.0,0.0,0.0,000660.KS,SK하이닉스,0.53
2025-08-02,0.5783730152999031,0.0,0.0,0.0,0.0,000660.KS,SK하이닉스,0.53
2025-08-03,0.9415298099161039,0.0,0.0,0.0,0.0,000660.KS,SK하이닉스,0.53
2025-08-04,1.8459647281488367,6.7916442048517505,0.0,0.0,0.0,000660.KS,SK하이닉스,0.53
2025-08-05,2.1644540052646466,3.729919137466306,0.0,0.0,0.0,000660.KS,SK하이닉스,0.53
2025-08-06,2.2896767017460866,6.7916442048517505,0.0,0.0,0.0,000660.KS,SK하이닉스,0.53
2025-08-07,2.0933371715048104,6.848158131176997,0.0,0.0,0.0,000660.KS,SK하이닉스,0.53
2025-08-08,1.4903805593496553,7.682569631626232,0.0,0.0,0.0,000660.KS,SK하이닉스,0.53
2025-08-09,1.2059132243103101,0.0,0.0,0.0,0.0,000660.KS,SK하이닉스,0.53
2025-08-10,1.0296576147141727,0.0,0.0,0.0,0.0,000660.KS,SK하이닉스,0.53
2025-08-11,2.299883284369026,5.046361185983826,0.0,0.0,0.0,000660.KS,SK하이닉스,0.53
2025-08-12,2.448262851102512,5.7045822102425845,0.0,0.0,0.0,000660.KS,SK하이닉스,0.53
2025-08-13,1.706365017435084,6.362803234501345,0.0,0.0,0.0,000660.KS,SK하이닉스,0.53
2025-08-14,1.4837956673348556,4.826954177897572,0.0,0.0,0.0,000660.KS,SK하이닉스,0.53
2025-08-15,0.8160876170341707,0.0,0.0,0.0,0.0,000660.KS,SK하이닉스,0.53
2025-08-16,0.5935182669339423,0.0,0.0,0.0,0.0,000660.KS,SK하이닉스,0.53
2025-08-17,0.9644671837676563,0.0,0.0,0.0,0.0,000660.KS,SK하이닉스,0.53
2025-08-18,1.6321752340683413,6.582210242587598,0.0,0.0,0.0,000660.KS,SK하이닉스,0.53
2025-08-19,1.6321752340683413,4.826954177897572,0.0,0.0,0.0,000660.KS,SK하이닉스,0.53
2025-08-20,1.706365017435084,5.923989218328838,0.0,0.0,0.0,000660.KS,SK하이닉스,0.53
2025-08-21,2.2256935010022834,5.7045822102425845,0.0,0.0,0.0,000660.KS,SK하이닉스,0.53
2025-08-22,1.6321752340683413,5.7045822102425845,0.0,0.0,0.0,000660.KS,SK하이닉스,0.53
2025-08-23,0.5935182669339423,0.0,0.0,0.0,0.0,000660.KS,SK하이닉스,0.53
2025-08-24,0.667708050300685,0.0,0.0,0.0,0.0,000660.KS,SK하이닉스,0.53
2025-08-25,1.9289343675353126,7.021024258760105,0.0,0.0,0.0,000660.KS,SK하이닉스,0.53
2025-08-26,1.706365017435084,0.0,0.0,0.0,0.0,000660.KS,SK하이닉스,0.53
2025-08-27,1.6321752340683413,5.7045822102425845,0.0,0.0,0.0,000660.KS,SK하이닉스,0.53
2025-08-28,2.5966424178359975,6.801617250673851,0.0,0.0,0.0,000660.KS,SK하이닉스,0.53
2025-08-29,1.8547445841685697,7.021024258760105,0.0,0.0,0.0,000660.KS,SK하이닉스,0.53
2025-08-30,0.9644671837676563,0.0,0.0,0.0,0.0,000660.KS,SK하이닉스,0.53
2025-08-31,0.7418978336674278,0.0,0.0,0.0,0.0,000660.KS,SK하이닉스,0.53
2025-09-01,2.967591334669711,5.265768194070079,0.0,0.0,0.0,000660.KS,SK하이닉스,0.53
2025-09-02,3.2643504681366826,5.7045822102425845,0.0,0.0,0.0,000660.KS,SK하이닉스,0.53
2025-09-03,2.8934015513029685,4.607547169811319,0.0,0.0,0.0,000660.KS,SK하이닉스,0.53
2025-09-04,2.374073067735769,5.485175202156332,0.0,0.0,0.0,000660.KS,SK하이닉스,0.53
2025-09-05,2.2256935010022834,7.459838274932612,0.0,0.0,0.0,000660.KS,SK하이닉스,0.53
2025-09-06,1.038656967134399,0.0,0.0,0.0,0.0,000660.KS,SK하이닉스,0.53
2025-09-07,1.2612263172346272,0.0,0.0,0.0,0.0,000660.KS,SK하이닉스,0.53
2025-09-08,2.003124150902055,3.5105121293800523,0.0,0.0,0.0,000660.KS,SK하이닉스,0.53
2025-09-09,1.8547445841685697,5.7045822102425845,0.0,0.0,0.0,000660.KS,SK하이닉스,0.53
2025-09-10,2.67083220120274,10.312129380053904,0.0,0.0,0.0,000660.KS,SK하이닉스,0.53
2025-09-11,2.374073067735769,7.021024258760105,0.0,0.0,0.0,000660.KS,SK하이닉스,0.53
2025-09-12,2.967591334669711,14.70026954177897,0.0,0.0,0.0,000660.KS,SK하이닉스,0.53
2025-09-13,1.33541610060137,0.0,0.0,0.0,0.0,000660.KS,SK하이닉스,0.53
2025-09-14,1.1870365338678845,0.0,0.0,0.0,0.0,000660.KS,SK하이닉스,0.53
2025-09-15,2.5966424178359975,7.898652291105117,0.0,0.0,0.0,000660.KS,SK하이닉스,0.53
2025-09-16,3.7094891683371394,11.409164420485169,0.0,0.0,0.0,000660.KS,SK하이닉스,0.53
2025-09-17,2.745021984569483,6.801617250673851,0.0,0.0,0.0,000660.KS,SK하이닉스,0.53
2025-09-18,3.412730034870168,11.189757412398917,0.0,0.0,0.0,000660.KS,SK하이닉스,0.53
2025-09-19,2.374073067735769,8.118059299191371,0.0,0.0,0.0,000660.KS,SK하이닉스,0.53
2025-09-20,1.2612263172346272,0.0,0.0,0.0,0.0,000660.KS,SK하이닉스,0.53
2025-09-21,2.1515037176355407,0.0,0.0,0.0,0.0,000660.KS,SK하이닉스,0.53
2025-09-22,4.896525702205024,8.556873315363877,0.0,0.0,0.0,000660.KS,SK하이닉스,0.53
2025-09-23,4.0804380851708535,9.215094339622638,0.0,0.0,0.0,000660.KS,SK하이닉스,0.53
2025-09-24,3.48691981823691,10.312129380053904,0.0,0.0,0.0,000660.KS,SK하이닉스,0.53
2025-09-25,3.48691981823691,7.459838274932612,0.0,0.0,0.0,000660.KS,SK하이닉스,0.53
2025-09-26,3.5611096016036536,8.556873315363877,0.0,0.0,0.0,000660.KS,SK하이닉스,0.53
2025-09-27,2.67083220120274,0.0,0.0,0.0,0.0,000660.KS,SK하이닉스,0.53
2025-09-28,3.48691981823691,0.0,0.0,0.0,0.0,000660.KS,SK하이닉스,0.53
2025-09-29,4.52557678537131,7.459838274932612,0.0,0.0,0.0,000660.KS,SK하이닉스,0.53
2025-09-30,7.418978336674279,6.801617250673851,0.0,0.0,0.0,000660.KS,SK하이닉스,0.53
2025-10-01,5.7126133192391935,14.480862533692719,0.0,0.0,0.0,000660.KS,SK하이닉스,0.53
2025-10-02,3.857868735070625,20.185444743935303,0.0,0.0,0.0,000660.KS,SK하이닉스,0.53
2025-10-03,0.9644671837676563,0.0,0.0,0.0,0.0,000660.KS,SK하이닉스,0.53
2025-10-04,0.7418978336674278,0.0,0.0,0.0,0.0,000660.KS,SK하이닉스,0.53
2025-10-05,1.1870365338678845,0.0,0.0,0.0,0.0,000660.KS,SK하이닉스,0.53
2025-10-06,0.8902774004009134,0.0,0.0,0.0,0.0,000660.KS,SK하이닉스,0.53
2025-10-07,1.1128467505011417,0.0,0.0,0.0,0.0,000660.KS,SK하이닉스,0.53
2025-10-08,1.33541610060137,0.0,0.0,0.0,0.0,000660.KS,SK하이닉스,0.53
2025-10-09,1.2612263172346272,0.0,0.0,0.0,0.0,000660.KS,SK하이닉스,0.53
2025-10-10,3.115970901403197,13.822641509433955,0.0,0.0,0.0,000660.KS,SK하이닉스,0.53
2025-10-11,1.1128467505011417,0.0,0.0,0.0,0.0,000660.KS,SK하이닉스,0.53
2025-10-12,1.5579854507015984,0.0,0.0,0.0,0.0,000660.KS,SK하이닉스,0.53
2025-10-13,2.67083220120274,12.506199460916436,0.0,0.0,0.0,000660.KS,SK하이닉스,0.53
2025-10-14,2.5966424178359975,11.409164420485169,0.0,0.0,0.0,000660.KS,SK하이닉스,0.53
2025-10-15,2.5224526344692544,9.873315363881398,0.0,0.0,0.0,000660.KS,SK하이닉스,0.53
2025-10-16,4.822335918838281,16.894339622641503,0.0,0.0,0.0,000660.KS,SK하이닉스,0.53
2025-10-17,2.745021984569483,12.286792452830184,0.0,0.0,0.0,000660.KS,SK하이닉스,0.53
2025-10-18,1.5579854507015984,0.0,0.0,0.0,0.0,000660.KS,SK하이닉스,0.53
2025-10-19,1.33541610060137,0.0,0.0,0.0,0.0,000660.KS,SK하이닉스,0.53
2025-10-20,3.3385402515034253,17.55256064690026,0.0,0.0,0.0,000660.KS,SK하이닉스,0.53
2025-10-21,3.3385402515034253,16.016711590296488,0.0,0.0,0.0,000660.KS,SK하이닉스,0.53
2025-10-22,2.819211767936226,12.945013477088944,0.0,0.0,0.0,000660.KS,SK하이닉스,0.53
2025-10-23,2.374073067735769,9.653908355795144,0.0,0.0,0.0,000660.KS,SK하이닉스,0.53
2025-10-24,3.5611096016036536,15.358490566037727,0.0,0.0,0.0,000660.KS,SK하이닉스,0.53
2025-10-25,1.5663129679806524,0.0,0.0,0.0,0.0,000660.KS,SK하이닉스,0.53
2025-10-26,2.0746046548052584,0.0,0.0,0.0,0.0,000660.KS,SK하이닉스,0.53
2025-10-27,4.070676510420311,19.746630727762795,35.21729340238686,0.0,0.0,000660.KS,SK하이닉스,0.53
2025-10-28,4.3848077071811336,15.358490566037727,0.0,15.59567747298421,0.0,000660.KS,SK하이닉스,0.53
2025-10-29,5.050164992386151,21.538454627133863,0.0,0.0,0.0,000660.KS,SK하이닉스,0.53
2025-10-30,4.578968197244917,20.551123090745723,0.0,0.0,0.0,000660.KS,SK하이닉스,0.53
2025-10-31,5.558456679210758,21.940700808625326,0.0,0.0,0.0,000660.KS,SK하이닉스,0.53
2025-11-01,4.03358161873694,7.569541778975737,0.0,0.0,0.0,000660.KS,SK하이닉스,0.53
2025-11-02,3.2321567855330815,6.582210242587598,0.0,0.0,0.0,000660.KS,SK하이닉스,0.53
2025-11-03,8.287581501366875,36.567834681042214,54.915101576603234,0.0,0.0,000660.KS,SK하이닉스,0.53
2025-11-04,6.5471893860798325,29.619946091644195,28.651357344314725,0.0,0.0,000660.KS,SK하이닉스,0.53
2025-11-05,6.6300652010935,36.567834681042214,37.60490651441308,0.0,0.0,000660.KS,SK하이닉스,0.53
2025-11-06,5.0554247158337935,21.575022461814903,0.0,0.0,0.0,000660.KS,SK하이닉스,0.53
2025-11-07,4.972548900820126,20.84366576819406,29.845163900327844,0.0,0.0,000660.KS,SK하이닉스,0.53
2025-11-08,2.7349018954510687,6.216531895777176,0.0,0.0,0.0,000660.KS,SK하이닉스,0.53
2025-11-09,3.397908415560419,0.0,0.0,0.0,0.0,000660.KS,SK하이닉스,0.53
2025-11-10,5.3040521608748,16.089847259658573,0.0,0.0,0.0,000660.KS,SK하이닉스,0.53
2025-11-11,4.641045640765451,20.11230907457322,0.0,0.0,0.0,000660.KS,SK하이닉스,0.53
2025-11-12,4.889673085806457,21.575022461814903,0.0,0.0,0.0,000660.KS,SK하이닉스,0.53
2025-11-13,4.475294010738113,18.283917340521107,0.0,0.0,0.0,000660.KS,SK하이닉스,0.53
2025-11-14,4.226666565697106,21.575022461814903,29.845163900327844,0.0,0.0,000660.KS,SK하이닉스,0.53
2025-11-15,2.0718953753417186,7.679245283018863,0.0,0.0,0.0,000660.KS,SK하이닉스,0.53
2025-11-16,2.1547711903553877,0.0,0.0,0.0,0.0,000660.KS,SK하이닉스,0.53
2025-11-17,4.889673085806457,22.672057502246172,0.0,0.0,0.0,000660.KS,SK하이닉스,0.53
2025-11-18,4.392418195724444,14.261455525606461,0.0,0.0,0.0,000660.KS,SK하이닉스,0.53
2025-11-19,4.558169825751782,18.649595687331527,0.0,0.0,0.0,000660.KS,SK하이닉스,0.53
2025-11-20,4.558169825751782,22.30637915543575,0.0,0.0,0.0,000660.KS,SK하이닉스,0.53
2025-11-21,5.0554247158337935,23.03773584905659,0.0,0.0,0.0,000660.KS,SK하이닉스,0.53
2025-11-22,2.1547711903553877,0.0,0.0,0.0,0.0,000660.KS,SK하이닉스,0.53
2025-11-23,2.9006535254784067,10.604672057502242,0.0,0.0,0.0,000660.KS,SK하이닉스,0.53
2025-11-24,4.558169825751782,21.575022461814903,47.15535896251799,0.0,0.0,000660.KS,SK하이닉스,0.53
2025-11-25,4.309542380710775,16.82120395327942,0.0,0.0,0.0,000660.KS,SK하이닉스,0.53
2025-11-26,5.138300530847463,20.11230907457322,51.33368190856389,0.0,0.0,000660.KS,SK하이닉스,0.53
2025-11-27,4.475294010738113,20.84366576819406,0.0,0.0,0.0,000660.KS,SK하이닉스,0.53
2025-11-28,3.812287490628763,14.992812219227309,0.0,0.0,0.0,000660.KS,SK하이닉스,0.53
2025-11-29,1.657516300273375,0.0,0.0,0.0,0.0,000660.KS,SK하이닉스,0.53
2025-11-30,1.98901956032805,5.485175202156332,0.0,0.0,0.0,000660.KS,SK하이닉스,0.53
2025-12-01,3.7294116756150943,16.089847259658573,0.0,0.0,0.0,000660.KS,SK하이닉스,0.53
2025-12-02,3.4807842305740877,16.455525606468996,0.0,0.0,0.0,000660.KS,SK하이닉스,0.53
2025-12-03,3.8951633056424315,17.918238993710684,0.0,0.0,0.0,000660.KS,SK하이닉스,0.53
2025-12-04,3.812287490628763,12.433063791554352,0.0,0.0,0.0,000660.KS,SK하이닉스,0.53
2025-12-05,4.060914935669769,16.089847259658573,0.0,0.0,0.0,000660.KS,SK하이닉스,0.53
2025-12-06,1.4917646702460376,0.0,0.0,0.0,0.0,000660.KS,SK하이닉스,0.53
2025-12-07,2.403398635396394,7.313566936208442,0.0,0.0,0.0,000660.KS,SK하이닉스,0.53
2025-12-08,5.0554247158337935,20.477987421383638,0.0,0.0,0.0,000660.KS,SK하이닉스,0.53
2025-12-09,3.31503260054675,14.627133872416884,0.0,0.0,0.0,000660.KS,SK하이닉스,0.53
2025-12-10,4.143790750683437,16.089847259658573,0.0,0.0,0.0,000660.KS,SK하이닉스,0.53
2025-12-11,4.723921455779119,22.672057502246172,0.0,0.0,0.0,000660.KS,SK하이닉스,0.53
2025-12-12,2.7349018954510687,9.507637017070977,0.0,0.0,0.0,000660.KS,SK하이닉스,0.53
2025-12-13,1.657516300273375,0.0,0.0,0.0,0.0,000660.KS,SK하이닉스,0.53
2025-12-14,2.6520260804374,4.388140161725066,0.0,0.0,0.0,000660.KS,SK하이닉스,0.53
2025-12-15,3.2321567855330815,15.724168912848151,0.0,0.0,0.0,000660.KS,SK하이닉스,0.53
2025-12-16,3.9780391206561,12.798742138364775,0.0,0.0,0.0,000660.KS,SK하이닉스,0.53
2025-12-17,3.8951633056424315,16.455525606468996,0.0,0.0,0.0,000660.KS,SK하이닉스,0.53
2025-12-18,3.149280970519413,12.06738544474393,0.0,0.0,0.0,000660.KS,SK하이닉스,0.53
2025-12-19,2.6520260804374,10.604672057502242,0.0,0.0,0.0,000660.KS,SK하이닉스,0.53
2025-12-20,1.0773855951776938,0.0,0.0,0.0,0.0,000660.KS,SK하이닉스,0.53
2025-12-21,1.7403921152870439,0.0,0.0,0.0,0.0,000660.KS,SK하이닉스,0.53
2025-12-22,3.4807842305740877,11.70170709793351,0.0,0.0,0.0,000660.KS,SK하이닉스,0.53
2025-12-23,3.31503260054675,14.261455525606461,0.0,0.0,0.0,000660.KS,SK하이닉스,0.53
2025-12-24,2.7349018954510687,9.873315363881398,0.0,0.0,0.0,000660.KS,SK하이닉스,0.53
2025-12-25,1.4917646702460376,0.0,0.0,0.0,0.0,000660.KS,SK하이닉스,0.53
2025-12-26,3.4807842305740877,16.455525606468996,0.0,0.0,0.0,000660.KS,SK하이닉스,0.53
2025-12-27,1.7403921152870439,0.0,0.0,0.0,0.0,000660.KS,SK하이닉스,0.53
2025-12-28,2.3205228203827253,0.0,0.0,0.0,0.0,000660.KS,SK하이닉스,0.53
2025-12-29,4.558169825751782,19.015274034141953,0.0,0.0,0.0,000660.KS,SK하이닉스,0.53
2025-12-30,3.9780391206561,15.358490566037727,0.0,0.0,0.0,000660.KS,SK하이닉스,0.53
2025-12-31,2.486274450410063,10.238993710691819,0.0,0.0,0.0,000660.KS,SK하이닉스,0.53
2026-01-01,2.486274450410063,6.94788858939802,0.0,0.0,0.0,000660.KS,SK하이닉스,0.53
2026-01-02,5.3040521608748,19.746630727762795,51.93058518657045,0.0,0.0,000660.KS,SK하이닉스,0.53
2026-01-03,2.486274450410063,5.485175202156332,0.0,0.0,0.0,000660.KS,SK하이닉스,0.53
2026-01-04,3.149280970519413,6.216531895777176,59.69032780065569,18.828927680798007,0.0,000660.KS,SK하이닉스,0.53
2026-01-05,5.967058680984151,21.575022461814903,35.814196680393415,0.0,0.0,000660.KS,SK하이닉스,0.53
2026-01-06,6.215686126025157,20.477987421383638,35.21729340238686,16.546633416458857,0.0,000660.KS,SK하이닉스,0.53
2026-01-07,6.049934495997819,23.769092542677438,0.0,0.0,0.0,000660.KS,SK하이닉스,0.53
2026-01-08,7.8732024262985325,32.179694519317145,29.248260622321283,0.0,0.0,000660.KS,SK하이닉스,0.53
2026-01-09,5.635555420929475,19.746630727762795,0.0,0.0,0.0,000660.KS,SK하이닉스,0.53
2026-01-10,3.066405155505744,6.94788858939802,0.0,0.0,0.0,000660.KS,SK하이닉스,0.53
2026-01-11,3.2321567855330815,7.313566936208442,0.0,0.0,0.0,000660.KS,SK하이닉스,0.53
2026-01-12,4.475294010738113,20.11230907457322,0.0,0.0,0.0,000660.KS,SK하이닉스,0.53
2026-01-13,5.0554247158337935,20.84366576819406,0.0,19.01911886949294,0.0,000660.KS,SK하이닉스,0.53
2026-01-14,4.806797270792788,19.380952380952372,0.0,0.0,0.0,000660.KS,SK하이닉스,0.53
2026-01-15,4.972548900820126,19.746630727762795,0.0,0.0,0.0,000660.KS,SK하이닉스,0.53
2026-01-16,4.628505221388383,19.746630727762795,0.0,17.22527015793849,0.0,000660.KS,SK하이닉스,0.53
2026-01-17,3.071857511756643,0.0,0.0,0.0,0.0,000660.KS,SK하이닉스,0.53
2026-01-18,3.365830386284295,7.729110512129377,0.0,0.0,0.0,000660.KS,SK하이닉스,0.53
2026-01-19,4.628505221388383,19.746630727762795,0.0,0.0,0.0,000660.KS,SK하이닉스,0.53
2026-01-20,5.303234307437165,20.893530997304577,0.0,0.0,0.0,000660.KS,SK하이닉스,0.53
2026-01-21,4.798164373395531,18.599730458221018,0.0,16.444745279657997,0.0,000660.KS,SK하이닉스,0.53
2026-01-22,4.881040188409201,23.852201257861626,0.0,0.0,0.0,000660.KS,SK하이닉스,0.53
2026-01-23,4.587067313881548,21.55840071877807,0.0,0.0,0.0,000660.KS,SK하이닉스,0.53
2026-01-24,2.564424890006286,5.983827493261455,0.0,0.0,0.0,000660.KS,SK하이닉스,0.53
2026-01-25,2.307982401005657,0.0,0.0,0.0,0.0,000660.KS,SK하이닉스,0.53
2026-01-26,4.872407291011943,22.738544474393528,0.0,0.0,0.0,000660.KS,SK하이닉스,0.53
2026-01-27,6.667504714016342,30.517520215633414,14.086917360954743,15.352380952380953,0.0,000660.KS,SK하이닉스,0.53
2026-01-28,11.027027027027028,44.28032345013476,13.734744426930872,49.523809523809526,0.0,000660.KS,SK하이닉스,0.53
2026-01-29,9.488372093023257,39.49326145552559,13.030398558883135,22.28571428571429,0.0,000660.KS,SK하이닉스,0.53
2026-01-30,8.206159648020114,39.49326145552559,17.25647376716956,0.0,0.0,000660.KS,SK하이닉스,0.53
2026-01-31,3.5901948460088,11.369272237196764,0.0,0.0,0.0,000660.KS,SK하이닉스,0.53
2026-02-01,3.5901948460088,11.369272237196764,0.0,0.0,0.0,000660.KS,SK하이닉스,0.53
2026-02-02,7.693274670018857,41.28840970350403,0.0,0.0,0.0,000660.KS,SK하이닉스,0.53
2026-02-03,6.154619736015085,28.12398921832883,0.0,0.0,0.0,000660.KS,SK하이닉스,0.53
2026-02-04,5.3852922690132,29.320754716981124,0.0,0.0,0.0,000660.KS,SK하이닉스,0.53
2026-02-05,5.8981772470144564,25.132075471698105,0.0,0.0,0.0,000660.KS,SK하이닉스,0.53
2026-02-06,6.411062225015715,28.72237196765498,0.0,0.0,0.0,000660.KS,SK하이닉스,0.53
2026-02-07,3.333752357008171,11.96765498652291,0.0,0.0,0.0,000660.KS,SK하이닉스,0.53
2026-02-08,3.333752357008171,7.180592991913745,0.0,0.0,0.0,000660.KS,SK하이닉스,0.53
2026-02-09,5.128849780012572,23.93530997304582,0.0,0.0,0.0,000660.KS,SK하이닉스,0.53
2026-02-10,4.359522313010685,19.148247978436654,0.0,0.0,0.0,000660.KS,SK하이닉스,0.53
2026-02-11,4.103079824010057,14.959568733153636,0.0,0.0,0.0,000660.KS,SK하이닉스,0.53
2026-02-12,6.411062225015715,33.50943396226414,11.621706822787662,0.0,0.0,000660.KS,SK하이닉스,0.53
2026-02-13,4.615964802011314,19.746630727762795,0.0,0.0,0.0,000660.KS,SK하이닉스,0.53
2026-02-14,2.564424890006286,5.983827493261455,0.0,0.0,0.0,000660.KS,SK하이닉스,0.53
2026-02-15,2.564424890006286,7.180592991913745,0.0,0.0,0.0,000660.KS,SK하이닉스,0.53
2026-02-16,2.820867379006914,10.172506738544472,0.0,0.0,0.0,000660.KS,SK하이닉스,0.53
2026-02-17,2.820867379006914,7.778975741239889,0.0,0.0,0.0,000660.KS,SK하이닉스,0.53
2026-02-18,2.564424890006286,5.983827493261455,13.382571492907006,0.0,0.0,000660.KS,SK하이닉스,0.53
2026-02-19,5.128849780012572,23.93530997304582,11.621706822787662,17.333333333333336,0.0,000660.KS,SK하이닉스,0.53
2026-02-20,7.1803896920176,34.70619946091643,16.90430083314569,0.0,0.0,000660.KS,SK하이닉스,0.53
2026-02-21,3.8466373350094285,11.369272237196764,0.0,0.0,0.0,000660.KS,SK하이닉스,0.53
2026-02-22,3.8466373350094285,8.97574123989218,0.0,0.0,0.0,000660.KS,SK하이닉스,0.53
2026-02-23,6.411062225015715,31.714285714285705,0.0,0.0,0.0,000660.KS,SK하이닉스,0.53
2026-02-24,9.488372093023257,44.28032345013476,14.79126322900248,16.838095238095242,0.0,000660.KS,SK하이닉스,0.53
2026-02-25,10.514142049025772,42.48517520215632,24.29993244764693,0.0,0.0,000660.KS,SK하이닉스,0.53
2026-02-26,11.539912005028285,47.87061994609164,22.18689484350372,19.314285714285717,0.0,000660.KS,SK하이닉스,0.53
2026-02-27,10.001257071024515,50.86253369272236,14.79126322900248,0.0,0.0,000660.KS,SK하이닉스,0.53
2026-02-28,4.615964802011314,14.959568733153636,15.495609097050217,0.0,0.0,000660.KS,SK하이닉스,0.53
2026-03-01,3.333752357008171,8.377358490566035,0.0,0.0,0.0,000660.KS,SK하이닉스,0.53
2026-03-02,3.5901948460088,12.566037735849052,0.0,0.0,0.0,000660.KS,SK하이닉스,0.53
2026-03-03,10.7705845380264,59.838274932614546,25.004278315694666,0.0,0.0,000660.KS,SK하이닉스,0.53
2026-03-04,10.001257071024515,49.06738544474392,20.073857239360507,0.0,0.0,000660.KS,SK하이닉스,0.53
2026-03-05,8.71904462602137,45.477088948787056,29.23035352398109,0.0,0.0,000660.KS,SK하이닉스,0.53
2026-03-06,6.923947203016971,34.10781671159029,18.665165503265033,0.0,0.0,000660.KS,SK하이닉스,0.53
2026-03-07,3.8466373350094285,10.172506738544472,0.0,0.0,0.0,000660.KS,SK하이닉스,0.53
2026-03-08,3.8466373350094285,8.97574123989218,12.678225624859268,0.0,0.0,000660.KS,SK하이닉스,0.53
2026-03-09,9.231929604022628,41.28840970350403,28.52600765593335,0.0,0.0,000660.KS,SK하이닉스,0.53
2026-03-10,10.001257071024515,32.31266846361185,16.199954965097955,0.0,0.0,000660.KS,SK하이닉스,0.53
2026-03-11,8.462602137020744,35.90296495956872,14.79126322900248,0.0,0.0,000660.KS,SK하이닉스,0.53
2026-03-12,6.923947203016971,33.50943396226414,12.678225624859268,0.0,0.0,000660.KS,SK하이닉스,0.53
2026-03-13,5.8981772470144564,23.93530997304582,11.269533888763792,0.0,0.0,000660.KS,SK하이닉스,0.53
2026-03-14,3.333752357008171,6.5822102425876,0.0,0.0,0.0,000660.KS,SK하이닉스,0.53
2026-03-15,4.359522313010685,7.180592991913745,17.960819635217295,0.0,0.0,000660.KS,SK하이닉스,0.53
2026-03-16,8.462602137020744,31.714285714285705,14.79126322900248,0.0,0.0,000660.KS,SK하이닉스,0.53
2026-03-17,7.949717159019485,31.714285714285705,20.778203107408245,0.0,0.0,000660.KS,SK하이닉스,0.53
2026-03-18,10.001257071024515,32.31266846361185,35.21729340238686,0.0,0.0,000660.KS,SK하이닉스,0.53
2026-03-19,8.975487115021998,32.911051212938,23.595586579599193,0.0,0.0,000660.KS,SK하이닉스,0.53
2026-03-20,7.693274670018857,29.320754716981124,19.36951137131277,0.0,0.0,000660.KS,SK하이닉스,0.53
2026-03-21,6.411062225015715,6.5822102425876,14.086917360954743,0.0,0.0,000660.KS,SK하이닉스,0.53
2026-03-22,10.001257071024515,10.770889487870617,17.60864670119343,0.0,0.0,000660.KS,SK하이닉스,0.53
2026-03-23,11.539912005028285,33.50943396226414,18.312992569241164,0.0,0.0,000660.KS,SK하이닉스,0.53
2026-03-24,6.411062225015715,26.92722371967654,13.030398558883135,0.0,0.0,000660.KS,SK하이닉스,0.53
2026-03-25,7.949717159019485,30.517520215633414,20.073857239360507,0.0,0.0,000660.KS,SK하이닉스,0.53
2026-03-26,8.462602137020744,42.48517520215632,30.286872326052695,0.0,0.0,000660.KS,SK하이닉스,0.53
2026-03-27,5.641734758013828,26.3288409703504,17.960819635217295,0.0,0.0,000660.KS,SK하이닉스,0.53
2026-03-28,2.0515399120050284,5.983827493261455,0.0,0.0,0.0,000660.KS,SK하이닉스,0.53
2026-03-29,3.0773098680075424,9.574123989218327,15.143436163026347,0.0,0.0,000660.KS,SK하이닉스,0.53
2026-03-30,5.641734758013828,30.517520215633414,19.017338437288902,0.0,0.0,000660.KS,SK하이닉스,0.53
2026-03-31,10.7705845380264,33.50943396226414,27.469488853861744,0.0,0.0,000660.KS,SK하이닉스,0.53
2026-04-01,7.949717159019485,30.517520215633414,19.72168430533664,0.0,0.0,000660.KS,SK하이닉스,0.53
2026-04-02,6.923947203016971,32.31266846361185,16.90430083314569,0.0,0.0,000660.KS,SK하이닉스,0.53
2026-04-03,5.8981772470144564,22.14016172506738,15.847782031074084,0.0,0.0,000660.KS,SK하이닉스,0.53
2026-04-04,3.333752357008171,0.0,0.0,0.0,0.0,000660.KS,SK하이닉스,0.53
2026-04-05,3.333752357008171,6.5822102425876,0.0,0.0,0.0,000660.KS,SK하이닉스,0.53
2026-04-06,9.488372093023257,23.33692722371967,0.0,22.28571428571429,0.0,000660.KS,SK하이닉스,0.53
2026-04-07,10.514142049025772,24.53369272237196,15.847782031074084,18.323809523809526,0.0,000660.KS,SK하이닉스,0.53
2026-04-08,15.642991829038344,34.10781671159029,24.652105381670797,32.68571428571429,0.0,000660.KS,SK하이닉스,0.53
2026-04-09,8.859522313010688,26.1644204851752,23.797793289799596,17.914285714285715,0.0,000660.KS,SK하이닉스,0.53
2026-04-10,20.129478315524832,26.46361185983827,26.70648502589507,18.90952380952381,0.0,000660.KS,SK하이닉스,0.53
2026-04-11,25.82212445003143,8.98787061994609,14.043458680477372,0.0,0.0,000660.KS,SK하이닉스,0.53
2026-04-12,16.962602137020742,8.688679245283017,13.867372213465437,0.0,0.0,000660.KS,SK하이닉스,0.53
2026-04-13,19.873035826524198,27.26280323450134,22.94562035577573,24.133333333333333,0.0,000660.KS,SK하이닉스,0.53
2026-04-14,24.052796983029545,37.04986522911051,34.080387300157625,26.123809523809527,0.0,000660.KS,SK하이닉스,0.53
2026-04-15,22.155248271527345,32.955525606468996,32.19995496509795,25.128571428571426,0.0,000660.KS,SK하이닉스,0.53
2026-04-16,15.193274670018859,25.86522911051212,28.086917360954743,20.900000000000006,0.0,000660.KS,SK하이닉스,0.53
2026-04-17,41.0,25.0,24.0,17.0,0.0,000660.KS,SK하이닉스,0.53
2026-04-18,25.0,12.0,0.0,0.0,0.0,000660.KS,SK하이닉스,0.53
2026-04-19,23.0,10.0,0.0,0.0,0.0,000660.KS,SK하이닉스,0.53
2026-04-20,36.00000000000001,28.999999999999996,23.000000000000004,37.00000000000001,0.0,000660.KS,SK하이닉스,0.53
2026-04-21,28.000000000000004,37.0,39.00000000000001,53.0,0.0,000660.KS,SK하이닉스,0.53
2026-04-22,23.0,37.0,29.000000000000004,91.00000000000001,0.0,000660.KS,SK하이닉스,0.53
2026-04-23,27.0,41.0,29.000000000000004,100.0,0.0,000660.KS,SK하이닉스,0.53
2026-04-24,15.000000000000002,27.999999999999996,15.000000000000002,33.0,0.0,000660.KS,SK하이닉스,0.53
2026-04-25,24.000000000000004,14.999999999999996,0.0,26.0,0.0,000660.KS,SK하이닉스,0.53
2026-04-26,23.0,10.0,17.0,0.0,0.0,000660.KS,SK하이닉스,0.53
2026-04-27,21.000000000000004,45.0,51.0,30.000000000000004,0.0,000660.KS,SK하이닉스,0.53
2026-04-28,28.000000000000004,40.0,25.0,18.000000000000004,0.0,000660.KS,SK하이닉스,0.53
2026-04-29,30.000000000000004,33.0,26.0,27.0,0.0,000660.KS,SK하이닉스,0.53
2026-04-30,12.000000000000002,30.999999999999993,15.000000000000002,0.0,0.0,000660.KS,SK하이닉스,0.53
2026-05-01,11.000000000000002,5.0,0.0,0.0,0.0,000660.KS,SK하이닉스,0.53
2026-05-02,7.000000000000001,10.0,0.0,0.0,0.0,000660.KS,SK하이닉스,0.53
2026-05-03,26.0,9.0,0.0,0.0,0.0,000660.KS,SK하이닉스,0.53
2026-05-04,27.0,48.0,31.0,16.0,0.0,000660.KS,SK하이닉스,0.53
2026-05-05,16.0,25.0,33.0,25.0,0.0,000660.KS,SK하이닉스,0.53
2026-05-06,31.000000000000007,100.0,96.0,41.0,0.0,000660.KS,SK하이닉스,0.53
2026-05-07,34.0,54.99999999999999,53.0,24.0,0.0,000660.KS,SK하이닉스,0.53
2026-05-08,45.0,50.99999999999999,40.00000000000001,20.000000000000004,0.0,000660.KS,SK하이닉스,0.53
2026-05-09,100.0,27.999999999999996,21.000000000000004,0.0,0.0,000660.KS,SK하이닉스,0.53
2026-05-10,68.0,25.0,58.00000000000001,18.000000000000004,100.0,000660.KS,SK하이닉스,0.53
2026-05-11,36.00000000000001,96.0,100.0,55.00000000000001,0.0,000660.KS,SK하이닉스,0.53
2026-05-12,33.0,75.99999999999999,54.0,24.0,0.0,000660.KS,SK하이닉스,0.53
2025-05-12,84.12836764842936,13.489381137167541,0.0,0.0,0.0,035420.KS,네이버,0.45
2025-05-13,85.06312728896746,23.981122021631187,0.0,0.0,0.0,035420.KS,네이버,0.45
2025-05-14,80.38932908627694,21.732891832103263,0.0,0.0,0.0,035420.KS,네이버,0.45
2025-05-15,81.32408872681505,15.737611326695466,0.0,0.0,0.0,035420.KS,네이버,0.45
2025-05-16,76.65029052412453,20.983481768927287,0.0,0.0,0.0,035420.KS,네이버,0.45
2025-05-17,61.694136275514865,0.0,0.0,0.0,0.0,035420.KS,네이버,0.45
2025-05-18,62.62889591605296,0.0,0.0,0.0,0.0,035420.KS,네이버,0.45
2025-05-19,77.58505016466263,11.990561010815593,0.0,0.0,0.0,035420.KS,네이버,0.45
2025-05-20,79.45456944573884,16.48702138987144,0.0,0.0,100.0,035420.KS,네이버,0.45
2025-05-21,78.51980980520074,18.735251579399364,0.0,0.0,0.0,035420.KS,네이버,0.45
2025-05-22,83.19360800789126,19.484661642575336,0.0,0.0,0.0,035420.KS,네이버,0.45
2025-05-23,83.19360800789126,21.732891832103263,0.0,0.0,0.0,035420.KS,네이버,0.45
2025-05-24,66.36793447820538,0.0,0.0,0.0,0.0,035420.KS,네이버,0.45
2025-05-25,68.23745375928158,0.0,0.0,0.0,0.0,035420.KS,네이버,0.45
2025-05-26,89.73692549165798,24.730532084807162,0.0,0.0,0.0,035420.KS,네이버,0.45
2025-05-27,85.99788692950557,14.238791200343517,0.0,0.0,0.0,035420.KS,네이버,0.45
2025-05-28,85.99788692950557,18.735251579399364,35.289842377403254,0.0,0.0,035420.KS,네이버,0.45
2025-05-29,87.86740621058178,31.475222653390933,0.0,0.0,0.0,035420.KS,네이버,0.45
2025-05-30,79.45456944573884,26.978762274335082,0.0,0.0,0.0,035420.KS,네이버,0.45
2025-05-31,68.23745375928158,0.0,0.0,0.0,0.0,035420.KS,네이버,0.45
2025-06-01,67.30269411874349,0.0,0.0,0.0,0.0,035420.KS,네이버,0.45
2025-06-02,83.19360800789126,26.229352211159107,0.0,0.0,0.0,035420.KS,네이버,0.45
2025-06-03,75.71553088358642,11.990561010815593,0.0,0.0,0.0,035420.KS,네이버,0.45
2025-06-04,86.93264657004367,26.229352211159107,0.0,0.0,0.0,035420.KS,네이버,0.45
2025-06-05,80.38932908627694,28.477582400687034,0.0,0.0,0.0,035420.KS,네이버,0.45
2025-06-06,64.49841519712918,11.990561010815593,0.0,0.0,0.0,035420.KS,네이버,0.45
2025-06-07,58.88985735390055,0.0,0.0,0.0,0.0,035420.KS,네이버,0.45
2025-06-08,65.43317483766728,11.990561010815593,0.0,0.0,0.0,035420.KS,네이버,0.45
2025-06-09,84.12836764842936,20.234071705751315,0.0,0.0,0.0,035420.KS,네이버,0.45
2025-06-10,79.45456944573884,29.97640252703898,0.0,0.0,0.0,035420.KS,네이버,0.45
2025-06-11,77.58505016466263,17.98584151622339,0.0,0.0,0.0,035420.KS,네이버,0.45
2025-06-12,85.06312728896746,17.236431453047416,0.0,0.0,0.0,035420.KS,네이버,0.45
2025-06-13,80.38932908627694,28.477582400687034,0.0,0.0,0.0,035420.KS,네이버,0.45
2025-06-14,64.49841519712918,14.98820126351949,0.0,0.0,0.0,035420.KS,네이버,0.45
2025-06-15,66.36793447820538,0.0,0.0,0.0,0.0,035420.KS,네이버,0.45
2025-06-16,82.25884836735315,30.725812590214957,0.0,0.0,0.0,035420.KS,네이버,0.45
2025-06-17,83.19360800789126,38.96932328515067,0.0,0.0,0.0,035420.KS,네이버,0.45
2025-06-18,85.06312728896746,74.94100631759746,35.84124616455018,0.0,0.0,035420.KS,네이버,0.45
2025-06-19,80.38932908627694,44.96460379055847,38.598265100284806,0.0,0.0,035420.KS,네이버,0.45
2025-06-20,80.38932908627694,44.2151937273825,0.0,0.0,0.0,035420.KS,네이버,0.45
2025-06-21,61.694136275514865,15.737611326695466,0.0,0.0,0.0,035420.KS,네이버,0.45
2025-06-22,64.49841519712918,20.234071705751315,0.0,0.0,0.0,035420.KS,네이버,0.45
2025-06-23,79.45456944573884,58.45398492772601,32.532823441668626,0.0,0.0,035420.KS,네이버,0.45
2025-06-24,81.32408872681505,62.950445306781866,0.0,0.0,0.0,035420.KS,네이버,0.45
2025-06-25,85.99788692950557,59.95280505407796,0.0,0.0,0.0,035420.KS,네이버,0.45
2025-06-26,82.25884836735315,65.94808555948576,36.944053738844026,0.0,0.0,035420.KS,네이버,0.45
2025-06-27,79.45456944573884,44.2151937273825,35.289842377403254,0.0,0.0,035420.KS,네이버,0.45
2025-06-28,56.08557843228624,17.236431453047416,0.0,0.0,0.0,035420.KS,네이버,0.45
2025-06-29,59.82461699443865,0.0,55.14037871469258,0.0,0.0,035420.KS,네이버,0.45
2025-06-30,78.51980980520074,42.71637360103055,40.80388024887251,0.0,0.0,035420.KS,네이버,0.45
2025-07-01,78.51980980520074,36.721093095622756,0.0,0.0,0.0,035420.KS,네이버,0.45
2025-07-02,83.19360800789126,27.728172337511058,42.45809161031329,0.0,0.0,035420.KS,네이버,0.45
2025-07-03,85.99788692950557,40.46814341150263,0.0,0.0,0.0,035420.KS,네이버,0.45
2025-07-04,84.12836764842936,38.21991322197471,0.0,0.0,0.0,035420.KS,네이버,0.45
2025-07-05,65.43317483766728,14.98820126351949,0.0,0.0,0.0,035420.KS,네이버,0.45
2025-07-06,65.43317483766728,17.98584151622339,0.0,0.0,0.0,035420.KS,네이버,0.45
2025-07-07,82.25884836735315,41.966963537854575,0.0,0.0,0.0,035420.KS,네이버,0.45
2025-07-08,86.93264657004367,35.222272969270804,0.0,0.0,0.0,035420.KS,네이버,0.45
2025-07-09,86.93264657004367,47.2128339800864,0.0,0.0,0.0,035420.KS,네이버,0.45
2025-07-10,93.4759640538104,45.71401385373445,0.0,0.0,0.0,035420.KS,네이버,0.45
2025-07-11,89.73692549165798,39.71873334832665,0.0,0.0,0.0,035420.KS,네이버,0.45
2025-07-12,68.23745375928158,0.0,0.0,0.0,0.0,035420.KS,네이버,0.45
2025-07-13,65.43317483766728,0.0,0.0,0.0,0.0,035420.KS,네이버,0.45
2025-07-14,93.4759640538104,30.725812590214957,0.0,0.0,0.0,035420.KS,네이버,0.45
2025-07-15,88.80216585111988,30.725812590214957,43.56089918460714,0.0,0.0,035420.KS,네이버,0.45
2025-07-16,87.86740621058178,37.47050315879873,0.0,0.0,0.0,035420.KS,네이버,0.45
2025-07-17,86.93264657004367,35.222272969270804,0.0,0.0,0.0,035420.KS,네이버,0.45
2025-07-18,81.32408872681505,26.978762274335082,0.0,53.3258980959925,0.0,035420.KS,네이버,0.45
2025-07-19,68.23745375928158,13.489381137167541,0.0,0.0,0.0,035420.KS,네이버,0.45
2025-07-20,68.23745375928158,0.0,0.0,0.0,0.0,035420.KS,네이버,0.45
2025-07-21,86.93264657004367,26.229352211159107,0.0,0.0,0.0,035420.KS,네이버,0.45
2025-07-22,84.12836764842936,36.721093095622756,0.0,0.0,0.0,035420.KS,네이버,0.45
2025-07-23,85.06312728896746,26.229352211159107,0.0,0.0,0.0,035420.KS,네이버,0.45
2025-07-24,82.25884836735315,29.226992463863006,0.0,62.350280850698915,0.0,035420.KS,네이버,0.45
2025-07-25,83.19360800789126,28.477582400687034,0.0,0.0,0.0,035420.KS,네이버,0.45
2025-07-26,67.30269411874349,0.0,0.0,0.0,0.0,035420.KS,네이버,0.45
2025-07-27,70.1069730403578,0.0,0.0,0.0,0.0,035420.KS,네이버,0.45
2025-07-28,80.38932908627694,33.72345284291885,0.0,0.0,0.0,035420.KS,네이버,0.45
2025-07-29,81.32408872681505,34.47286290609483,46.86932190748869,0.0,0.0,035420.KS,네이버,0.45
2025-07-30,78.51980980520074,28.477582400687034,0.0,0.0,0.0,035420.KS,네이버,0.45
2025-07-31,81.32408872681505,36.721093095622756,0.0,60.709483986206834,0.0,035420.KS,네이버,0.45
2025-08-01,78.51980980520074,29.226992463863006,0.0,0.0,0.0,035420.KS,네이버,0.45
2025-08-02,64.49841519712918,0.0,0.0,0.0,0.0,035420.KS,네이버,0.45
2025-08-03,66.29953743133676,0.0,0.0,0.0,0.0,035420.KS,네이버,0.45
2025-08-04,80.4064283479941,28.291207376279797,0.0,0.0,0.0,035420.KS,네이버,0.45
2025-08-05,75.70413137577498,40.532006182103714,0.0,0.0,0.0,035420.KS,네이버,0.45
2025-08-06,77.58505016466263,39.00190633137572,0.0,0.0,0.0,035420.KS,네이버,0.45
2025-08-07,78.52550955910644,45.12230573428768,0.0,82.03984322460384,0.0,035420.KS,네이버,0.45
2025-08-08,77.58505016466263,35.94170662991974,0.0,62.350280850698915,0.0,035420.KS,네이버,0.45
2025-08-09,64.41861864244909,14.145603688139898,0.0,0.0,0.0,035420.KS,네이버,0.45
2025-08-10,63.01077942773622,0.0,0.0,0.0,0.0,035420.KS,네이버,0.45
2025-08-11,79.47736846136172,35.9117302273927,0.0,0.0,0.0,035420.KS,네이버,0.45
2025-08-12,79.47736846136172,37.47310980249674,0.0,0.0,0.0,035420.KS,네이버,0.45
2025-08-13,78.53120931301217,46.0606974655689,0.0,0.0,0.0,035420.KS,네이버,0.45
2025-08-14,78.53120931301217,35.9117302273927,0.0,0.0,0.0,035420.KS,네이버,0.45
2025-08-15,61.500344642720385,21.078624263904413,0.0,0.0,0.0,035420.KS,네이버,0.45
2025-08-16,60.55418549437084,21.85931405145643,0.0,0.0,0.0,035420.KS,네이버,0.45
2025-08-17,58.66186719767175,19.517244688800382,0.0,0.0,0.0,035420.KS,네이버,0.45
2025-08-18,84.20816420310945,30.446901714528597,0.0,0.0,0.0,035420.KS,네이버,0.45
2025-08-19,84.20816420310945,26.54345277676852,0.0,0.0,0.0,035420.KS,네이버,0.45
2025-08-20,81.36968675806081,24.201383414112474,0.0,0.0,0.0,035420.KS,네이버,0.45
2025-08-21,82.31584590641036,24.98207320166449,0.0,0.0,0.0,035420.KS,네이버,0.45
2025-08-22,78.53120931301217,21.85931405145643,0.0,0.0,0.0,035420.KS,네이버,0.45
2025-08-23,61.500344642720385,0.0,0.0,0.0,0.0,035420.KS,네이버,0.45
2025-08-24,62.44650379106993,0.0,0.0,0.0,0.0,035420.KS,네이버,0.45
2025-08-25,83.2620050547599,30.446901714528597,0.0,0.0,0.0,035420.KS,네이버,0.45
2025-08-26,83.2620050547599,26.54345277676852,0.0,0.0,0.0,035420.KS,네이버,0.45
2025-08-27,82.31584590641036,31.227591502080614,0.0,0.0,0.0,035420.KS,네이버,0.45
2025-08-28,81.36968675806081,21.85931405145643,0.0,0.0,0.0,035420.KS,네이버,0.45
2025-08-29,83.2620050547599,27.324142564320535,0.0,0.0,0.0,035420.KS,네이버,0.45
2025-08-30,60.55418549437084,0.0,0.0,0.0,0.0,035420.KS,네이버,0.45
2025-08-31,64.338822087769,0.0,0.0,0.0,0.0,035420.KS,네이버,0.45
2025-09-01,80.42352760971126,17.175175326144338,0.0,0.0,0.0,035420.KS,네이버,0.45
2025-09-02,83.2620050547599,42.93793831536084,0.0,0.0,0.0,035420.KS,네이버,0.45
2025-09-03,84.20816420310945,31.227591502080614,0.0,0.0,0.0,035420.KS,네이버,0.45
2025-09-04,84.20816420310945,21.85931405145643,0.0,0.0,0.0,035420.KS,네이버,0.45
2025-09-05,82.31584590641036,14.833105963488292,0.0,0.0,0.0,035420.KS,네이버,0.45
2025-09-06,60.55418549437084,0.0,0.0,0.0,0.0,035420.KS,네이버,0.45
2025-09-07,64.338822087769,0.0,0.0,0.0,0.0,035420.KS,네이버,0.45
2025-09-08,83.2620050547599,24.98207320166449,0.0,0.0,0.0,035420.KS,네이버,0.45
2025-09-09,85.15432335145898,33.569660864736655,0.0,0.0,0.0,035420.KS,네이버,0.45
2025-09-10,85.15432335145898,27.324142564320535,0.0,0.0,0.0,035420.KS,네이버,0.45
2025-09-11,84.20816420310945,25.762762989216508,0.0,0.0,0.0,035420.KS,네이버,0.45
2025-09-12,84.20816420310945,33.569660864736655,0.0,0.0,0.0,035420.KS,네이버,0.45
2025-09-13,62.44650379106993,0.0,0.0,0.0,0.0,035420.KS,네이버,0.45
2025-09-14,63.392662939419466,0.0,0.0,0.0,0.0,035420.KS,네이버,0.45
2025-09-15,91.7774373899058,32.00828128963263,0.0,0.0,0.0,035420.KS,네이버,0.45
2025-09-16,90.83127824155625,44.49931789046487,33.635631015962474,0.0,0.0,035420.KS,네이버,0.45
2025-09-17,90.83127824155625,34.350350652288675,0.0,0.0,0.0,035420.KS,네이버,0.45
2025-09-18,87.04664164815807,37.47310980249674,0.0,0.0,0.0,035420.KS,네이버,0.45
2025-09-19,87.04664164815807,32.78897107718465,0.0,0.0,0.0,035420.KS,네이버,0.45
2025-09-20,68.12345868116718,0.0,0.0,0.0,0.0,035420.KS,네이버,0.45
2025-09-21,72.8542544229149,20.297934476352395,0.0,0.0,0.0,035420.KS,네이버,0.45
2025-09-22,90.83127824155625,35.9117302273927,0.0,0.0,0.0,035420.KS,네이버,0.45
2025-09-23,88.93895994485716,37.47310980249674,0.0,0.0,0.0,035420.KS,네이버,0.45
2025-09-24,92.72359653825535,36.69242001494472,0.0,0.0,0.0,035420.KS,네이버,0.45
2025-09-25,94.61591483495442,76.50759918009751,0.0,0.0,0.0,035420.KS,네이버,0.45
2025-09-26,89.8851190932067,59.332423853953166,0.0,0.0,0.0,035420.KS,네이버,0.45
2025-09-27,67.17729953281764,14.052416175936274,0.0,0.0,0.0,035420.KS,네이버,0.45
2025-09-28,73.80041357126446,19.517244688800382,0.0,0.0,0.0,035420.KS,네이버,0.45
2025-09-29,88.93895994485716,63.235872791713234,0.0,0.0,0.0,035420.KS,네이버,0.45
2025-09-30,88.93895994485716,53.08690555353704,0.0,0.0,0.0,035420.KS,네이버,0.45
2025-10-01,89.8851190932067,42.157248527808825,0.0,0.0,0.0,035420.KS,네이버,0.45
2025-10-02,91.7774373899058,49.18345661577697,0.0,0.0,0.0,035420.KS,네이버,0.45
2025-10-03,68.12345868116718,16.394485538592324,0.0,0.0,0.0,035420.KS,네이버,0.45
2025-10-04,64.338822087769,26.54345277676852,0.0,0.0,0.0,035420.KS,네이버,0.45
2025-10-05,63.392662939419466,25.762762989216508,0.0,0.0,0.0,035420.KS,네이버,0.45
2025-10-06,63.392662939419466,16.394485538592324,0.0,0.0,0.0,035420.KS,네이버,0.45
2025-10-07,65.28498123611855,14.052416175936274,0.0,0.0,0.0,035420.KS,네이버,0.45
2025-10-08,65.28498123611855,16.394485538592324,0.0,0.0,0.0,035420.KS,네이버,0.45
2025-10-09,59.60802634602128,0.0,0.0,0.0,0.0,035420.KS,네이버,0.45
2025-10-10,80.42352760971126,49.96414640332898,0.0,0.0,0.0,035420.KS,네이버,0.45
2025-10-11,68.12345868116718,15.613795751040307,0.0,0.0,0.0,035420.KS,네이버,0.45
2025-10-12,70.01577697786628,19.517244688800382,0.0,0.0,0.0,035420.KS,네이버,0.45
2025-10-13,87.99280079650762,41.37655874025681,0.0,0.0,0.0,035420.KS,네이버,0.45
2025-10-14,90.83127824155625,41.37655874025681,0.0,0.0,0.0,035420.KS,네이버,0.45
2025-10-15,88.93895994485716,39.034489377600764,0.0,0.0,0.0,035420.KS,네이버,0.45
2025-10-16,87.99280079650762,49.18345661577697,0.0,0.0,0.0,035420.KS,네이버,0.45
2025-10-17,84.20816420310945,53.08690555353704,0.0,0.0,0.0,035420.KS,네이버,0.45
2025-10-18,70.01577697786628,0.0,0.0,0.0,0.0,035420.KS,네이버,0.45
2025-10-19,71.90809527456537,0.0,0.0,0.0,0.0,035420.KS,네이버,0.45
2025-10-20,94.61591483495442,42.157248527808825,0.0,0.0,0.0,035420.KS,네이버,0.45
2025-10-21,87.99280079650762,35.9117302273927,0.0,0.0,0.0,035420.KS,네이버,0.45
2025-10-22,87.04664164815807,34.350350652288675,0.0,0.0,0.0,035420.KS,네이버,0.45
2025-10-23,91.7774373899058,39.815179165152784,0.0,0.0,0.0,035420.KS,네이버,0.45
2025-10-24,87.04664164815807,42.157248527808825,0.0,0.0,0.0,035420.KS,네이버,0.45
2025-10-25,70.98096806310792,0.0,0.0,0.0,0.0,035420.KS,네이버,0.45
2025-10-26,70.48096806310792,15.421296899315154,0.0,0.0,0.0,035420.KS,네이버,0.45
2025-10-27,89.94255954660335,48.47228030245903,0.0,0.0,0.0,035420.KS,네이버,0.45
2025-10-28,91.8887186949529,39.895387020038264,0.0,0.0,0.0,035420.KS,네이버,0.45
2025-10-29,87.02332082407904,69.48139109212936,0.0,0.0,0.0,035420.KS,네이버,0.45
2025-10-30,85.55024124990427,51.46135969452463,39.09290673287249,0.0,0.0,035420.KS,네이버,0.45
2025-10-31,88.96947997242857,78.05828437455014,55.220791766984846,62.350280850698915,0.0,035420.KS,네이버,0.45
2025-11-01,68.06172934058358,35.17381796244628,0.0,0.0,0.0,035420.KS,네이버,0.45
2025-11-02,69.0,26.650396583282493,0.0,0.0,0.0,035420.KS,네이버,0.45
2025-11-03,88.0,77.09579011592436,44.89156626506024,76.55667395592147,0.0,035420.KS,네이버,0.45
2025-11-04,90.0,78.04758999389873,37.73493975903614,78.92440614012521,0.0,035420.KS,네이버,0.45
2025-11-05,85.0,74.24039048200123,36.433734939759034,52.87935211388388,0.0,035420.KS,네이버,0.45
2025-11-06,85.0,70.43319097010374,0.0,0.0,0.0,035420.KS,네이버,0.45
2025-11-07,81.0,59.01159243441123,35.783132530120476,0.0,0.0,035420.KS,네이버,0.45
2025-11-08,65.99999999999999,15.228798047589995,0.0,0.0,0.0,035420.KS,네이버,0.45
2025-11-09,65.0,17.132397803538744,0.0,0.0,0.0,035420.KS,네이버,0.45
2025-11-10,90.0,40.92739475289812,0.0,57.614816482291396,0.0,035420.KS,네이버,0.45
2025-11-11,86.0,58.05979255643686,0.0,0.0,0.0,035420.KS,네이버,0.45
2025-11-12,84.0,50.44539353264186,0.0,0.0,0.0,035420.KS,네이버,0.45
2025-11-13,85.0,47.58999389871874,53.349397590361434,0.0,0.0,035420.KS,네이버,0.45
2025-11-14,84.0,45.68639414276999,0.0,0.0,0.0,035420.KS,네이버,0.45
2025-11-15,69.0,19.035997559487495,0.0,0.0,0.0,035420.KS,네이버,0.45
2025-11-16,67.0,12.373398413666871,0.0,0.0,0.0,035420.KS,네이버,0.45
2025-11-17,87.0,46.638194020744365,0.0,0.0,0.0,035420.KS,네이버,0.45
2025-11-18,90.0,39.97559487492374,46.843373493975896,0.0,0.0,035420.KS,네이버,0.45
2025-11-19,90.99999999999999,54.25259304453935,0.0,74.1889417717177,0.0,035420.KS,네이버,0.45
2025-11-20,90.0,49.493593654667485,0.0,0.0,0.0,035420.KS,네이버,0.45
2025-11-21,92.0,38.07199511897499,0.0,0.0,0.0,035420.KS,네이버,0.45
2025-11-22,68.0,24.746796827333743,0.0,0.0,0.0,035420.KS,네이버,0.45
2025-11-23,71.0,0.0,0.0,0.0,0.0,035420.KS,네이버,0.45
2025-11-24,90.0,50.44539353264186,0.0,0.0,0.0,035420.KS,네이버,0.45
2025-11-25,92.0,53.300793166564986,42.93975903614458,0.0,0.0,035420.KS,네이버,0.45
2025-11-26,93.0,62.81879194630873,65.06024096385542,0.0,0.0,035420.KS,네이버,0.45
2025-11-27,93.0,80.90298962782185,44.24096385542168,0.0,0.0,035420.KS,네이버,0.45
2025-11-28,90.0,57.107992678462494,0.0,0.0,0.0,035420.KS,네이버,0.45
2025-11-29,72.0,18.08419768151312,0.0,0.0,0.0,035420.KS,네이버,0.45
2025-11-30,76.99999999999999,21.89139719341062,0.0,0.0,0.0,035420.KS,네이버,0.45
2025-12-01,97.0,53.300793166564986,0.0,0.0,0.0,035420.KS,네이버,0.45
2025-12-02,94.0,35.21659548505187,0.0,0.0,0.0,035420.KS,네이버,0.45
2025-12-03,100.0,35.21659548505187,0.0,0.0,0.0,035420.KS,네이버,0.45
2025-12-04,94.0,46.638194020744365,0.0,0.0,0.0,035420.KS,네이버,0.45
2025-12-05,93.0,37.120195241000616,0.0,0.0,0.0,035420.KS,네이버,0.45
2025-12-06,72.0,16.18059792556437,0.0,0.0,0.0,035420.KS,네이버,0.45
2025-12-07,76.0,26.650396583282493,0.0,0.0,0.0,035420.KS,네이버,0.45
2025-12-08,100.0,42.830994508846864,0.0,0.0,0.0,035420.KS,네이버,0.45
2025-12-09,94.0,43.78279438682124,0.0,0.0,0.0,035420.KS,네이버,0.45
2025-12-10,87.0,38.07199511897499,0.0,0.0,0.0,035420.KS,네이버,0.45
2025-12-11,89.0,49.493593654667485,0.0,0.0,0.0,035420.KS,네이버,0.45
2025-12-12,86.0,32.36119585112874,0.0,0.0,0.0,035420.KS,네이버,0.45
2025-12-13,68.0,18.08419768151312,0.0,0.0,0.0,035420.KS,네이버,0.45
2025-12-14,70.0,0.0,0.0,0.0,0.0,035420.KS,네이버,0.45
2025-12-15,92.0,39.97559487492374,0.0,0.0,0.0,035420.KS,네이버,0.45
2025-12-16,95.0,41.87919463087249,0.0,0.0,0.0,035420.KS,네이버,0.45
2025-12-17,89.0,39.97559487492374,41.63855421686746,0.0,0.0,035420.KS,네이버,0.45
2025-12-18,89.0,34.26479560707749,0.0,0.0,0.0,035420.KS,네이버,0.45
2025-12-19,89.0,33.312995729103115,0.0,0.0,0.0,035420.KS,네이버,0.45
2025-12-20,70.0,15.228798047589995,47.493975903614455,0.0,0.0,035420.KS,네이버,0.45
2025-12-21,75.0,16.18059792556437,48.795180722891565,0.0,0.0,035420.KS,네이버,0.45
2025-12-22,87.0,42.830994508846864,0.0,0.0,0.0,035420.KS,네이버,0.45
2025-12-23,89.0,35.21659548505187,0.0,0.0,0.0,035420.KS,네이버,0.45
2025-12-24,79.0,36.16839536302624,0.0,0.0,0.0,035420.KS,네이버,0.45
2025-12-25,69.0,0.0,0.0,0.0,0.0,035420.KS,네이버,0.45
2025-12-26,82.0,42.830994508846864,0.0,0.0,0.0,035420.KS,네이버,0.45
2025-12-27,68.0,18.08419768151312,0.0,0.0,0.0,035420.KS,네이버,0.45
2025-12-28,68.0,0.0,0.0,0.0,0.0,035420.KS,네이버,0.45
2025-12-29,88.0,44.73459426479561,0.0,0.0,0.0,035420.KS,네이버,0.45
2025-12-30,84.0,31.409395973154364,0.0,0.0,0.0,035420.KS,네이버,0.45
2025-12-31,84.0,0.0,0.0,0.0,0.0,035420.KS,네이버,0.45
2026-01-01,65.99999999999999,0.0,64.40963855421687,0.0,0.0,035420.KS,네이버,0.45
2026-01-02,81.0,44.73459426479561,0.0,0.0,0.0,035420.KS,네이버,0.45
2026-01-03,65.99999999999999,15.228798047589995,0.0,0.0,0.0,035420.KS,네이버,0.45
2026-01-04,69.0,15.228798047589995,0.0,0.0,0.0,035420.KS,네이버,0.45
2026-01-05,85.0,45.68639414276999,0.0,0.0,0.0,035420.KS,네이버,0.45
2026-01-06,83.0,60.91519219035998,51.39759036144578,0.0,0.0,035420.KS,네이버,0.45
2026-01-07,83.0,51.39719341061624,0.0,0.0,0.0,035420.KS,네이버,0.45
2026-01-08,79.0,42.830994508846864,0.0,0.0,0.0,035420.KS,네이버,0.45
2026-01-09,76.99999999999999,47.58999389871874,41.63855421686746,0.0,0.0,035420.KS,네이버,0.45
2026-01-10,63.0,0.0,0.0,0.0,0.0,035420.KS,네이버,0.45
2026-01-11,63.0,0.0,0.0,0.0,0.0,035420.KS,네이버,0.45
2026-01-12,79.0,46.638194020744365,0.0,0.0,0.0,035420.KS,네이버,0.45
2026-01-13,76.0,46.638194020744365,0.0,0.0,0.0,035420.KS,네이버,0.45
2026-01-14,74.0,35.21659548505187,0.0,0.0,0.0,035420.KS,네이버,0.45
2026-01-15,82.0,78.9993898718731,46.192771084337345,0.0,0.0,035420.KS,네이버,0.45
2026-01-16,80.69532080822404,59.96339231238561,0.0,0.0,0.0,035420.KS,네이버,0.45
2026-01-17,61.847571783055656,19.98779743746187,0.0,0.0,0.0,035420.KS,네이버,0.45
2026-01-18,69.08667139312301,19.035997559487495,0.0,0.0,0.0,035420.KS,네이버,0.45
2026-01-19,85.03225806451613,64.72239170225748,53.99999999999999,0.0,0.0,035420.KS,네이버,0.45
2026-01-20,86.96703296703298,57.107992678462494,0.0,0.0,0.0,035420.KS,네이버,0.45
2026-01-21,83.09748316199929,63.77059182428311,0.0,0.0,0.0,035420.KS,네이버,0.45
2026-01-22,81.16270825948246,71.38499084807812,0.0,69.54404639396279,0.0,035420.KS,네이버,0.45
2026-01-23,78.7605459057072,95.17998779743748,0.0,59.904735871709114,0.0,035420.KS,네이버,0.45
2026-01-24,63.564693371145,22.843197071384996,47.0,0.0,0.0,035420.KS,네이버,0.45
2026-01-25,64.49946827366182,22.843197071384996,0.0,0.0,0.0,035420.KS,네이버,0.45
2026-01-26,80.39064161644808,62.81879194630873,0.0,0.0,0.0,035420.KS,네이버,0.45
2026-01-27,82.26019142148175,73.28859060402687,0.0,0.0,0.0,035420.KS,네이버,0.45
2026-01-28,78.52109181141441,68.52959121415498,0.0,53.9423076923077,0.0,035420.KS,네이버,0.45
2026-01-29,78.52109181141441,56.156192800488114,0.0,0.0,0.0,035420.KS,네이버,0.45
2026-01-30,72.91244239631338,67.57779133618061,0.0,57.86538461538462,0.0,035420.KS,네이버,0.45
2026-01-31,61.69514356611131,25.69859670530812,0.0,0.0,0.0,035420.KS,네이버,0.45
2026-02-01,63.564693371145,15.228798047589995,0.0,0.0,0.0,035420.KS,네이버,0.45
2026-02-02,79.45586671393123,50.44539353264186,0.0,56.88461538461539,0.0,035420.KS,네이버,0.45
2026-02-03,79.45586671393123,44.73459426479561,41.0,0.0,0.0,035420.KS,네이버,0.45
2026-02-04,76.65154200638072,48.54179377669311,0.0,0.0,0.0,035420.KS,네이버,0.45
2026-02-05,72.91244239631338,57.107992678462494,35.0,80.42307692307693,0.0,035420.KS,네이버,0.45
2026-02-06,79.45586671393123,49.493593654667485,0.0,69.6346153846154,0.0,035420.KS,네이버,0.45
2026-02-07,60.76036866359448,15.228798047589995,0.0,0.0,0.0,035420.KS,네이버,0.45
2026-02-08,59.825593761077634,19.035997559487495,0.0,0.0,0.0,035420.KS,네이버,0.45
2026-02-09,75.71676710386389,51.39719341061624,39.0,58.84615384615385,0.0,035420.KS,네이버,0.45
2026-02-10,71.97766749379653,39.02379499694936,37.0,0.0,0.0,035420.KS,네이버,0.45
2026-02-11,70.10811768876286,37.120195241000616,0.0,0.0,0.0,035420.KS,네이버,0.45
2026-02-12,72.91244239631338,54.25259304453935,0.0,0.0,0.0,035420.KS,네이버,0.45
2026-02-13,59.825593761077634,40.92739475289812,50.0,0.0,0.0,035420.KS,네이버,0.45
2026-02-14,48.60829493087559,21.89139719341062,0.0,0.0,0.0,035420.KS,네이버,0.45
2026-02-15,46.73874512584191,21.89139719341062,0.0,0.0,0.0,035420.KS,네이버,0.45
2026-02-16,45.80397022332507,16.18059792556437,0.0,0.0,0.0,035420.KS,네이버,0.45
2026-02-17,42.999645515774546,0.0,0.0,0.0,0.0,035420.KS,네이버,0.45
2026-02-18,42.999645515774546,19.035997559487495,0.0,0.0,0.0,035420.KS,네이버,0.45
2026-02-19,68.23856788372917,48.54179377669311,31.999999999999996,42.17307692307693,0.0,035420.KS,네이버,0.45
2026-02-20,73.8472172988302,51.39719341061624,52.99999999999999,0.0,0.0,035420.KS,네이버,0.45
2026-02-21,64.49946827366182,19.035997559487495,0.0,65.71153846153845,0.0,035420.KS,네이버,0.45
2026-02-22,59.825593761077634,34.26479560707749,51.99999999999999,0.0,0.0,035420.KS,네이버,0.45
2026-02-23,75.71676710386389,59.01159243441123,38.0,0.0,0.0,035420.KS,네이버,0.45
2026-02-24,82.26019142148175,62.81879194630873,48.0,54.92307692307693,0.0,035420.KS,네이버,0.45
2026-02-25,78.52109181141441,75.19219035997561,50.99999999999999,65.71153846153845,0.0,035420.KS,네이버,0.45
2026-02-26,74.78199220134705,84.71018913971935,49.0,0.0,0.0,035420.KS,네이버,0.45
2026-02-27,71.97766749379653,80.90298962782185,100.0,0.0,0.0,035420.KS,네이버,0.45
2026-02-28,68.23856788372917,34.26479560707749,49.0,0.0,0.0,035420.KS,네이버,0.45
2026-03-01,60.76036866359448,31.409395973154364,0.0,74.53846153846155,0.0,035420.KS,네이버,0.45
2026-03-02,71.97766749379653,34.26479560707749,0.0,0.0,0.0,035420.KS,네이버,0.45
2026-03-03,84.12974122651543,70.43319097010374,76.99999999999999,0.0,0.0,035420.KS,네이버,0.45
2026-03-04,81.32541651896491,77.09579011592436,0.0,52.96153846153846,0.0,035420.KS,네이버,0.45
2026-03-05,84.12974122651543,79.95118974984749,51.99999999999999,98.07692307692307,0.0,035420.KS,네이버,0.45
2026-03-06,84.12974122651543,59.01159243441123,41.99999999999999,0.0,0.0,035420.KS,네이버,0.45
2026-03-07,66.3690180786955,25.69859670530812,0.0,0.0,0.0,035420.KS,네이버,0.45
2026-03-08,65.43424317617867,30.45759609517999,0.0,0.0,0.0,035420.KS,네이버,0.45
2026-03-09,86.93406593406594,71.38499084807812,43.99999999999999,0.0,0.0,035420.KS,네이버,0.45
2026-03-10,85.06451612903227,59.01159243441123,53.99999999999999,0.0,0.0,035420.KS,네이버,0.45
2026-03-11,85.06451612903227,45.68639414276999,0.0,54.92307692307693,0.0,035420.KS,네이버,0.45
2026-03-12,84.12974122651543,42.830994508846864,0.0,0.0,0.0,035420.KS,네이버,0.45
2026-03-13,82.26019142148175,46.638194020744365,0.0,0.0,0.0,035420.KS,네이버,0.45
2026-03-14,63.564693371145,18.08419768151312,0.0,0.0,0.0,035420.KS,네이버,0.45
2026-03-15,61.69514356611131,13.325198291641247,0.0,0.0,0.0,035420.KS,네이버,0.45
2026-03-16,86.93406593406594,53.300793166564986,0.0,0.0,0.0,035420.KS,네이버,0.45
2026-03-17,82.26019142148175,51.39719341061624,0.0,0.0,0.0,035420.KS,네이버,0.45
2026-03-18,84.12974122651543,65.67419158023185,57.99999999999999,72.57692307692307,0.0,035420.KS,네이버,0.45
2026-03-19,88.80361573909961,65.67419158023185,52.99999999999999,0.0,0.0,035420.KS,네이버,0.45
2026-03-20,81.32541651896491,64.72239170225748,61.999999999999986,0.0,0.0,035420.KS,네이버,0.45
2026-03-21,63.564693371145,18.08419768151312,0.0,0.0,0.0,035420.KS,네이버,0.45
2026-03-22,65.43424317617867,20.939597315436245,50.99999999999999,0.0,0.0,035420.KS,네이버,0.45
2026-03-23,84.12974122651543,49.493593654667485,62.999999999999986,0.0,0.0,035420.KS,네이버,0.45
2026-03-24,90.6731655441333,52.348993288590606,0.0,55.903846153846146,0.0,035420.KS,네이버,0.45
2026-03-25,90.6731655441333,35.21659548505187,0.0,0.0,0.0,035420.KS,네이버,0.45
2026-03-26,93.47749025168382,58.05979255643686,0.0,0.0,0.0,035420.KS,네이버,0.45
2026-03-27,85.06451612903227,56.156192800488114,60.999999999999986,0.0,0.0,035420.KS,네이버,0.45
2026-03-28,67.30379298121235,19.98779743746187,0.0,0.0,0.0,035420.KS,네이버,0.45
2026-03-29,69.17334278624601,0.0,0.0,0.0,0.0,035420.KS,네이버,0.45
2026-03-30,84.12974122651543,46.638194020744365,41.0,0.0,0.0,035420.KS,네이버,0.45
2026-03-31,87.86884083658279,42.830994508846864,0.0,0.0,0.0,035420.KS,네이버,0.45
2026-04-01,85.99929103154909,43.78279438682124,0.0,0.0,0.0,035420.KS,네이버,0.45
2026-04-02,83.19496632399859,54.25259304453935,0.0,0.0,0.0,035420.KS,네이버,0.45
2026-04-03,74.78199220134705,50.44539353264186,51.99999999999999,0.0,0.0,035420.KS,네이버,0.45
2026-04-04,61.69514356611131,15.228798047589995,0.0,0.0,0.0,035420.KS,네이버,0.45
2026-04-05,60.76036866359448,24.746796827333743,0.0,0.0,0.0,035420.KS,네이버,0.45
2026-04-06,75.71676710386389,47.58999389871874,41.0,58.84615384615385,0.0,035420.KS,네이버,0.45
2026-04-07,81.32541651896491,40.92739475289812,42.99999999999999,0.0,0.0,035420.KS,네이버,0.45
2026-04-08,72.91244239631338,48.54179377669311,31.999999999999996,53.9423076923077,0.0,035420.KS,네이버,0.45
2026-04-09,74.81385952756922,42.415497254423435,34.5,0.0,0.0,035420.KS,네이버,0.45
2026-04-10,68.96348779689929,39.01189749847468,36.0,0.0,0.0,035420.KS,네이버,0.45
2026-04-11,58.13304348502211,16.590298962782185,0.0,0.0,0.0,035420.KS,네이버,0.45
2026-04-12,58.13304348502211,19.993898718730936,0.0,0.0,0.0,035420.KS,네이버,0.45
2026-04-13,76.61893357954874,46.81909701037218,65.99999999999999,0.0,0.0,035420.KS,네이버,0.45
2026-04-14,78.42400763152827,55.10219646125687,32.99999999999999,0.0,0.0,035420.KS,네이버,0.45
2026-04-15,79.76169423224937,58.02989627821843,57.99999999999999,51.0,0.0,035420.KS,네이버,0.45
2026-04-16,80.2290816835078,60.95759609517999,37.0,51.0,0.0,035420.KS,네이버,0.45
2026-04-17,72.23482940540332,46.0,0.0,0.0,0.0,035420.KS,네이버,0.45
2026-04-18,56.56944471507488,18.000000000000004,0.0,0.0,0.0,035420.KS,네이버,0.45
2026-04-19,57.439743864537576,21.000000000000004,0.0,0.0,0.0,035420.KS,네이버,0.45
2026-04-20,74.84572685379138,38.00000000000001,44.99999999999999,0.0,0.0,035420.KS,네이버,0.45
2026-04-21,75.71602600325407,58.00000000000001,47.0,96.00000000000001,0.0,035420.KS,네이버,0.45
2026-04-22,75.71602600325407,58.00000000000001,42.99999999999999,0.0,0.0,035420.KS,네이버,0.45
2026-04-23,74.84572685379138,54.0,53.99999999999999,63.0,0.0,035420.KS,네이버,0.45
2026-04-24,77.45662430217945,54.0,48.0,59.0,0.0,035420.KS,네이버,0.45
2026-04-25,61.791239611851026,15.000000000000002,0.0,82.0,0.0,035420.KS,네이버,0.45
2026-04-26,60.05064131292565,17.0,0.0,76.00000000000001,0.0,035420.KS,네이버,0.45
2026-04-27,80.06752175056752,49.00000000000001,67.0,79.0,0.0,035420.KS,네이버,0.45
2026-04-28,78.32692345164214,59.00000000000001,41.0,73.0,0.0,035420.KS,네이버,0.45
2026-04-29,80.06752175056752,59.00000000000001,59.0,0.0,0.0,035420.KS,네이버,0.45
2026-04-30,77.45662430217945,61.00000000000001,41.0,89.0,0.0,035420.KS,네이버,0.45
2026-05-01,59.18034216346295,33.0,65.99999999999999,0.0,0.0,035420.KS,네이버,0.45
2026-05-02,57.439743864537576,30.000000000000004,0.0,0.0,0.0,035420.KS,네이버,0.45
2026-05-03,57.439743864537576,18.000000000000004,0.0,0.0,0.0,035420.KS,네이버,0.45
2026-05-04,70.49423110647794,64.0,51.99999999999999,82.0,0.0,035420.KS,네이버,0.45
2026-05-05,62.66153876131371,41.0,53.99999999999999,0.0,0.0,035420.KS,네이버,0.45
2026-05-06,80.06752175056752,100.0,89.0,63.0,0.0,035420.KS,네이버,0.45
2026-05-07,73.9754277043287,82.0,64.99999999999999,72.00000000000001,0.0,035420.KS,네이버,0.45
2026-05-08,76.58632515271677,77.0,78.99999999999999,100.0,0.0,035420.KS,네이버,0.45
2026-05-09,59.18034216346295,35.0,46.0,0.0,0.0,035420.KS,네이버,0.45
2026-05-10,60.92094046238833,32.0,0.0,0.0,0.0,035420.KS,네이버,0.45
2026-05-11,87.02991494626905,79.0,53.99999999999999,72.00000000000001,0.0,035420.KS,네이버,0.45
2026-05-12,77.45662430217945,84.00000000000001,100.0,73.0,0.0,035420.KS,네이버,0.45
2025-05-12,15.14917667782023,10.824310745614675,0.0,0.0,0.0,012450.KS,한화에어로스페이스,0.32
2025-05-13,9.833676089111378,0.0,0.0,0.0,0.0,012450.KS,한화에어로스페이스,0.32
2025-05-14,10.631001177417707,10.60782453070238,0.0,0.0,0.0,012450.KS,한화에어로스페이스,0.32
2025-05-15,8.770575971369608,0.0,0.0,0.0,0.0,012450.KS,한화에어로스페이스,0.32
2025-05-16,11.694101295159477,0.0,0.0,0.0,0.0,012450.KS,한화에어로스페이스,0.32
2025-05-17,6.112825677015181,0.0,0.0,0.0,0.0,012450.KS,한화에어로스페이스,0.32
2025-05-18,6.910150765321508,0.0,0.0,0.0,0.0,012450.KS,한화에어로스페이스,0.32
2025-05-19,9.03635100080505,0.0,0.0,0.0,0.0,012450.KS,한화에어로스페이스,0.32
2025-05-20,9.03635100080505,0.0,0.0,0.0,0.0,012450.KS,한화에어로스페이스,0.32
2025-05-21,7.441700824192394,0.0,0.0,0.0,0.0,012450.KS,한화에어로스페이스,0.32
2025-05-22,11.694101295159477,0.0,0.0,0.0,0.0,012450.KS,한화에어로스페이스,0.32
2025-05-23,9.567901059675936,0.0,0.0,0.0,0.0,012450.KS,한화에어로스페이스,0.32
2025-05-24,9.03635100080505,0.0,0.0,0.0,0.0,012450.KS,한화에어로스페이스,0.32
2025-05-25,6.644375735886067,0.0,0.0,0.0,0.0,012450.KS,한화에어로스페이스,0.32
2025-05-26,10.631001177417707,0.0,0.0,0.0,0.0,012450.KS,한화에어로스페이스,0.32
2025-05-27,9.833676089111378,15.58700747368513,0.0,0.0,0.0,012450.KS,한화에어로스페이스,0.32
2025-05-28,8.504800941934166,9.30890724122862,0.0,0.0,0.0,012450.KS,한화에어로스페이스,0.32
2025-05-29,13.554526501207576,11.473769390351555,0.0,0.0,0.0,012450.KS,한화에어로스페이스,0.32
2025-05-30,5.5812756181442955,0.0,0.0,0.0,0.0,012450.KS,한화에어로스페이스,0.32
2025-05-31,0.0,0.0,0.0,0.0,0.0,012450.KS,한화에어로스페이스,0.32
2025-06-01,0.0,0.0,100.0,0.0,0.0,012450.KS,한화에어로스페이스,0.32
2025-06-02,7.175925794756951,15.803493688597426,0.0,0.0,0.0,012450.KS,한화에어로스페이스,0.32
2025-06-03,6.910150765321508,0.0,0.0,0.0,0.0,012450.KS,한화에어로스페이스,0.32
2025-06-04,7.97325088306328,12.772686679825314,0.0,0.0,0.0,012450.KS,한화에어로스페이스,0.32
2025-06-05,13.554526501207576,15.803493688597426,0.0,0.0,0.0,012450.KS,한화에어로스페이스,0.32
2025-06-06,0.0,0.0,0.0,0.0,0.0,012450.KS,한화에어로스페이스,0.32
2025-06-07,0.0,0.0,0.0,0.0,0.0,012450.KS,한화에어로스페이스,0.32
2025-06-08,7.97325088306328,0.0,0.0,0.0,0.0,012450.KS,한화에어로스페이스,0.32
2025-06-09,11.95987632459492,9.092421026316327,0.0,0.0,0.0,012450.KS,한화에어로스페이스,0.32
2025-06-10,12.225651354030362,13.422145324562196,0.0,0.0,0.0,012450.KS,한화에어로스페이스,0.32
2025-06-11,11.95987632459492,17.318897192983478,0.0,0.0,0.0,012450.KS,한화에어로스페이스,0.32
2025-06-12,13.554526501207576,10.174852100877795,0.0,0.0,0.0,012450.KS,한화에어로스페이스,0.32
2025-06-13,14.883401648384789,21.64862149122935,0.0,0.0,0.0,012450.KS,한화에어로스페이스,0.32
2025-06-14,5.04972555927341,0.0,0.0,0.0,0.0,012450.KS,한화에어로스페이스,0.32
2025-06-15,8.504800941934166,0.0,0.0,0.0,0.0,012450.KS,한화에어로스페이스,0.32
2025-06-16,14.086076560078462,13.205659109649904,0.0,0.0,0.0,012450.KS,한화에어로스페이스,0.32
2025-06-17,11.694101295159477,14.93754882894825,0.0,0.0,0.0,012450.KS,한화에어로스페이스,0.32
2025-06-18,9.302126030240492,9.525393456140915,0.0,0.0,0.0,012450.KS,한화에어로스페이스,0.32
2025-06-19,10.631001177417707,0.0,0.0,0.0,0.0,012450.KS,한화에어로스페이스,0.32
2025-06-20,12.225651354030362,11.040796960526968,0.0,0.0,0.0,012450.KS,한화에어로스페이스,0.32
2025-06-21,0.0,0.0,0.0,0.0,0.0,012450.KS,한화에어로스페이스,0.32
2025-06-22,12.225651354030362,0.0,0.0,0.0,0.0,012450.KS,한화에어로스페이스,0.32
2025-06-23,17.00960188386833,19.26727312719412,0.0,0.0,0.0,012450.KS,한화에어로스페이스,0.32
2025-06-24,9.833676089111378,12.556200464913022,0.0,0.0,0.0,012450.KS,한화에어로스페이스,0.32
2025-06-25,14.086076560078462,16.452952333334306,0.0,0.0,0.0,012450.KS,한화에어로스페이스,0.32
2025-06-26,10.365226147982263,11.040796960526968,0.0,0.0,0.0,012450.KS,한화에어로스페이스,0.32
2025-06-27,11.428326265724035,17.318897192983478,0.0,0.0,0.0,012450.KS,한화에어로스페이스,0.32
2025-06-28,0.0,0.0,0.0,0.0,0.0,012450.KS,한화에어로스페이스,0.32
2025-06-29,6.112825677015181,0.0,0.0,0.0,0.0,012450.KS,한화에어로스페이스,0.32
2025-06-30,12.491426383465805,14.288090184211368,0.0,0.0,0.0,012450.KS,한화에어로스페이스,0.32
2025-07-01,12.225651354030362,0.0,0.0,0.0,0.0,012450.KS,한화에어로스페이스,0.32
2025-07-02,15.414951707255675,15.154035043860544,0.0,0.0,0.0,012450.KS,한화에어로스페이스,0.32
2025-07-03,9.302126030240492,17.751869622808066,0.0,0.0,0.0,012450.KS,한화에어로스페이스,0.32
2025-07-04,14.351851589513902,12.772686679825314,0.0,0.0,0.0,012450.KS,한화에어로스페이스,0.32
2025-07-05,0.0,0.0,0.0,0.0,0.0,012450.KS,한화에어로스페이스,0.32
2025-07-06,6.910150765321508,15.370521258772838,0.0,0.0,0.0,012450.KS,한화에어로스페이스,0.32
2025-07-07,16.74382685443289,12.772686679825314,0.0,0.0,0.0,012450.KS,한화에어로스페이스,0.32
2025-07-08,6.910150765321508,14.504576399123664,0.0,0.0,0.0,012450.KS,한화에어로스페이스,0.32
2025-07-09,10.896776206853149,0.0,0.0,0.0,0.0,012450.KS,한화에어로스페이스,0.32
2025-07-10,14.086076560078462,19.483759342106413,0.0,0.0,0.0,012450.KS,한화에어로스페이스,0.32
2025-07-11,9.567901059675936,14.071603969299076,0.0,0.0,0.0,012450.KS,한화에어로스페이스,0.32
2025-07-12,5.315500588708853,0.0,0.0,0.0,0.0,012450.KS,한화에어로스페이스,0.32
2025-07-13,0.0,0.0,0.0,0.0,0.0,012450.KS,한화에어로스페이스,0.32
2025-07-14,10.365226147982263,21.21564906140476,0.0,0.0,0.0,012450.KS,한화에어로스페이스,0.32
2025-07-15,11.95987632459492,0.0,0.0,0.0,0.0,012450.KS,한화에어로스페이스,0.32
2025-07-16,13.02297644233669,12.339714250000728,0.0,0.0,0.0,012450.KS,한화에어로스페이스,0.32
2025-07-17,15.14917667782023,0.0,0.0,0.0,0.0,012450.KS,한화에어로스페이스,0.32
2025-07-18,15.414951707255675,15.58700747368513,0.0,0.0,0.0,012450.KS,한화에어로스페이스,0.32
2025-07-19,8.770575971369608,0.0,0.0,0.0,0.0,012450.KS,한화에어로스페이스,0.32
2025-07-20,6.910150765321508,0.0,0.0,0.0,0.0,012450.KS,한화에어로스페이스,0.32
2025-07-21,17.00960188386833,12.772686679825314,0.0,0.0,0.0,012450.KS,한화에어로스페이스,0.32
2025-07-22,13.820301530643016,11.257283175439262,0.0,0.0,0.0,012450.KS,한화에어로스페이스,0.32
2025-07-23,11.162551236288591,16.019979903509718,0.0,0.0,0.0,012450.KS,한화에어로스페이스,0.32
2025-07-24,13.820301530643016,14.504576399123664,0.0,0.0,0.0,012450.KS,한화에어로스페이스,0.32
2025-07-25,15.14917667782023,0.0,0.0,0.0,0.0,012450.KS,한화에어로스페이스,0.32
2025-07-26,7.97325088306328,0.0,0.0,0.0,0.0,012450.KS,한화에어로스페이스,0.32
2025-07-27,9.03635100080505,0.0,0.0,0.0,0.0,012450.KS,한화에어로스페이스,0.32
2025-07-28,16.74382685443289,13.638631539474488,0.0,0.0,0.0,012450.KS,한화에어로스페이스,0.32
2025-07-29,26.577502943544268,21.64862149122935,0.0,0.0,0.0,012450.KS,한화에어로스페이스,0.32
2025-07-30,15.414951707255675,0.0,0.0,0.0,0.0,012450.KS,한화에어로스페이스,0.32
2025-07-31,17.806926972174658,0.0,0.0,0.0,0.0,012450.KS,한화에어로스페이스,0.32
2025-08-01,10.631001177417707,12.123228035088434,0.0,0.0,0.0,012450.KS,한화에어로스페이스,0.32
2025-08-02,0.0,0.0,0.0,0.0,0.0,012450.KS,한화에어로스페이스,0.32
2025-08-03,8.27999956287002,14.065072057642238,0.0,0.0,0.0,012450.KS,한화에어로스페이스,0.32
2025-08-04,9.58451199901565,0.0,0.0,0.0,0.0,012450.KS,한화에어로스페이스,0.32
2025-08-05,4.6322372838685695,11.439877395905706,0.0,0.0,0.0,012450.KS,한화에어로스페이스,0.32
2025-08-06,7.8270746168737855,0.0,0.0,0.0,0.0,012450.KS,한화에어로스페이스,0.32
2025-08-07,8.27999956287002,11.090763443767134,0.0,0.0,0.0,012450.KS,한화에어로스페이스,0.32
2025-08-08,12.912236846738587,15.377669388510506,0.0,0.0,0.0,012450.KS,한화에어로스페이스,0.32
2025-08-09,7.694187102156065,0.0,0.0,0.0,0.0,012450.KS,한화에어로스페이스,0.32
2025-08-10,5.085162229864803,0.0,0.0,0.0,0.0,012450.KS,한화에어로스페이스,0.32
2025-08-11,12.161422388583464,12.732262773722628,0.0,0.0,0.0,012450.KS,한화에어로스페이스,0.32
2025-08-12,7.680898350684292,12.732262773722628,0.0,0.0,0.0,012450.KS,한화에어로스페이스,0.32
2025-08-13,12.161422388583464,15.915328467153286,0.0,0.0,0.0,012450.KS,한화에어로스페이스,0.32
2025-08-14,10.24119780091239,0.0,0.0,0.0,0.0,012450.KS,한화에어로스페이스,0.32
2025-08-15,0.0,0.0,0.0,0.0,0.0,012450.KS,한화에어로스페이스,0.32
2025-08-16,5.120598900456195,0.0,0.0,0.0,0.0,012450.KS,한화에어로스페이스,0.32
2025-08-17,5.120598900456195,0.0,0.0,0.0,0.0,012450.KS,한화에어로스페이스,0.32
2025-08-18,12.161422388583464,17.506861313868615,0.0,0.0,0.0,012450.KS,한화에어로스페이스,0.32
2025-08-19,13.44157211369751,0.0,0.0,0.0,0.0,012450.KS,한화에어로스페이스,0.32
2025-08-20,10.881272663469414,13.793284671532849,0.0,0.0,0.0,012450.KS,한화에어로스페이스,0.32
2025-08-21,7.040823488127268,11.67124087591241,0.0,0.0,0.0,012450.KS,한화에어로스페이스,0.32
2025-08-22,7.680898350684292,0.0,100.0,0.0,0.0,012450.KS,한화에어로스페이스,0.32
2025-08-23,0.0,0.0,0.0,0.0,0.0,012450.KS,한화에어로스페이스,0.32
2025-08-24,0.0,0.0,0.0,0.0,0.0,012450.KS,한화에어로스페이스,0.32
2025-08-25,7.040823488127268,15.119562043795623,0.0,0.0,0.0,012450.KS,한화에어로스페이스,0.32
2025-08-26,12.161422388583464,0.0,0.0,0.0,0.0,012450.KS,한화에어로스페이스,0.32
2025-08-27,10.24119780091239,15.119562043795623,0.0,0.0,0.0,012450.KS,한화에어로스페이스,0.32
2025-08-28,9.601122938355367,0.0,0.0,0.0,0.0,012450.KS,한화에어로스페이스,0.32
2025-08-29,14.721721838811561,20.955182481751827,0.0,0.0,0.0,012450.KS,한화에어로스페이스,0.32
2025-08-30,0.0,0.0,0.0,0.0,0.0,012450.KS,한화에어로스페이스,0.32
2025-08-31,0.0,0.0,0.0,0.0,0.0,012450.KS,한화에어로스페이스,0.32
2025-09-01,11.521347526026437,0.0,0.0,0.0,0.0,012450.KS,한화에어로스페이스,0.32
2025-09-02,10.24119780091239,0.0,0.0,0.0,0.0,012450.KS,한화에어로스페이스,0.32
2025-09-03,10.881272663469414,0.0,0.0,0.0,0.0,012450.KS,한화에어로스페이스,0.32
2025-09-04,9.601122938355367,0.0,0.0,0.0,0.0,012450.KS,한화에어로스페이스,0.32
2025-09-05,12.801497251140487,11.140729927007301,0.0,0.0,0.0,012450.KS,한화에어로스페이스,0.32
2025-09-06,7.680898350684292,0.0,0.0,0.0,0.0,012450.KS,한화에어로스페이스,0.32
2025-09-07,10.881272663469414,0.0,0.0,0.0,0.0,012450.KS,한화에어로스페이스,0.32
2025-09-08,16.641946426482633,14.058540145985404,0.0,0.0,0.0,012450.KS,한화에어로스페이스,0.32
2025-09-09,13.44157211369751,0.0,0.0,0.0,0.0,012450.KS,한화에어로스페이스,0.32
2025-09-10,17.282021289039655,11.936496350364965,0.0,0.0,0.0,012450.KS,한화에어로스페이스,0.32
2025-09-11,14.721721838811561,0.0,0.0,0.0,0.0,012450.KS,한화에어로스페이스,0.32
2025-09-12,14.721721838811561,0.0,0.0,0.0,0.0,012450.KS,한화에어로스페이스,0.32
2025-09-13,16.00187156392561,0.0,0.0,0.0,0.0,012450.KS,한화에어로스페이스,0.32
2025-09-14,16.641946426482633,0.0,0.0,0.0,0.0,012450.KS,한화에어로스페이스,0.32
2025-09-15,33.283892852965266,10.875474452554746,0.0,0.0,0.0,012450.KS,한화에어로스페이스,0.32
2025-09-16,16.00187156392561,14.058540145985404,0.0,0.0,0.0,012450.KS,한화에어로스페이스,0.32
2025-09-17,17.922096151596683,16.711094890510953,0.0,0.0,0.0,012450.KS,한화에어로스페이스,0.32
2025-09-18,12.801497251140487,11.405985401459857,0.0,0.0,0.0,012450.KS,한화에어로스페이스,0.32
2025-09-19,15.361796701368585,11.936496350364965,0.0,0.0,0.0,012450.KS,한화에어로스페이스,0.32
2025-09-20,12.801497251140487,0.0,0.0,0.0,0.0,012450.KS,한화에어로스페이스,0.32
2025-09-21,10.881272663469414,0.0,0.0,0.0,0.0,012450.KS,한화에어로스페이스,0.32
2025-09-22,19.202245876710734,18.833138686131388,0.0,0.0,0.0,012450.KS,한화에어로스페이스,0.32
2025-09-23,17.282021289039655,16.445839416058398,0.0,0.0,0.0,012450.KS,한화에어로스페이스,0.32
2025-09-24,8.961048075798342,0.0,0.0,0.0,0.0,012450.KS,한화에어로스페이스,0.32
2025-09-25,17.282021289039655,11.67124087591241,0.0,0.0,0.0,012450.KS,한화에어로스페이스,0.32
2025-09-26,11.521347526026437,0.0,0.0,0.0,0.0,012450.KS,한화에어로스페이스,0.32
2025-09-27,14.081646976254536,0.0,0.0,0.0,0.0,012450.KS,한화에어로스페이스,0.32
2025-09-28,8.961048075798342,0.0,0.0,0.0,0.0,012450.KS,한화에어로스페이스,0.32
2025-09-29,14.721721838811561,14.854306569343068,0.0,0.0,0.0,012450.KS,한화에어로스페이스,0.32
2025-09-30,17.282021289039655,18.833138686131388,0.0,0.0,0.0,012450.KS,한화에어로스페이스,0.32
2025-10-01,16.00187156392561,11.405985401459857,0.0,0.0,0.0,012450.KS,한화에어로스페이스,0.32
2025-10-02,16.00187156392561,13.528029197080293,0.0,0.0,0.0,012450.KS,한화에어로스페이스,0.32
2025-10-03,14.721721838811561,0.0,0.0,0.0,0.0,012450.KS,한화에어로스페이스,0.32
2025-10-04,12.801497251140487,0.0,0.0,0.0,0.0,012450.KS,한화에어로스페이스,0.32
2025-10-05,15.361796701368585,0.0,0.0,0.0,0.0,012450.KS,한화에어로스페이스,0.32
2025-10-06,17.922096151596683,0.0,0.0,0.0,0.0,012450.KS,한화에어로스페이스,0.32
2025-10-07,12.801497251140487,0.0,0.0,0.0,0.0,012450.KS,한화에어로스페이스,0.32
2025-10-08,18.56217101415371,0.0,0.0,0.0,0.0,012450.KS,한화에어로스페이스,0.32
2025-10-09,18.56217101415371,0.0,0.0,0.0,0.0,012450.KS,한화에어로스페이스,0.32
2025-10-10,29.443443677623122,13.262773722627738,0.0,0.0,0.0,012450.KS,한화에어로스페이스,0.32
2025-10-11,32.643817990408245,0.0,0.0,0.0,0.0,012450.KS,한화에어로스페이스,0.32
2025-10-12,64.00748625570245,0.0,0.0,0.0,0.0,012450.KS,한화에어로스페이스,0.32
2025-10-13,62.72733653058838,15.915328467153286,0.0,0.0,0.0,012450.KS,한화에어로스페이스,0.32
2025-10-14,18.56217101415371,13.262773722627738,0.0,0.0,0.0,012450.KS,한화에어로스페이스,0.32
2025-10-15,7.040823488127268,0.0,0.0,0.0,0.0,012450.KS,한화에어로스페이스,0.32
2025-10-16,15.361796701368585,0.0,0.0,0.0,0.0,012450.KS,한화에어로스페이스,0.32
2025-10-17,14.721721838811561,13.793284671532849,0.0,0.0,0.0,012450.KS,한화에어로스페이스,0.32
2025-10-18,8.320973213241317,0.0,0.0,0.0,0.0,012450.KS,한화에어로스페이스,0.32
2025-10-19,8.320973213241317,0.0,0.0,0.0,0.0,012450.KS,한화에어로스페이스,0.32
2025-10-20,13.44157211369751,16.711094890510953,0.0,0.0,0.0,012450.KS,한화에어로스페이스,0.32
2025-10-21,11.521347526026437,0.0,0.0,0.0,0.0,012450.KS,한화에어로스페이스,0.32
2025-10-22,12.801497251140487,0.0,0.0,0.0,0.0,012450.KS,한화에어로스페이스,0.32
2025-10-23,14.081646976254536,17.241605839416057,0.0,0.0,0.0,012450.KS,한화에어로스페이스,0.32
2025-10-24,13.44157211369751,15.119562043795623,0.0,0.0,0.0,012450.KS,한화에어로스페이스,0.32
2025-10-25,7.551292548836122,0.0,0.0,0.0,0.0,012450.KS,한화에어로스페이스,0.32
2025-10-26,6.405193589893556,0.0,0.0,0.0,0.0,012450.KS,한화에어로스페이스,0.32
2025-10-27,12.15300035091824,22.82204379562044,0.0,0.0,0.0,012450.KS,한화에어로스페이스,0.32
2025-10-28,12.32167504971342,0.0,0.0,0.0,0.0,012450.KS,한화에어로스페이스,0.32
2025-10-29,11.495613522049366,13.779854014598541,0.0,0.0,0.0,012450.KS,한화에어로스페이스,0.32
2025-10-30,15.928646625336299,26.525547445255476,0.0,0.0,0.0,012450.KS,한화에어로스페이스,0.32
2025-10-31,15.439934495262609,12.745693430656935,0.0,0.0,0.0,012450.KS,한화에어로스페이스,0.32
2025-11-01,9.034740905369052,13.178832116788323,0.0,0.0,0.0,012450.KS,한화에어로스페이스,0.32
2025-11-02,7.084337349397591,0.0,0.0,0.0,0.0,012450.KS,한화에어로스페이스,0.32
2025-11-03,18.891566265060245,13.766423357664234,0.0,0.0,0.0,012450.KS,한화에어로스페이스,0.32
2025-11-04,12.481927710843376,11.080291970802921,0.0,0.0,0.0,012450.KS,한화에어로스페이스,0.32
2025-11-05,12.481927710843376,17.124087591240876,0.0,0.0,0.0,012450.KS,한화에어로스페이스,0.32
2025-11-06,19.566265060240966,16.788321167883215,0.0,0.0,0.0,012450.KS,한화에어로스페이스,0.32
2025-11-07,15.180722891566267,16.116788321167885,0.0,0.0,0.0,012450.KS,한화에어로스페이스,0.32
2025-11-08,8.096385542168676,0.0,0.0,0.0,0.0,012450.KS,한화에어로스페이스,0.32
2025-11-09,10.457831325301205,0.0,0.0,0.0,0.0,012450.KS,한화에어로스페이스,0.32
2025-11-10,11.13253012048193,10.744525547445257,0.0,0.0,0.0,012450.KS,한화에어로스페이스,0.32
2025-11-11,11.807228915662652,0.0,0.0,0.0,0.0,012450.KS,한화에어로스페이스,0.32
2025-11-12,11.46987951807229,13.094890510948906,0.0,0.0,0.0,012450.KS,한화에어로스페이스,0.32
2025-11-13,11.46987951807229,0.0,0.0,0.0,0.0,012450.KS,한화에어로스페이스,0.32
2025-11-14,13.156626506024097,17.795620437956206,0.0,0.0,0.0,012450.KS,한화에어로스페이스,0.32
2025-11-15,9.783132530120483,0.0,0.0,0.0,0.0,012450.KS,한화에어로스페이스,0.32
2025-11-16,10.120481927710845,0.0,0.0,0.0,0.0,012450.KS,한화에어로스페이스,0.32
2025-11-17,17.879518072289162,17.45985401459854,0.0,0.0,0.0,012450.KS,한화에어로스페이스,0.32
2025-11-18,16.192771084337352,12.087591240875915,0.0,0.0,0.0,012450.KS,한화에어로스페이스,0.32
2025-11-19,14.506024096385541,0.0,0.0,0.0,0.0,012450.KS,한화에어로스페이스,0.32
2025-11-20,14.843373493975905,23.503649635036496,0.0,0.0,0.0,012450.KS,한화에어로스페이스,0.32
2025-11-21,13.156626506024097,31.89781021897811,0.0,0.0,0.0,012450.KS,한화에어로스페이스,0.32
2025-11-22,8.433734939759036,0.0,0.0,0.0,0.0,012450.KS,한화에어로스페이스,0.32
2025-11-23,6.072289156626507,0.0,0.0,0.0,0.0,012450.KS,한화에어로스페이스,0.32
2025-11-24,12.481927710843376,22.160583941605843,0.0,0.0,0.0,012450.KS,한화에어로스페이스,0.32
2025-11-25,11.807228915662652,0.0,0.0,0.0,0.0,012450.KS,한화에어로스페이스,0.32
2025-11-26,22.93975903614458,28.875912408759124,0.0,0.0,0.0,012450.KS,한화에어로스페이스,0.32
2025-11-27,33.734939759036145,21.153284671532848,0.0,0.0,0.0,012450.KS,한화에어로스페이스,0.32
2025-11-28,17.204819277108435,14.437956204379562,0.0,0.0,0.0,012450.KS,한화에어로스페이스,0.32
2025-11-29,7.759036144578315,0.0,0.0,0.0,0.0,012450.KS,한화에어로스페이스,0.32
2025-11-30,10.795180722891567,0.0,0.0,0.0,0.0,012450.KS,한화에어로스페이스,0.32
2025-12-01,14.168674698795183,15.781021897810218,0.0,0.0,0.0,012450.KS,한화에어로스페이스,0.32
2025-12-02,10.795180722891567,0.0,0.0,0.0,0.0,012450.KS,한화에어로스페이스,0.32
2025-12-03,13.156626506024097,0.0,0.0,0.0,0.0,012450.KS,한화에어로스페이스,0.32
2025-12-04,7.084337349397591,0.0,0.0,0.0,0.0,012450.KS,한화에어로스페이스,0.32
2025-12-05,15.180722891566267,0.0,0.0,0.0,0.0,012450.KS,한화에어로스페이스,0.32
2025-12-06,9.10843373493976,0.0,0.0,0.0,0.0,012450.KS,한화에어로스페이스,0.32
2025-12-07,8.771084337349398,0.0,0.0,0.0,0.0,012450.KS,한화에어로스페이스,0.32
2025-12-08,15.85542168674699,0.0,0.0,0.0,0.0,012450.KS,한화에어로스페이스,0.32
2025-12-09,13.49397590361446,12.759124087591243,0.0,0.0,0.0,012450.KS,한화에어로스페이스,0.32
2025-12-10,13.156626506024097,14.1021897810219,0.0,0.0,0.0,012450.KS,한화에어로스페이스,0.32
2025-12-11,9.445783132530122,0.0,0.0,0.0,0.0,012450.KS,한화에어로스페이스,0.32
2025-12-12,10.120481927710845,0.0,0.0,0.0,0.0,012450.KS,한화에어로스페이스,0.32
2025-12-13,9.445783132530122,0.0,0.0,0.0,0.0,012450.KS,한화에어로스페이스,0.32
2025-12-14,11.46987951807229,0.0,0.0,0.0,0.0,012450.KS,한화에어로스페이스,0.32
2025-12-15,16.192771084337352,14.437956204379562,0.0,0.0,0.0,012450.KS,한화에어로스페이스,0.32
2025-12-16,10.457831325301205,0.0,0.0,0.0,0.0,012450.KS,한화에어로스페이스,0.32
2025-12-17,12.819277108433734,0.0,0.0,0.0,0.0,012450.KS,한화에어로스페이스,0.32
2025-12-18,10.457831325301205,14.437956204379562,0.0,0.0,0.0,012450.KS,한화에어로스페이스,0.32
2025-12-19,13.49397590361446,22.496350364963504,0.0,0.0,0.0,012450.KS,한화에어로스페이스,0.32
2025-12-20,6.74698795180723,0.0,0.0,0.0,0.0,012450.KS,한화에어로스페이스,0.32
2025-12-21,7.421686746987953,0.0,0.0,0.0,0.0,012450.KS,한화에어로스페이스,0.32
2025-12-22,12.819277108433734,12.423357664233578,0.0,0.0,0.0,012450.KS,한화에어로스페이스,0.32
2025-12-23,16.192771084337352,16.45255474452555,0.0,0.0,0.0,012450.KS,한화에어로스페이스,0.32
2025-12-24,15.51807228915663,0.0,0.0,0.0,0.0,012450.KS,한화에어로스페이스,0.32
2025-12-25,9.10843373493976,0.0,0.0,0.0,0.0,012450.KS,한화에어로스페이스,0.32
2025-12-26,12.481927710843376,0.0,0.0,0.0,0.0,012450.KS,한화에어로스페이스,0.32
2025-12-27,8.771084337349398,0.0,0.0,0.0,0.0,012450.KS,한화에어로스페이스,0.32
2025-12-28,0.0,0.0,0.0,0.0,0.0,012450.KS,한화에어로스페이스,0.32
2025-12-29,21.590361445783135,14.773722627737227,0.0,0.0,0.0,012450.KS,한화에어로스페이스,0.32
2025-12-30,13.831325301204823,17.124087591240876,0.0,0.0,0.0,012450.KS,한화에어로스페이스,0.32
2025-12-31,10.120481927710845,0.0,0.0,0.0,0.0,012450.KS,한화에어로스페이스,0.32
2026-01-01,5.734939759036145,0.0,0.0,0.0,100.0,012450.KS,한화에어로스페이스,0.32
2026-01-02,8.771084337349398,0.0,0.0,0.0,0.0,012450.KS,한화에어로스페이스,0.32
2026-01-03,6.74698795180723,0.0,0.0,0.0,0.0,012450.KS,한화에어로스페이스,0.32
2026-01-04,7.421686746987953,0.0,0.0,0.0,0.0,012450.KS,한화에어로스페이스,0.32
2026-01-05,12.481927710843376,0.0,0.0,0.0,0.0,012450.KS,한화에어로스페이스,0.32
2026-01-06,13.49397590361446,13.766423357664234,0.0,0.0,0.0,012450.KS,한화에어로스페이스,0.32
2026-01-07,12.481927710843376,18.467153284671532,0.0,0.0,0.0,012450.KS,한화에어로스페이스,0.32
2026-01-08,21.927710843373497,20.481751824817522,0.0,0.0,0.0,012450.KS,한화에어로스페이스,0.32
2026-01-09,26.65060240963856,33.57664233576643,0.0,0.0,0.0,012450.KS,한화에어로스페이스,0.32
2026-01-10,7.759036144578315,0.0,0.0,0.0,0.0,012450.KS,한화에어로스페이스,0.32
2026-01-11,12.144578313253014,0.0,0.0,0.0,0.0,012450.KS,한화에어로스페이스,0.32
2026-01-12,12.481927710843376,17.45985401459854,0.0,0.0,0.0,012450.KS,한화에어로스페이스,0.32
2026-01-13,16.192771084337352,17.45985401459854,0.0,0.0,0.0,012450.KS,한화에어로스페이스,0.32
2026-01-14,18.55421686746988,21.824817518248178,0.0,0.0,0.0,012450.KS,한화에어로스페이스,0.32
2026-01-15,17.204819277108435,20.145985401459857,0.0,0.0,0.0,012450.KS,한화에어로스페이스,0.32
2026-01-16,13.915662650602412,20.072992700729927,0.0,0.0,0.0,012450.KS,한화에어로스페이스,0.32
2026-01-17,6.204819277108434,15.054744525547445,0.0,0.0,0.0,012450.KS,한화에어로스페이스,0.32
2026-01-18,11.903614457831328,0.0,0.0,0.0,0.0,012450.KS,한화에어로스페이스,0.32
2026-01-19,17.102409638554217,0.0,0.0,0.0,0.0,012450.KS,한화에어로스페이스,0.32
2026-01-20,12.909638554216867,11.208029197080293,0.0,0.0,0.0,012450.KS,한화에어로스페이스,0.32
2026-01-21,12.909638554216867,15.89051094890511,0.0,0.0,0.0,012450.KS,한화에어로스페이스,0.32
2026-01-22,21.126506024096383,22.916058394160586,0.0,0.0,0.0,012450.KS,한화에어로스페이스,0.32
2026-01-23,18.10843373493976,20.90875912408759,0.0,0.0,0.0,012450.KS,한화에어로스페이스,0.32
2026-01-24,0.0,0.0,0.0,0.0,0.0,012450.KS,한화에어로스페이스,0.32
2026-01-25,5.0,0.0,0.0,0.0,0.0,012450.KS,한화에어로스페이스,0.32
2026-01-26,13.0,13.0,0.0,0.0,0.0,012450.KS,한화에어로스페이스,0.32
2026-01-27,16.0,15.000000000000002,0.0,0.0,0.0,012450.KS,한화에어로스페이스,0.32
2026-01-28,20.0,17.0,0.0,0.0,0.0,012450.KS,한화에어로스페이스,0.32
2026-01-29,23.0,34.0,0.0,0.0,0.0,012450.KS,한화에어로스페이스,0.32
2026-01-30,16.0,27.0,0.0,0.0,0.0,012450.KS,한화에어로스페이스,0.32
2026-01-31,9.000000000000002,0.0,0.0,0.0,0.0,012450.KS,한화에어로스페이스,0.32
2026-02-01,10.0,0.0,0.0,0.0,0.0,012450.KS,한화에어로스페이스,0.32
2026-02-02,16.0,0.0,0.0,0.0,0.0,012450.KS,한화에어로스페이스,0.32
2026-02-03,23.0,30.000000000000004,0.0,0.0,0.0,012450.KS,한화에어로스페이스,0.32
2026-02-04,14.000000000000002,13.999999999999998,0.0,0.0,0.0,012450.KS,한화에어로스페이스,0.32
2026-02-05,16.0,19.0,0.0,0.0,0.0,012450.KS,한화에어로스페이스,0.32
2026-02-06,15.0,20.0,0.0,0.0,0.0,012450.KS,한화에어로스페이스,0.32
2026-02-07,6.000000000000001,0.0,0.0,0.0,0.0,012450.KS,한화에어로스페이스,0.32
2026-02-08,12.000000000000002,0.0,0.0,0.0,0.0,012450.KS,한화에어로스페이스,0.32
2026-02-09,20.0,15.000000000000002,0.0,0.0,0.0,012450.KS,한화에어로스페이스,0.32
2026-02-10,22.000000000000004,18.000000000000004,0.0,0.0,0.0,012450.KS,한화에어로스페이스,0.32
2026-02-11,12.000000000000002,0.0,0.0,0.0,0.0,012450.KS,한화에어로스페이스,0.32
2026-02-12,13.0,0.0,0.0,0.0,0.0,012450.KS,한화에어로스페이스,0.32
2026-02-13,16.0,16.0,0.0,0.0,0.0,012450.KS,한화에어로스페이스,0.32
2026-02-14,9.000000000000002,0.0,0.0,0.0,0.0,012450.KS,한화에어로스페이스,0.32
2026-02-15,10.0,0.0,0.0,0.0,0.0,012450.KS,한화에어로스페이스,0.32
2026-02-16,7.000000000000001,0.0,0.0,0.0,0.0,012450.KS,한화에어로스페이스,0.32
2026-02-17,7.000000000000001,0.0,0.0,0.0,0.0,012450.KS,한화에어로스페이스,0.32
2026-02-18,7.000000000000001,0.0,0.0,0.0,0.0,012450.KS,한화에어로스페이스,0.32
2026-02-19,14.000000000000002,10.0,0.0,0.0,0.0,012450.KS,한화에어로스페이스,0.32
2026-02-20,21.000000000000004,33.0,0.0,0.0,0.0,012450.KS,한화에어로스페이스,0.32
2026-02-21,14.000000000000002,0.0,0.0,0.0,0.0,012450.KS,한화에어로스페이스,0.32
2026-02-22,13.0,0.0,0.0,0.0,0.0,012450.KS,한화에어로스페이스,0.32
2026-02-23,21.000000000000004,38.0,0.0,0.0,0.0,012450.KS,한화에어로스페이스,0.32
2026-02-24,17.0,19.0,0.0,0.0,0.0,012450.KS,한화에어로스페이스,0.32
2026-02-25,19.0,20.0,0.0,0.0,0.0,012450.KS,한화에어로스페이스,0.32
2026-02-26,21.000000000000004,25.0,0.0,0.0,0.0,012450.KS,한화에어로스페이스,0.32
2026-02-27,20.0,26.0,0.0,0.0,0.0,012450.KS,한화에어로스페이스,0.32
2026-02-28,14.000000000000002,18.000000000000004,0.0,0.0,0.0,012450.KS,한화에어로스페이스,0.32
2026-03-01,11.000000000000002,0.0,0.0,0.0,0.0,012450.KS,한화에어로스페이스,0.32
2026-03-02,21.000000000000004,36.00000000000001,0.0,0.0,0.0,012450.KS,한화에어로스페이스,0.32
2026-03-03,64.0,91.0,0.0,0.0,0.0,012450.KS,한화에어로스페이스,0.32
2026-03-04,62.0,100.0,0.0,0.0,0.0,012450.KS,한화에어로스페이스,0.32
2026-03-05,43.0,55.00000000000001,0.0,0.0,0.0,012450.KS,한화에어로스페이스,0.32
2026-03-06,49.00000000000001,69.0,57.99999999999999,0.0,0.0,012450.KS,한화에어로스페이스,0.32
2026-03-07,19.0,22.0,0.0,0.0,0.0,012450.KS,한화에어로스페이스,0.32
2026-03-08,21.000000000000004,24.000000000000004,0.0,0.0,0.0,012450.KS,한화에어로스페이스,0.32
2026-03-09,38.0,59.0,0.0,0.0,0.0,012450.KS,한화에어로스페이스,0.32
2026-03-10,29.000000000000004,30.000000000000004,0.0,100.0,0.0,012450.KS,한화에어로스페이스,0.32
2026-03-11,32.0,35.0,0.0,0.0,0.0,012450.KS,한화에어로스페이스,0.32
2026-03-12,22.000000000000004,28.999999999999996,0.0,0.0,0.0,012450.KS,한화에어로스페이스,0.32
2026-03-13,29.000000000000004,35.0,0.0,0.0,0.0,012450.KS,한화에어로스페이스,0.32
2026-03-14,14.000000000000002,0.0,0.0,0.0,0.0,012450.KS,한화에어로스페이스,0.32
2026-03-15,18.000000000000004,15.000000000000002,0.0,0.0,0.0,012450.KS,한화에어로스페이스,0.32
2026-03-16,45.0,28.999999999999996,0.0,0.0,0.0,012450.KS,한화에어로스페이스,0.32
2026-03-17,38.0,30.000000000000004,0.0,0.0,0.0,012450.KS,한화에어로스페이스,0.32
2026-03-18,40.0,36.00000000000001,100.0,0.0,0.0,012450.KS,한화에어로스페이스,0.32
2026-03-19,37.0,30.000000000000004,75.0,0.0,0.0,012450.KS,한화에어로스페이스,0.32
2026-03-20,39.0,43.0,0.0,0.0,0.0,012450.KS,한화에어로스페이스,0.32
2026-03-21,22.000000000000004,0.0,0.0,0.0,0.0,012450.KS,한화에어로스페이스,0.32
2026-03-22,28.000000000000004,18.000000000000004,0.0,0.0,0.0,012450.KS,한화에어로스페이스,0.32
2026-03-23,38.0,35.0,0.0,0.0,0.0,012450.KS,한화에어로스페이스,0.32
2026-03-24,38.0,25.0,0.0,0.0,0.0,012450.KS,한화에어로스페이스,0.32
2026-03-25,45.0,27.0,0.0,0.0,0.0,012450.KS,한화에어로스페이스,0.32
2026-03-26,59.00000000000001,39.0,0.0,0.0,0.0,012450.KS,한화에어로스페이스,0.32
2026-03-27,51.0,18.000000000000004,0.0,0.0,0.0,012450.KS,한화에어로스페이스,0.32
2026-03-28,54.0,0.0,0.0,0.0,0.0,012450.KS,한화에어로스페이스,0.32
2026-03-29,100.0,0.0,0.0,0.0,0.0,012450.KS,한화에어로스페이스,0.32
2026-03-30,61.00000000000001,21.000000000000004,0.0,0.0,0.0,012450.KS,한화에어로스페이스,0.32
2026-03-31,23.0,17.0,0.0,0.0,0.0,012450.KS,한화에어로스페이스,0.32
2026-04-01,25.0,25.0,0.0,0.0,0.0,012450.KS,한화에어로스페이스,0.32
2026-04-02,39.0,44.0,0.0,0.0,0.0,012450.KS,한화에어로스페이스,0.32
2026-04-03,26.0,25.0,0.0,0.0,0.0,012450.KS,한화에어로스페이스,0.32
2026-04-04,18.000000000000004,0.0,0.0,0.0,0.0,012450.KS,한화에어로스페이스,0.32
2026-04-05,20.0,0.0,0.0,0.0,0.0,012450.KS,한화에어로스페이스,0.32
2026-04-06,43.0,22.0,0.0,0.0,0.0,012450.KS,한화에어로스페이스,0.32
2026-04-07,35.0,26.0,0.0,0.0,0.0,012450.KS,한화에어로스페이스,0.32
2026-04-08,26.0,28.999999999999996,0.0,0.0,0.0,012450.KS,한화에어로스페이스,0.32
2026-04-09,24.19962121212121,24.964285714285715,60.68877551020408,0.0,0.0,012450.KS,한화에어로스페이스,0.32
2026-04-10,24.983333333333334,21.030172413793107,0.0,0.0,0.0,012450.KS,한화에어로스페이스,0.32
2026-04-11,14.876515151515152,0.0,0.0,0.0,0.0,012450.KS,한화에어로스페이스,0.32
2026-04-12,18.078787878787878,0.0,0.0,0.0,0.0,012450.KS,한화에어로스페이스,0.32
2026-04-13,20.713636363636365,21.745073891625612,0.0,0.0,0.0,012450.KS,한화에어로스페이스,0.32
2026-04-14,21.281060606060606,20.81527093596059,0.0,0.0,0.0,012450.KS,한화에어로스페이스,0.32
2026-04-15,56.871212121212125,20.100369458128082,0.0,0.0,0.0,012450.KS,한화에어로스페이스,0.32
2026-04-16,34.02272727272727,24.03448275862069,48.25,0.0,0.0,012450.KS,한화에어로스페이스,0.32
2026-04-17,37.45,22.34975369458128,0.0,0.0,0.0,012450.KS,한화에어로스페이스,0.32
2026-04-18,17.022727272727273,0.0,0.0,0.0,0.0,012450.KS,한화에어로스페이스,0.32
2026-04-19,14.185606060606062,0.0,0.0,0.0,0.0,012450.KS,한화에어로스페이스,0.32
2026-04-20,23.831818181818182,32.23522167487685,98.9795918367347,0.0,0.0,012450.KS,한화에어로스페이스,0.32
2026-04-21,30.07348484848485,27.9371921182266,0.0,0.0,0.0,012450.KS,한화에어로스페이스,0.32
2026-04-22,30.64090909090909,22.34975369458128,0.0,87.0,0.0,012450.KS,한화에어로스페이스,0.32
2026-04-23,22.129545454545454,22.34975369458128,0.0,0.0,0.0,012450.KS,한화에어로스페이스,0.32
2026-04-24,18.725,15.902709359605913,60.37755102040816,0.0,0.0,012450.KS,한화에어로스페이스,0.32
2026-04-25,17.022727272727273,0.0,0.0,0.0,0.0,012450.KS,한화에어로스페이스,0.32
2026-04-26,16.455303030303032,0.0,0.0,0.0,0.0,012450.KS,한화에어로스페이스,0.32
2026-04-27,22.696969696969695,25.78817733990148,0.0,0.0,0.0,012450.KS,한화에어로스페이스,0.32
2026-04-28,22.696969696969695,19.77093596059113,0.0,0.0,0.0,012450.KS,한화에어로스페이스,0.32
2026-04-29,29.506060606060608,24.068965517241377,58.39795918367348,0.0,0.0,012450.KS,한화에어로스페이스,0.32
2026-04-30,19.292424242424243,0.0,0.0,0.0,0.0,012450.KS,한화에어로스페이스,0.32
2026-05-01,14.753030303030304,0.0,0.0,0.0,0.0,012450.KS,한화에어로스페이스,0.32
2026-05-02,11.348484848484848,0.0,0.0,0.0,0.0,012450.KS,한화에어로스페이스,0.32
2026-05-03,10.781060606060606,0.0,0.0,0.0,0.0,012450.KS,한화에어로스페이스,0.32
2026-05-04,21.562121212121212,23.639162561576356,0.0,0.0,0.0,012450.KS,한화에어로스페이스,0.32
2026-05-05,18.15757575757576,0.0,0.0,0.0,0.0,012450.KS,한화에어로스페이스,0.32
2026-05-06,22.696969696969695,24.928571428571427,0.0,0.0,0.0,012450.KS,한화에어로스페이스,0.32
2026-05-07,38.584848484848486,42.98029556650246,67.3061224489796,100.0,0.0,012450.KS,한화에어로스페이스,0.32
2026-05-08,34.04545454545455,27.507389162561573,0.0,0.0,0.0,012450.KS,한화에어로스페이스,0.32
2026-05-09,20.994696969696967,0.0,0.0,0.0,0.0,012450.KS,한화에어로스페이스,0.32
2026-05-10,15.88787878787879,12.89408866995074,0.0,0.0,0.0,012450.KS,한화에어로스페이스,0.32
2026-05-11,23.831818181818182,19.34113300492611,53.44897959183673,0.0,0.0,012450.KS,한화에어로스페이스,0.32
2026-05-12,19.859848484848484,21.49014778325123,0.0,0.0,0.0,012450.KS,한화에어로스페이스,0.32
2025-05-12,25.44447891542386,0.0,0.0,0.0,,066570.KS,LG전자,0.36
2025-05-13,15.658140871030069,0.0,0.0,0.0,,066570.KS,LG전자,0.36
2025-05-14,20.061992991007273,0.0,0.0,0.0,,066570.KS,LG전자,0.36
2025-05-15,24.95516201320417,0.0,0.0,0.0,,066570.KS,LG전자,0.36
2025-05-16,22.99789440432541,0.0,0.0,0.0,,066570.KS,LG전자,0.36
2025-05-17,15.168823968810377,0.0,0.0,0.0,,066570.KS,LG전자,0.36
2025-05-18,11.254288751052862,0.0,0.0,0.0,,066570.KS,LG전자,0.36
2025-05-19,24.95516201320417,0.0,0.0,0.0,,066570.KS,LG전자,0.36
2025-05-20,28.869697230961687,0.0,0.0,0.0,,066570.KS,LG전자,0.36
2025-05-21,29.359014133181375,12.578800811521191,0.0,0.0,,066570.KS,LG전자,0.36
2025-05-22,23.487211306545102,0.0,0.0,0.0,,066570.KS,LG전자,0.36
2025-05-23,22.019260599886035,0.0,0.0,0.0,,066570.KS,LG전자,0.36
2025-05-24,14.190190164371,0.0,0.0,0.0,,066570.KS,LG전자,0.36
2025-05-25,13.700873262151308,0.0,0.0,0.0,,066570.KS,LG전자,0.36
2025-05-26,27.891063426522305,0.0,0.0,0.0,,066570.KS,LG전자,0.36
2025-05-27,28.380380328742,0.0,0.0,0.0,,066570.KS,LG전자,0.36
2025-05-28,20.061992991007273,0.0,0.0,0.0,,066570.KS,LG전자,0.36
2025-05-29,28.869697230961687,0.0,0.0,0.0,,066570.KS,LG전자,0.36
2025-05-30,26.42311271986324,0.0,0.0,0.0,,066570.KS,LG전자,0.36
2025-05-31,18.104725382128517,0.0,0.0,0.0,,066570.KS,LG전자,0.36
2025-06-01,12.23292255549224,0.0,0.0,0.0,,066570.KS,LG전자,0.36
2025-06-02,26.91242962208293,0.0,0.0,0.0,,066570.KS,LG전자,0.36
2025-06-03,16.636774675469447,0.0,0.0,0.0,,066570.KS,LG전자,0.36
2025-06-04,21.529943697666344,14.339832925134157,0.0,0.0,,066570.KS,LG전자,0.36
2025-06-05,22.99789440432541,0.0,0.0,0.0,,066570.KS,LG전자,0.36
2025-06-06,13.21155635993162,0.0,0.0,0.0,,066570.KS,LG전자,0.36
2025-06-07,15.168823968810377,0.0,0.0,0.0,,066570.KS,LG전자,0.36
2025-06-08,19.572676088787585,0.0,0.0,0.0,,066570.KS,LG전자,0.36
2025-06-09,30.82696483984045,0.0,0.0,0.0,,066570.KS,LG전자,0.36
2025-06-10,25.933795817643553,12.578800811521191,0.0,0.0,,066570.KS,LG전자,0.36
2025-06-11,24.95516201320417,0.0,0.0,0.0,,066570.KS,LG전자,0.36
2025-06-12,26.91242962208293,0.0,0.0,0.0,,066570.KS,LG전자,0.36
2025-06-13,20.061992991007273,0.0,0.0,0.0,,066570.KS,LG전자,0.36
2025-06-14,17.615408479908826,0.0,0.0,0.0,,066570.KS,LG전자,0.36
2025-06-15,19.572676088787585,0.0,0.0,0.0,,066570.KS,LG전자,0.36
2025-06-16,29.848331035401067,0.0,0.0,0.0,,066570.KS,LG전자,0.36
2025-06-17,24.95516201320417,0.0,0.0,0.0,,066570.KS,LG전자,0.36
2025-06-18,29.848331035401067,0.0,0.0,0.0,,066570.KS,LG전자,0.36
2025-06-19,25.933795817643553,13.333528860212462,0.0,0.0,,066570.KS,LG전자,0.36
2025-06-20,24.95516201320417,15.346136990055854,0.0,0.0,,066570.KS,LG전자,0.36
2025-06-21,22.99789440432541,0.0,0.0,0.0,,066570.KS,LG전자,0.36
2025-06-22,19.083359186567893,0.0,0.0,0.0,,066570.KS,LG전자,0.36
2025-06-23,30.82696483984045,0.0,0.0,0.0,,066570.KS,LG전자,0.36
2025-06-24,25.44447891542386,0.0,0.0,0.0,,066570.KS,LG전자,0.36
2025-06-25,26.42311271986324,0.0,0.0,0.0,,066570.KS,LG전자,0.36
2025-06-26,26.42311271986324,13.08195284398204,0.0,0.0,,066570.KS,LG전자,0.36
2025-06-27,26.42311271986324,0.0,0.0,0.0,,066570.KS,LG전자,0.36
2025-06-28,17.615408479908826,0.0,0.0,0.0,,066570.KS,LG전자,0.36
2025-06-29,20.551309893226964,0.0,0.0,0.0,,066570.KS,LG전자,0.36
2025-06-30,36.69876766647672,13.836680892673309,0.0,0.0,,066570.KS,LG전자,0.36
2025-07-01,29.848331035401067,0.0,0.0,0.0,,066570.KS,LG전자,0.36
2025-07-02,38.65603527535548,0.0,0.0,0.0,,066570.KS,LG전자,0.36
2025-07-03,33.27354935093889,25.157601623042382,0.0,0.0,,066570.KS,LG전자,0.36
2025-07-04,33.27354935093889,0.0,0.0,0.0,,066570.KS,LG전자,0.36
2025-07-05,18.594042284348205,0.0,0.0,0.0,,066570.KS,LG전자,0.36
2025-07-06,25.933795817643553,0.0,0.0,0.0,,066570.KS,LG전자,0.36
2025-07-07,48.93169022196896,0.0,0.0,0.0,,066570.KS,LG전자,0.36
2025-07-08,45.017155004211446,22.39026544450772,0.0,0.0,,066570.KS,LG전자,0.36
2025-07-09,36.69876766647672,15.8492890225167,0.0,0.0,,066570.KS,LG전자,0.36
2025-07-10,38.16671837313579,17.358745119899243,0.0,0.0,,066570.KS,LG전자,0.36
2025-07-11,30.337647937620755,0.0,0.0,0.0,,066570.KS,LG전자,0.36
2025-07-12,21.529943697666344,0.0,0.0,0.0,,066570.KS,LG전자,0.36
2025-07-13,20.061992991007273,0.0,0.0,0.0,,066570.KS,LG전자,0.36
2025-07-14,35.23081695981765,0.0,0.0,0.0,,066570.KS,LG전자,0.36
2025-07-15,33.27354935093889,0.0,0.0,0.0,,066570.KS,LG전자,0.36
2025-07-16,33.27354935093889,0.0,0.0,0.0,,066570.KS,LG전자,0.36
2025-07-17,22.508577502105723,0.0,0.0,0.0,,066570.KS,LG전자,0.36
2025-07-18,23.97652820876479,0.0,0.0,0.0,,066570.KS,LG전자,0.36
2025-07-19,15.658140871030069,0.0,0.0,0.0,,066570.KS,LG전자,0.36
2025-07-20,20.061992991007273,0.0,0.0,0.0,,066570.KS,LG전자,0.36
2025-07-21,32.7842324487192,0.0,0.0,0.0,,066570.KS,LG전자,0.36
2025-07-22,37.18808456869641,15.597713006286277,0.0,0.0,,066570.KS,LG전자,0.36
2025-07-23,30.337647937620755,0.0,0.0,0.0,,066570.KS,LG전자,0.36
2025-07-24,29.848331035401067,0.0,0.0,0.0,,066570.KS,LG전자,0.36
2025-07-25,27.891063426522305,0.0,0.0,0.0,,066570.KS,LG전자,0.36
2025-07-26,21.040626795446656,0.0,0.0,0.0,,066570.KS,LG전자,0.36
2025-07-27,27.401746524302617,0.0,0.0,0.0,,066570.KS,LG전자,0.36
2025-07-28,37.6774014709161,0.0,0.0,0.0,,066570.KS,LG전자,0.36
2025-07-29,35.23081695981765,17.107169103668816,0.0,0.0,,066570.KS,LG전자,0.36
2025-07-30,33.27354935093889,17.86189715236009,0.0,0.0,,066570.KS,LG전자,0.36
2025-07-31,29.848331035401067,0.0,0.0,0.0,,066570.KS,LG전자,0.36
2025-08-01,33.27354935093889,0.0,0.0,0.0,,066570.KS,LG전자,0.36
2025-08-02,22.508577502105723,0.0,0.0,0.0,,066570.KS,LG전자,0.36
2025-08-03,23.091954271033607,0.0,0.0,0.0,,066570.KS,LG전자,0.36
2025-08-04,33.82505884262139,0.0,0.0,0.0,,066570.KS,LG전자,0.36
2025-08-05,30.328910135795407,0.0,0.0,0.0,,066570.KS,LG전자,0.36
2025-08-06,24.962357850001517,0.0,0.0,0.0,,066570.KS,LG전자,0.36
2025-08-07,29.39370834631145,15.346136990055854,0.0,0.0,,066570.KS,LG전자,0.36
2025-08-08,22.4014109326595,0.0,0.0,0.0,,066570.KS,LG전자,0.36
2025-08-09,20.53100735369159,0.0,0.0,0.0,,066570.KS,LG전자,0.36
2025-08-10,19.840464015317476,0.0,0.0,0.0,,066570.KS,LG전자,0.36
2025-08-11,32.10371188302712,15.641255009095389,0.0,0.0,,066570.KS,LG전자,0.36
2025-08-12,29.428402559441523,0.0,0.0,0.0,,066570.KS,LG전자,0.36
2025-08-13,32.99548165755564,0.0,0.0,0.0,,066570.KS,LG전자,0.36
2025-08-14,26.75309323585593,0.0,0.0,0.0,,066570.KS,LG전자,0.36
2025-08-15,22.294244363213274,0.0,0.0,0.0,,066570.KS,LG전자,0.36
2025-08-16,9.809467519813841,0.0,0.0,0.0,,066570.KS,LG전자,0.36
2025-08-17,16.94362571604209,0.0,0.0,0.0,,066570.KS,LG전자,0.36
2025-08-18,41.02140962831242,0.0,0.0,0.0,,066570.KS,LG전자,0.36
2025-08-19,32.10371188302712,0.0,0.0,0.0,,066570.KS,LG전자,0.36
2025-08-20,33.88725143208418,0.0,0.0,0.0,,066570.KS,LG전자,0.36
2025-08-21,31.211942108498587,0.0,0.0,0.0,,066570.KS,LG전자,0.36
2025-08-22,32.99548165755564,0.0,0.0,0.0,,066570.KS,LG전자,0.36
2025-08-23,17.83539549057062,0.0,0.0,0.0,,066570.KS,LG전자,0.36
2025-08-24,23.186014137741807,0.0,0.0,0.0,,066570.KS,LG전자,0.36
2025-08-25,28.536632784912992,0.0,0.0,0.0,,066570.KS,LG전자,0.36
2025-08-26,32.99548165755564,18.297317180451213,0.0,0.0,,066570.KS,LG전자,0.36
2025-08-27,29.428402559441523,0.0,0.0,0.0,,066570.KS,LG전자,0.36
2025-08-28,28.536632784912992,0.0,0.0,0.0,,066570.KS,LG전자,0.36
2025-08-29,51.72264692265479,15.346136990055854,0.0,0.0,,066570.KS,LG전자,0.36
2025-08-30,24.077783912270338,0.0,0.0,0.0,,066570.KS,LG전자,0.36
2025-08-31,21.402474588684743,0.0,0.0,0.0,,066570.KS,LG전자,0.36
2025-09-01,40.129639853783885,0.0,0.0,0.0,,066570.KS,LG전자,0.36
2025-09-02,30.320172333970053,0.0,0.0,0.0,,066570.KS,LG전자,0.36
2025-09-03,36.56256075566977,0.0,0.0,0.0,,066570.KS,LG전자,0.36
2025-09-04,31.211942108498587,0.0,0.0,0.0,,066570.KS,LG전자,0.36
2025-09-05,32.99548165755564,0.0,0.0,0.0,,066570.KS,LG전자,0.36
2025-09-06,21.402474588684743,0.0,0.0,0.0,,066570.KS,LG전자,0.36
2025-09-07,24.969553686798868,0.0,0.0,0.0,,066570.KS,LG전자,0.36
2025-09-08,33.88725143208418,0.0,0.0,0.0,,066570.KS,LG전자,0.36
2025-09-09,32.99548165755564,0.0,0.0,0.0,,066570.KS,LG전자,0.36
2025-09-10,30.320172333970053,0.0,0.0,0.0,,066570.KS,LG전자,0.36
2025-09-11,24.969553686798868,0.0,0.0,0.0,,066570.KS,LG전자,0.36
2025-09-12,24.077783912270338,0.0,0.0,0.0,,066570.KS,LG전자,0.36
2025-09-13,18.727165265099153,0.0,0.0,0.0,,066570.KS,LG전자,0.36
2025-09-14,23.186014137741807,0.0,0.0,0.0,,066570.KS,LG전자,0.36
2025-09-15,37.454330530198305,0.0,0.0,0.0,,066570.KS,LG전자,0.36
2025-09-16,36.56256075566977,0.0,0.0,0.0,,066570.KS,LG전자,0.36
2025-09-17,37.454330530198305,0.0,0.0,0.0,,066570.KS,LG전자,0.36
2025-09-18,48.155567824540675,0.0,0.0,0.0,,066570.KS,LG전자,0.36
2025-09-19,44.58848872642655,26.56062171355821,0.0,0.0,,066570.KS,LG전자,0.36
2025-09-20,55.28972602076892,0.0,0.0,0.0,,066570.KS,LG전자,0.36
2025-09-21,89.1769774528531,0.0,0.0,0.0,,066570.KS,LG전자,0.36
2025-09-22,49.04733759906921,14.16566491389771,0.0,0.0,,066570.KS,LG전자,0.36
2025-09-23,35.67079098114124,0.0,0.0,0.0,,066570.KS,LG전자,0.36
2025-09-24,29.428402559441523,0.0,0.0,0.0,,066570.KS,LG전자,0.36
2025-09-25,28.536632784912992,0.0,0.0,0.0,,066570.KS,LG전자,0.36
2025-09-26,22.294244363213274,0.0,0.0,0.0,,066570.KS,LG전자,0.36
2025-09-27,17.83539549057062,0.0,0.0,0.0,,066570.KS,LG전자,0.36
2025-09-28,23.186014137741807,0.0,0.0,0.0,,066570.KS,LG전자,0.36
2025-09-29,37.454330530198305,22.724087466044242,0.0,0.0,,066570.KS,LG전자,0.36
2025-09-30,25.861323461327395,0.0,0.0,0.0,,066570.KS,LG전자,0.36
2025-10-01,42.80494917736949,0.0,0.0,0.0,,066570.KS,LG전자,0.36
2025-10-02,32.99548165755564,0.0,0.0,0.0,,066570.KS,LG전자,0.36
2025-10-03,19.618935039627683,0.0,0.0,0.0,,066570.KS,LG전자,0.36
2025-10-04,10.701237294342372,0.0,0.0,0.0,,066570.KS,LG전자,0.36
2025-10-05,16.94362571604209,0.0,0.0,0.0,,066570.KS,LG전자,0.36
2025-10-06,15.160086166985026,0.0,0.0,0.0,,066570.KS,LG전자,0.36
2025-10-07,11.593007068870904,0.0,0.0,0.0,,066570.KS,LG전자,0.36
2025-10-08,23.186014137741807,0.0,0.0,0.0,,066570.KS,LG전자,0.36
2025-10-09,16.05185594151356,0.0,0.0,0.0,,066570.KS,LG전자,0.36
2025-10-10,31.211942108498587,0.0,0.0,0.0,,066570.KS,LG전자,0.36
2025-10-11,31.211942108498587,0.0,0.0,0.0,,066570.KS,LG전자,0.36
2025-10-12,21.402474588684743,0.0,0.0,0.0,,066570.KS,LG전자,0.36
2025-10-13,32.99548165755564,19.477789256609352,0.0,0.0,,066570.KS,LG전자,0.36
2025-10-14,35.67079098114124,14.75590095197678,0.0,0.0,,066570.KS,LG전자,0.36
2025-10-15,34.77902120661271,14.460782932937247,0.0,0.0,,066570.KS,LG전자,0.36
2025-10-16,30.320172333970053,20.363143313727956,0.0,0.0,,066570.KS,LG전자,0.36
2025-10-17,30.320172333970053,15.936373028134923,0.0,0.0,,066570.KS,LG전자,0.36
2025-10-18,19.618935039627683,0.0,0.0,0.0,,066570.KS,LG전자,0.36
2025-10-19,24.077783912270338,0.0,0.0,0.0,,066570.KS,LG전자,0.36
2025-10-20,40.129639853783885,29.51180190395356,0.0,0.0,,066570.KS,LG전자,0.36
2025-10-21,33.88725143208418,0.0,0.0,0.0,,066570.KS,LG전자,0.36
2025-10-22,33.88725143208418,0.0,0.0,0.0,,066570.KS,LG전자,0.36
2025-10-23,34.77902120661271,25.675267656439598,0.0,0.0,,066570.KS,LG전자,0.36
2025-10-24,30.320172333970053,15.641255009095389,0.0,0.0,,066570.KS,LG전자,0.36
2025-10-25,14.141242010966302,0.0,0.0,0.0,,066570.KS,LG전자,0.36
2025-10-26,24.301288631926763,0.0,0.0,0.0,,066570.KS,LG전자,0.36
2025-10-27,35.64506685302984,24.841993249739737,0.0,0.0,,066570.KS,LG전자,0.36
2025-10-28,29.31229256042504,18.483935927785037,0.0,0.0,,066570.KS,LG전자,0.36
2025-10-29,30.342101098917478,0.0,0.0,0.0,,066570.KS,LG전자,0.36
2025-10-30,37.41272210440062,22.36495487669834,0.0,0.0,,066570.KS,LG전자,0.36
2025-10-31,31.37190963740991,17.670191389992198,0.0,0.0,,066570.KS,LG전자,0.36
2025-11-01,30.342101098917478,0.0,0.0,0.0,,066570.KS,LG전자,0.36
2025-11-02,30.3640298638649,0.0,0.0,0.0,,066570.KS,LG전자,0.36
2025-11-03,40.2907319347438,19.70780771262546,0.0,0.0,,066570.KS,LG전자,0.36
2025-11-04,43.21035019088466,21.782313787638667,0.0,0.0,,066570.KS,LG전자,0.36
2025-11-05,47.29781574948186,15.558795562599048,0.0,0.0,,066570.KS,LG전자,0.36
2025-11-06,47.29781574948186,26.96857897517168,0.0,0.0,,066570.KS,LG전자,0.36
2025-11-07,54.88882321544809,0.0,0.0,0.0,,066570.KS,LG전자,0.36
2025-11-08,30.94795351509307,0.0,0.0,0.0,,066570.KS,LG전자,0.36
2025-11-09,33.28364812000576,0.0,0.0,0.0,,066570.KS,LG전자,0.36
2025-11-10,41.458579237200155,0.0,0.0,0.0,,066570.KS,LG전자,0.36
2025-11-11,39.706808283515635,0.0,0.0,0.0,,066570.KS,LG전자,0.36
2025-11-12,45.54604479579735,19.70780771262546,0.0,0.0,,066570.KS,LG전자,0.36
2025-11-13,36.787190027374784,15.558795562599048,0.0,0.0,,066570.KS,LG전자,0.36
2025-11-14,35.61934272491844,0.0,0.0,0.0,,066570.KS,LG전자,0.36
2025-11-15,20.43732779298599,0.0,0.0,0.0,,066570.KS,LG전자,0.36
2025-11-16,25.10871700281136,0.0,0.0,0.0,,066570.KS,LG전자,0.36
2025-11-17,37.95503732983112,0.0,0.0,0.0,,066570.KS,LG전자,0.36
2025-11-18,37.37111367860295,16.07742208135235,0.0,0.0,,066570.KS,LG전자,0.36
2025-11-19,33.867571771233926,0.0,0.0,0.0,,066570.KS,LG전자,0.36
2025-11-20,40.87465558597198,21.782313787638667,0.0,0.0,,066570.KS,LG전자,0.36
2025-11-21,39.122884632287466,0.0,0.0,0.0,,066570.KS,LG전자,0.36
2025-11-22,25.10871700281136,0.0,0.0,0.0,,066570.KS,LG전자,0.36
2025-11-23,33.867571771233926,0.0,0.0,0.0,,066570.KS,LG전자,0.36
2025-11-24,32.11580081754941,17.11467511885895,0.0,0.0,,066570.KS,LG전자,0.36
2025-11-25,35.61934272491844,0.0,0.0,0.0,,066570.KS,LG전자,0.36
2025-11-26,34.451495422462095,0.0,0.0,0.0,,066570.KS,LG전자,0.36
2025-11-27,58.39236512281711,26.449952456418384,0.0,0.0,,066570.KS,LG전자,0.36
2025-11-28,35.61934272491844,0.0,0.0,0.0,,066570.KS,LG전자,0.36
2025-11-29,16.933785885616963,0.0,0.0,0.0,,066570.KS,LG전자,0.36
2025-11-30,29.196182561408556,0.0,0.0,0.0,,066570.KS,LG전자,0.36
2025-12-01,36.203266376146615,35.78522979397781,0.0,0.0,,066570.KS,LG전자,0.36
2025-12-02,35.035419073690264,0.0,0.0,0.0,,066570.KS,LG전자,0.36
2025-12-03,32.69972446877758,0.0,0.0,0.0,,066570.KS,LG전자,0.36
2025-12-04,39.706808283515635,17.11467511885895,0.0,0.0,,066570.KS,LG전자,0.36
2025-12-05,37.37111367860295,32.1548441627047,0.0,0.0,,066570.KS,LG전자,0.36
2025-12-06,19.853404141757817,0.0,0.0,0.0,,066570.KS,LG전자,0.36
2025-12-07,23.356946049126847,0.0,0.0,0.0,,066570.KS,LG전자,0.36
2025-12-08,36.787190027374784,0.0,0.0,0.0,,066570.KS,LG전자,0.36
2025-12-09,23.940869700355016,0.0,0.0,0.0,,066570.KS,LG전자,0.36
2025-12-10,30.3640298638649,15.558795562599048,0.0,0.0,,066570.KS,LG전자,0.36
2025-12-11,32.11580081754941,17.11467511885895,0.0,0.0,,066570.KS,LG전자,0.36
2025-12-12,24.524793351583188,0.0,0.0,0.0,,066570.KS,LG전자,0.36
2025-12-13,19.853404141757817,0.0,0.0,0.0,,066570.KS,LG전자,0.36
2025-12-14,14.598091280704278,0.0,0.0,0.0,,066570.KS,LG전자,0.36
2025-12-15,35.035419073690264,0.0,0.0,0.0,,066570.KS,LG전자,0.36
2025-12-16,27.444411607724046,0.0,0.0,0.0,,066570.KS,LG전자,0.36
2025-12-17,30.94795351509307,0.0,0.0,0.0,,066570.KS,LG전자,0.36
2025-12-18,29.780106212636724,0.0,0.0,0.0,,066570.KS,LG전자,0.36
2025-12-19,31.531877166321244,22.30094030639197,0.0,0.0,,066570.KS,LG전자,0.36
2025-12-20,23.940869700355016,0.0,0.0,0.0,,066570.KS,LG전자,0.36
2025-12-21,23.356946049126847,0.0,0.0,0.0,,066570.KS,LG전자,0.36
2025-12-22,31.531877166321244,19.70780771262546,0.0,0.0,,066570.KS,LG전자,0.36
2025-12-23,33.867571771233926,18.670554675118858,0.0,0.0,,066570.KS,LG전자,0.36
2025-12-24,24.524793351583188,0.0,0.0,0.0,,066570.KS,LG전자,0.36
2025-12-25,16.933785885616963,0.0,0.0,0.0,,066570.KS,LG전자,0.36
2025-12-26,23.356946049126847,23.338193343898574,0.0,0.0,,066570.KS,LG전자,0.36
2025-12-27,19.26948049052965,0.0,0.0,0.0,,066570.KS,LG전자,0.36
2025-12-28,21.021251444214162,0.0,0.0,0.0,,066570.KS,LG전자,0.36
2025-12-29,43.79427384211284,20.745060750132062,0.0,0.0,,066570.KS,LG전자,0.36
2025-12-30,36.203266376146615,0.0,0.0,0.0,,066570.KS,LG전자,0.36
2025-12-31,23.356946049126847,0.0,0.0,0.0,,066570.KS,LG전자,0.36
2026-01-01,23.940869700355016,0.0,0.0,0.0,,066570.KS,LG전자,0.36
2026-01-02,25.69264065403953,0.0,0.0,0.0,,066570.KS,LG전자,0.36
2026-01-03,17.517709536845132,0.0,0.0,0.0,,066570.KS,LG전자,0.36
2026-01-04,26.2765643052677,0.0,0.0,0.0,,066570.KS,LG전자,0.36
2026-01-05,43.79427384211284,17.11467511885895,0.0,0.0,,066570.KS,LG전자,0.36
2026-01-06,42.042502888428324,0.0,0.0,0.0,,066570.KS,LG전자,0.36
2026-01-07,36.787190027374784,20.745060750132062,0.0,0.0,,066570.KS,LG전자,0.36
2026-01-08,44.96212114456918,0.0,0.0,0.0,,066570.KS,LG전자,0.36
2026-01-09,50.80135765685089,21.782313787638667,0.0,100.0,,066570.KS,LG전자,0.36
2026-01-10,23.356946049126847,0.0,0.0,0.0,,066570.KS,LG전자,0.36
2026-01-11,22.773022397898675,0.0,0.0,0.0,,066570.KS,LG전자,0.36
2026-01-12,40.2907319347438,26.449952456418384,0.0,0.0,,066570.KS,LG전자,0.36
2026-01-13,37.95503732983112,18.670554675118858,0.0,0.0,,066570.KS,LG전자,0.36
2026-01-14,40.87465558597198,0.0,0.0,0.0,,066570.KS,LG전자,0.36
2026-01-15,41.458579237200155,51.86265187533016,0.0,0.0,,066570.KS,LG전자,0.36
2026-01-16,51.75827453508086,26.92428948758584,0.0,0.0,,066570.KS,LG전자,0.36
2026-01-17,32.918651412877736,0.0,0.0,0.0,,066570.KS,LG전자,0.36
2026-01-18,22.80056596635283,0.0,0.0,0.0,,066570.KS,LG전자,0.36
2026-01-19,43.328698685016725,37.809867934495514,0.0,0.0,,066570.KS,LG전자,0.36
2026-01-20,33.210613238491824,25.765662968832537,0.0,0.0,,066570.KS,LG전자,0.36
2026-01-21,40.39610829663617,22.35047015319598,0.0,0.0,,066570.KS,LG전자,0.36
2026-01-22,51.75827453508086,30.6594823032224,0.0,0.0,,066570.KS,LG전자,0.36
2026-01-23,39.07579401525293,24.92703645007924,0.0,0.0,,066570.KS,LG전자,0.36
2026-01-24,19.146156384031666,0.0,0.0,0.0,,066570.KS,LG전자,0.36
2026-01-25,25.037281425272184,0.0,0.0,0.0,,066570.KS,LG전자,0.36
2026-01-26,36.81953150775321,0.0,0.0,0.0,,066570.KS,LG전자,0.36
2026-01-27,37.555922137908276,20.48,0.0,0.0,,066570.KS,LG전자,0.36
2026-01-28,39.76509402837347,25.6,0.0,0.0,,066570.KS,LG전자,0.36
2026-01-29,41.97426591883867,22.400000000000002,0.0,0.0,,066570.KS,LG전자,0.36
2026-01-30,47.12900032992411,19.840000000000003,0.0,0.0,,066570.KS,LG전자,0.36
2026-01-31,24.30089079511712,0.0,0.0,0.0,,066570.KS,LG전자,0.36
2026-02-01,19.882547014186734,0.0,0.0,0.0,,066570.KS,LG전자,0.36
2026-02-02,35.34675024744308,19.840000000000003,0.0,0.0,,066570.KS,LG전자,0.36
2026-02-03,34.61035961728802,21.76,0.0,0.0,,066570.KS,LG전자,0.36
2026-02-04,30.928406466512698,27.52,0.0,0.0,,066570.KS,LG전자,0.36
2026-02-05,30.192015836357633,19.2,0.0,0.0,,066570.KS,LG전자,0.36
2026-02-06,33.873968987132955,18.560000000000002,0.0,0.0,,066570.KS,LG전자,0.36
2026-02-07,22.091718904651927,0.0,0.0,0.0,,066570.KS,LG전자,0.36
2026-02-08,26.51006268558231,0.0,0.0,0.0,,066570.KS,LG전자,0.36
2026-02-09,33.873968987132955,0.0,0.0,0.0,,066570.KS,LG전자,0.36
2026-02-10,33.873968987132955,0.0,0.0,0.0,,066570.KS,LG전자,0.36
2026-02-11,73.63906301550642,63.36000000000001,100.0,100.0,,066570.KS,LG전자,0.36
2026-02-12,53.02012537116462,49.919999999999995,0.0,0.0,,066570.KS,LG전자,0.36
2026-02-13,35.34675024744308,14.719999999999999,0.0,0.0,,066570.KS,LG전자,0.36
2026-02-14,22.82810953480699,0.0,0.0,0.0,,066570.KS,LG전자,0.36
2026-02-15,22.82810953480699,0.0,0.0,0.0,,066570.KS,LG전자,0.36
2026-02-16,27.24645331573738,19.840000000000003,0.0,0.0,,066570.KS,LG전자,0.36
2026-02-17,19.146156384031666,0.0,0.0,0.0,,066570.KS,LG전자,0.36
2026-02-18,16.936984493566477,0.0,0.0,0.0,,066570.KS,LG전자,0.36
2026-02-19,35.34675024744308,25.6,0.0,0.0,,066570.KS,LG전자,0.36
2026-02-20,41.97426591883867,24.959999999999997,0.0,0.0,,066570.KS,LG전자,0.36
2026-02-21,23.564500164962055,0.0,0.0,0.0,,066570.KS,LG전자,0.36
2026-02-22,31.664797096667762,17.279999999999998,0.0,0.0,,066570.KS,LG전자,0.36
2026-02-23,53.02012537116462,43.52,0.0,0.0,,066570.KS,LG전자,0.36
2026-02-24,40.50148465852853,28.16,0.0,0.0,,066570.KS,LG전자,0.36
2026-02-25,53.02012537116462,34.559999999999995,0.0,0.0,,066570.KS,LG전자,0.36
2026-02-26,67.74793797426591,64.0,95.0,0.0,,066570.KS,LG전자,0.36
2026-02-27,53.75651600131969,57.599999999999994,0.0,0.0,,066570.KS,LG전자,0.36
2026-02-28,25.773672055427248,0.0,0.0,0.0,,066570.KS,LG전자,0.36
2026-03-01,25.773672055427248,20.48,0.0,0.0,,066570.KS,LG전자,0.36
2026-03-02,37.555922137908276,0.0,0.0,0.0,,066570.KS,LG전자,0.36
2026-03-03,55.22929726162982,49.28000000000001,0.0,0.0,,066570.KS,LG전자,0.36
2026-03-04,42.71065654899373,28.16,0.0,0.0,,066570.KS,LG전자,0.36
2026-03-05,37.555922137908276,30.720000000000002,0.0,0.0,,066570.KS,LG전자,0.36
2026-03-06,39.0287033982184,29.439999999999998,0.0,0.0,,066570.KS,LG전자,0.36
2026-03-07,27.24645331573738,0.0,0.0,0.0,,066570.KS,LG전자,0.36
2026-03-08,23.564500164962055,0.0,0.0,0.0,,066570.KS,LG전자,0.36
2026-03-09,53.02012537116462,21.12,0.0,0.0,,066570.KS,LG전자,0.36
2026-03-10,41.237875288683604,14.719999999999999,0.0,0.0,,066570.KS,LG전자,0.36
2026-03-11,33.873968987132955,0.0,0.0,0.0,,066570.KS,LG전자,0.36
2026-03-12,39.76509402837347,20.48,0.0,0.0,,066570.KS,LG전자,0.36
2026-03-13,33.13757835697789,17.92,0.0,0.0,,066570.KS,LG전자,0.36
2026-03-14,27.24645331573738,0.0,0.0,0.0,,066570.KS,LG전자,0.36
2026-03-15,30.928406466512698,0.0,0.0,0.0,,066570.KS,LG전자,0.36
2026-03-16,47.865390960079175,22.400000000000002,0.0,0.0,,066570.KS,LG전자,0.36
2026-03-17,39.76509402837347,21.76,0.0,0.0,,066570.KS,LG전자,0.36
2026-03-18,42.71065654899373,32.63999999999999,0.0,0.0,,066570.KS,LG전자,0.36
2026-03-19,34.61035961728802,0.0,0.0,0.0,,066570.KS,LG전자,0.36
2026-03-20,30.192015836357633,16.64,0.0,0.0,,066570.KS,LG전자,0.36
2026-03-21,29.45562520620257,0.0,0.0,0.0,,066570.KS,LG전자,0.36
2026-03-22,26.51006268558231,0.0,0.0,0.0,,066570.KS,LG전자,0.36
2026-03-23,37.555922137908276,15.360000000000001,0.0,0.0,,066570.KS,LG전자,0.36
2026-03-24,37.555922137908276,17.92,0.0,0.0,,066570.KS,LG전자,0.36
2026-03-25,44.183437809303854,23.04,0.0,0.0,,066570.KS,LG전자,0.36
2026-03-26,39.76509402837347,22.400000000000002,0.0,0.0,,066570.KS,LG전자,0.36
2026-03-27,30.928406466512698,24.32,0.0,0.0,,066570.KS,LG전자,0.36
2026-03-28,25.773672055427248,0.0,0.0,0.0,,066570.KS,LG전자,0.36
2026-03-29,30.192015836357633,0.0,0.0,0.0,,066570.KS,LG전자,0.36
2026-03-30,37.555922137908276,0.0,0.0,0.0,,066570.KS,LG전자,0.36
2026-03-31,38.29231276806333,16.0,0.0,0.0,,066570.KS,LG전자,0.36
2026-04-01,39.76509402837347,20.48,0.0,0.0,,066570.KS,LG전자,0.36
2026-04-02,43.44704717914879,0.0,0.0,0.0,,066570.KS,LG전자,0.36
2026-04-03,33.873968987132955,21.76,0.0,0.0,,066570.KS,LG전자,0.36
2026-04-04,20.618937644341802,0.0,0.0,0.0,,066570.KS,LG전자,0.36
2026-04-05,18.409765753876606,0.0,0.0,0.0,,066570.KS,LG전자,0.36
2026-04-06,38.29231276806333,0.0,0.0,0.0,,066570.KS,LG전자,0.36
2026-04-07,40.50148465852853,16.0,0.0,0.0,,066570.KS,LG전자,0.36
2026-04-08,40.50148465852853,22.400000000000002,0.0,0.0,,066570.KS,LG전자,0.36
2026-04-09,35.67337512372155,17.96,0.0,0.0,,066570.KS,LG전자,0.36
2026-04-10,36.04157043879907,17.14,0.0,0.0,,066570.KS,LG전자,0.36
2026-04-11,17.836687561860774,0.0,0.0,0.0,,066570.KS,LG전자,0.36
2026-04-12,23.282250082481028,0.0,0.0,0.0,,066570.KS,LG전자,0.36
2026-04-13,30.96420323325634,16.0,0.0,0.0,,066570.KS,LG전자,0.36
2026-04-14,44.09171890465193,23.340000000000003,0.0,73.0,,066570.KS,LG전자,0.36
2026-04-15,43.22352358957439,16.0,0.0,0.0,,066570.KS,LG전자,0.36
2026-04-16,36.909765753876606,23.84,0.0,0.0,,066570.KS,LG전자,0.36
2026-04-17,36.00000000000001,14.000000000000002,0.0,0.0,,066570.KS,LG전자,0.36
2026-04-18,23.0,0.0,0.0,0.0,,066570.KS,LG전자,0.36
2026-04-19,23.0,0.0,0.0,0.0,,066570.KS,LG전자,0.36
2026-04-20,36.99999999999999,16.0,0.0,0.0,,066570.KS,LG전자,0.36
2026-04-21,43.0,23.000000000000004,71.0,0.0,,066570.KS,LG전자,0.36
2026-04-22,61.0,26.0,0.0,0.0,,066570.KS,LG전자,0.36
2026-04-23,51.0,23.000000000000004,0.0,0.0,,066570.KS,LG전자,0.36
2026-04-24,36.00000000000001,26.0,0.0,0.0,,066570.KS,LG전자,0.36
2026-04-25,25.0,0.0,0.0,0.0,,066570.KS,LG전자,0.36
2026-04-26,31.0,0.0,0.0,0.0,,066570.KS,LG전자,0.36
2026-04-27,52.99999999999999,28.000000000000004,0.0,0.0,,066570.KS,LG전자,0.36
2026-04-28,59.0,48.0,100.0,79.7906976744186,,066570.KS,LG전자,0.36
2026-04-29,52.99999999999999,32.0,0.0,78.94186046511628,,066570.KS,LG전자,0.36
2026-04-30,43.0,35.0,0.0,0.0,,066570.KS,LG전자,0.36
2026-05-01,28.999999999999996,0.0,0.0,0.0,,066570.KS,LG전자,0.36
2026-05-02,24.0,0.0,0.0,0.0,,066570.KS,LG전자,0.36
2026-05-03,26.0,22.000000000000004,0.0,0.0,,066570.KS,LG전자,0.36
2026-05-04,44.99999999999999,43.00000000000001,0.0,0.0,,066570.KS,LG전자,0.36
2026-05-05,31.0,0.0,0.0,0.0,,066570.KS,LG전자,0.36
2026-05-06,98.0,46.00000000000001,71.0,0.0,,066570.KS,LG전자,0.36
2026-05-07,70.0,34.0,0.0,0.0,,066570.KS,LG전자,0.36
2026-05-08,56.99999999999999,46.00000000000001,0.0,0.0,,066570.KS,LG전자,0.36
2026-05-09,31.0,0.0,0.0,0.0,,066570.KS,LG전자,0.36
2026-05-10,34.0,18.000000000000004,0.0,0.0,,066570.KS,LG전자,0.36
2026-05-11,52.0,39.0,0.0,0.0,,066570.KS,LG전자,0.36
2026-05-12,100.0,100.0,98.0,84.88372093023256,,066570.KS,LG전자,0.36
2025-05-12,17.65479091208429,0.0,0.0,0.0,0.0,005380.KS,현대차,0.4
2025-05-13,13.147184721764898,6.321123086313431,0.0,0.0,0.0,005380.KS,현대차,0.4
2025-05-14,16.527889364504446,6.321123086313431,0.0,0.0,0.0,005380.KS,현대차,0.4
2025-05-15,14.64972011853803,0.0,0.0,0.0,0.0,005380.KS,현대차,0.4
2025-05-16,10.893381626605201,0.0,0.0,0.0,0.0,005380.KS,현대차,0.4
2025-05-17,5.634507737899242,0.0,0.0,0.0,0.0,005380.KS,현대차,0.4
2025-05-18,11.644649324991766,0.0,0.0,0.0,0.0,005380.KS,현대차,0.4
2025-05-19,15.77662166611788,0.0,0.0,0.0,0.0,005380.KS,현대차,0.4
2025-05-20,16.903523213697728,0.0,0.0,0.0,0.0,005380.KS,현대차,0.4
2025-05-21,15.77662166611788,0.0,0.0,0.0,0.0,005380.KS,현대차,0.4
2025-05-22,15.77662166611788,0.0,0.0,0.0,0.0,005380.KS,현대차,0.4
2025-05-23,15.77662166611788,6.637179240629103,0.0,0.0,0.0,005380.KS,현대차,0.4
2025-05-24,9.39084622983207,0.0,0.0,0.0,0.0,005380.KS,현대차,0.4
2025-05-25,11.269015475798485,0.0,0.0,0.0,0.0,005380.KS,현대차,0.4
2025-05-26,17.27915706289101,8.849572320838803,0.0,0.0,0.0,005380.KS,현대차,0.4
2025-05-27,17.27915706289101,8.533516166523132,0.0,0.0,0.0,005380.KS,현대차,0.4
2025-05-28,16.903523213697728,7.269291549260445,0.0,0.0,0.0,005380.KS,현대차,0.4
2025-05-29,18.78169245966414,8.849572320838803,0.0,0.0,0.0,005380.KS,현대차,0.4
2025-05-30,14.64972011853803,0.0,0.0,0.0,0.0,005380.KS,현대차,0.4
2025-05-31,9.766480079025355,0.0,0.0,0.0,0.0,005380.KS,현대차,0.4
2025-06-01,11.644649324991766,0.0,0.0,0.0,0.0,005380.KS,현대차,0.4
2025-06-02,19.90859400724399,8.21746001220746,0.0,0.0,0.0,005380.KS,현대차,0.4
2025-06-03,10.51774777741192,0.0,0.0,0.0,0.0,005380.KS,현대차,0.4
2025-06-04,13.522818570958181,6.953235394944775,0.0,0.0,0.0,005380.KS,현대차,0.4
2025-06-05,18.406058610470858,9.797740783785818,0.0,0.0,0.0,005380.KS,현대차,0.4
2025-06-06,10.893381626605201,0.0,0.0,0.0,0.0,005380.KS,현대차,0.4
2025-06-07,11.269015475798485,0.0,0.0,0.0,0.0,005380.KS,현대차,0.4
2025-06-08,13.522818570958181,0.0,0.0,0.0,0.0,005380.KS,현대차,0.4
2025-06-09,21.03549555482384,10.429853092417162,0.0,0.0,0.0,005380.KS,현대차,0.4
2025-06-10,18.406058610470858,0.0,0.0,0.0,0.0,005380.KS,현대차,0.4
2025-06-11,21.786763253210403,10.429853092417162,0.0,0.0,0.0,005380.KS,현대차,0.4
2025-06-12,19.90859400724399,9.165628475154474,0.0,0.0,0.0,005380.KS,현대차,0.4
2025-06-13,17.65479091208429,6.637179240629103,0.0,0.0,0.0,005380.KS,현대차,0.4
2025-06-14,13.522818570958181,0.0,0.0,0.0,0.0,005380.KS,현대차,0.4
2025-06-15,13.522818570958181,0.0,0.0,0.0,0.0,005380.KS,현대차,0.4
2025-06-16,19.90859400724399,8.21746001220746,0.0,0.0,0.0,005380.KS,현대차,0.4
2025-06-17,22.53803095159697,10.745909246732833,0.0,0.0,0.0,005380.KS,현대차,0.4
2025-06-18,20.284227856437273,9.797740783785818,0.0,0.0,0.0,005380.KS,현대차,0.4
2025-06-19,16.527889364504446,8.21746001220746,0.0,0.0,0.0,005380.KS,현대차,0.4
2025-06-20,20.284227856437273,11.694077709679847,0.0,0.0,0.0,005380.KS,현대차,0.4
2025-06-21,16.15225551531116,0.0,0.0,0.0,0.0,005380.KS,현대차,0.4
2025-06-22,11.269015475798485,0.0,0.0,0.0,0.0,005380.KS,현대차,0.4
2025-06-23,22.53803095159697,12.326190018311191,0.0,0.0,0.0,005380.KS,현대차,0.4
2025-06-24,23.289298649983532,12.010133863995518,0.0,0.0,0.0,005380.KS,현대차,0.4
2025-06-25,23.664932499176818,8.533516166523132,0.0,0.0,0.0,005380.KS,현대차,0.4
2025-06-26,23.289298649983532,11.061965401048504,0.0,0.0,0.0,005380.KS,현대차,0.4
2025-06-27,25.543101745143233,12.326190018311191,0.0,0.0,0.0,005380.KS,현대차,0.4
2025-06-28,18.406058610470858,0.0,0.0,0.0,0.0,005380.KS,현대차,0.4
2025-06-29,15.025353967731315,0.0,0.0,0.0,0.0,005380.KS,현대차,0.4
2025-06-30,26.67000329272308,12.326190018311191,0.0,0.0,0.0,005380.KS,현대차,0.4
2025-07-01,19.53296015805071,6.637179240629103,0.0,0.0,0.0,005380.KS,현대차,0.4
2025-07-02,22.91366480079025,9.165628475154474,0.0,0.0,0.0,005380.KS,현대차,0.4
2025-07-03,27.421270991109647,9.797740783785818,0.0,0.0,0.0,005380.KS,현대차,0.4
2025-07-04,22.53803095159697,6.953235394944775,0.0,0.0,0.0,005380.KS,현대차,0.4
2025-07-05,17.65479091208429,0.0,70.4,0.0,0.0,005380.KS,현대차,0.4
2025-07-06,17.27915706289101,0.0,0.0,0.0,0.0,005380.KS,현대차,0.4
2025-07-07,26.294369443529796,0.0,0.0,0.0,0.0,005380.KS,현대차,0.4
2025-07-08,22.91366480079025,9.165628475154474,0.0,0.0,0.0,005380.KS,현대차,0.4
2025-07-09,21.786763253210403,7.585347703576117,0.0,0.0,0.0,005380.KS,현대차,0.4
2025-07-10,24.040566348370103,8.533516166523132,0.0,0.0,0.0,005380.KS,현대차,0.4
2025-07-11,31.55324333223576,0.0,0.0,0.0,0.0,005380.KS,현대차,0.4
2025-07-12,19.15732630885742,0.0,0.0,0.0,0.0,005380.KS,현대차,0.4
2025-07-13,21.03549555482384,0.0,0.0,0.0,0.0,005380.KS,현대차,0.4
2025-07-14,29.29944023707606,8.533516166523132,0.0,0.0,0.0,005380.KS,현대차,0.4
2025-07-15,26.67000329272308,14.22252694420522,0.0,0.0,0.0,005380.KS,현대차,0.4
2025-07-16,23.664932499176818,6.953235394944775,0.0,0.0,0.0,005380.KS,현대차,0.4
2025-07-17,23.664932499176818,13.90647078988955,0.0,0.0,0.0,005380.KS,현대차,0.4
2025-07-18,25.167467895949947,8.849572320838803,0.0,0.0,0.0,005380.KS,현대차,0.4
2025-07-19,15.77662166611788,0.0,0.0,0.0,0.0,005380.KS,현대차,0.4
2025-07-20,13.522818570958181,0.0,0.0,0.0,0.0,005380.KS,현대차,0.4
2025-07-21,21.786763253210403,11.061965401048504,0.0,0.0,0.0,005380.KS,현대차,0.4
2025-07-22,22.91366480079025,19.595481567571635,0.0,0.0,0.0,005380.KS,현대차,0.4
2025-07-23,29.29944023707606,16.118863870099247,0.0,0.0,0.0,005380.KS,현대차,0.4
2025-07-24,22.53803095159697,10.429853092417162,0.0,0.0,0.0,005380.KS,현대차,0.4
2025-07-25,18.78169245966414,12.642246172626862,0.0,0.0,0.0,005380.KS,현대차,0.4
2025-07-26,14.64972011853803,0.0,0.0,0.0,0.0,005380.KS,현대차,0.4
2025-07-27,17.27915706289101,0.0,0.0,0.0,0.0,005380.KS,현대차,0.4
2025-07-28,24.040566348370103,13.590414635573877,0.0,0.0,100.0,005380.KS,현대차,0.4
2025-07-29,22.91366480079025,0.0,0.0,0.0,0.0,005380.KS,현대차,0.4
2025-07-30,25.167467895949947,16.118863870099247,0.0,0.0,0.0,005380.KS,현대차,0.4
2025-07-31,37.56338491932828,31.60561543156716,0.0,0.0,0.0,005380.KS,현대차,0.4
2025-08-01,24.040566348370103,11.378021555364176,0.0,0.0,0.0,005380.KS,현대차,0.4
2025-08-02,15.400987816924596,0.0,0.0,0.0,0.0,005380.KS,현대차,0.4
2025-08-03,13.522818570958181,0.0,0.0,0.0,0.0,005380.KS,현대차,0.4
2025-08-04,22.53803095159697,17.668667798225737,0.0,0.0,0.0,005380.KS,현대차,0.4
2025-08-05,21.41112940401712,11.184249032182542,0.0,0.0,0.0,005380.KS,현대차,0.4
2025-08-06,19.814685544945668,0.0,0.0,0.0,0.0,005380.KS,현대차,0.4
2025-08-07,25.26137635824827,13.579126915776888,0.0,0.0,0.0,005380.KS,현대차,0.4
2025-08-08,19.15732630885742,9.489586033328038,0.0,0.0,0.0,005380.KS,현대차,0.4
2025-08-09,13.522818570958181,0.0,0.0,0.0,0.0,005380.KS,현대차,0.4
2025-08-10,17.37306552518933,0.0,0.0,0.0,0.0,005380.KS,현대차,0.4
2025-08-11,19.15732630885742,6.78391959798995,0.0,0.0,0.0,005380.KS,현대차,0.4
2025-08-12,23.101481725386893,8.140703517587939,0.0,0.0,0.0,005380.KS,현대차,0.4
2025-08-13,20.284227856437273,9.949748743718594,0.0,0.0,0.0,005380.KS,현대차,0.4
2025-08-14,23.101481725386893,10.402010050251258,0.0,0.0,0.0,005380.KS,현대차,0.4
2025-08-15,13.522818570958181,0.0,0.0,0.0,0.0,005380.KS,현대차,0.4
2025-08-16,12.959367797168259,0.0,0.0,0.0,0.0,005380.KS,현대차,0.4
2025-08-17,12.959367797168259,0.0,0.0,0.0,0.0,005380.KS,현대차,0.4
2025-08-18,24.22838327296674,0.0,0.0,0.0,0.0,005380.KS,현대차,0.4
2025-08-19,18.030424761277576,7.688442211055277,0.0,0.0,0.0,005380.KS,현대차,0.4
2025-08-20,25.918735594336518,13.115577889447236,0.0,0.0,0.0,005380.KS,현대차,0.4
2025-08-21,23.664932499176818,6.78391959798995,0.0,0.0,0.0,005380.KS,현대차,0.4
2025-08-22,17.466973987487652,0.0,0.0,0.0,0.0,005380.KS,현대차,0.4
2025-08-23,12.959367797168259,0.0,0.0,0.0,0.0,005380.KS,현대차,0.4
2025-08-24,12.395917023378333,0.0,0.0,0.0,0.0,005380.KS,현대차,0.4
2025-08-25,26.48218636812644,6.78391959798995,0.0,0.0,0.0,005380.KS,현대차,0.4
2025-08-26,25.355284820546593,11.306532663316583,0.0,0.0,0.0,005380.KS,현대차,0.4
2025-08-27,19.15732630885742,0.0,0.0,0.0,0.0,005380.KS,현대차,0.4
2025-08-28,25.918735594336518,9.045226130653267,0.0,0.0,0.0,005380.KS,현대차,0.4
2025-08-29,22.53803095159697,11.758793969849247,0.0,0.0,0.0,005380.KS,현대차,0.4
2025-08-30,16.3400724399078,0.0,0.0,0.0,0.0,005380.KS,현대차,0.4
2025-08-31,11.832466249588409,0.0,0.0,0.0,0.0,005380.KS,현대차,0.4
2025-09-01,26.48218636812644,9.949748743718594,0.0,0.0,0.0,005380.KS,현대차,0.4
2025-09-02,20.847678630227197,0.0,0.0,0.0,0.0,005380.KS,현대차,0.4
2025-09-03,22.53803095159697,10.402010050251258,0.0,0.0,0.0,005380.KS,현대차,0.4
2025-09-04,25.918735594336518,7.688442211055277,0.0,0.0,0.0,005380.KS,현대차,0.4
2025-09-05,25.355284820546593,11.758793969849247,0.0,0.0,0.0,005380.KS,현대차,0.4
2025-09-06,23.101481725386893,0.0,0.0,0.0,0.0,005380.KS,현대차,0.4
2025-09-07,29.29944023707606,0.0,0.0,0.0,0.0,005380.KS,현대차,0.4
2025-09-08,33.807046427395456,17.185929648241206,0.0,0.0,0.0,005380.KS,현대차,0.4
2025-09-09,27.609087915706287,9.497487437185931,0.0,0.0,72.0,005380.KS,현대차,0.4
2025-09-10,25.918735594336518,8.140703517587939,0.0,0.0,0.0,005380.KS,현대차,0.4
2025-09-11,16.903523213697728,0.0,0.0,0.0,0.0,005380.KS,현대차,0.4
2025-09-12,24.791834046756666,8.592964824120603,0.0,0.0,0.0,005380.KS,현대차,0.4
2025-09-13,14.086269344748107,0.0,0.0,0.0,0.0,005380.KS,현대차,0.4
2025-09-14,15.213170892327954,0.0,0.0,0.0,0.0,005380.KS,현대차,0.4
2025-09-15,32.116694106025676,15.829145728643217,0.0,0.0,0.0,005380.KS,현대차,0.4
2025-09-16,25.355284820546593,8.592964824120603,0.0,0.0,0.0,005380.KS,현대차,0.4
2025-09-17,24.791834046756666,8.140703517587939,0.0,0.0,0.0,005380.KS,현대차,0.4
2025-09-18,23.101481725386893,8.592964824120603,0.0,0.0,0.0,005380.KS,현대차,0.4
2025-09-19,21.974580177807045,12.663316582914575,0.0,0.0,0.0,005380.KS,현대차,0.4
2025-09-20,13.522818570958181,0.0,0.0,0.0,0.0,005380.KS,현대차,0.4
2025-09-21,18.030424761277576,0.0,0.0,0.0,100.0,005380.KS,현대차,0.4
2025-09-22,24.22838327296674,10.854271356783919,0.0,0.0,0.0,005380.KS,현대차,0.4
2025-09-23,21.41112940401712,9.949748743718594,0.0,0.0,0.0,005380.KS,현대차,0.4
2025-09-24,21.974580177807045,0.0,0.0,0.0,0.0,005380.KS,현대차,0.4
2025-09-25,28.73598946328614,12.663316582914575,0.0,0.0,0.0,005380.KS,현대차,0.4
2025-09-26,19.72077708264735,10.854271356783919,0.0,0.0,0.0,005380.KS,현대차,0.4
2025-09-27,16.3400724399078,0.0,0.0,0.0,0.0,005380.KS,현대차,0.4
2025-09-28,12.959367797168259,0.0,0.0,0.0,0.0,005380.KS,현대차,0.4
2025-09-29,21.41112940401712,8.592964824120603,0.0,0.0,0.0,005380.KS,현대차,0.4
2025-09-30,18.5938755350675,10.402010050251258,0.0,0.0,0.0,005380.KS,현대차,0.4
2025-10-01,32.116694106025676,8.592964824120603,0.0,0.0,0.0,005380.KS,현대차,0.4
2025-10-02,23.101481725386893,11.758793969849247,0.0,0.0,0.0,005380.KS,현대차,0.4
2025-10-03,12.959367797168259,0.0,0.0,0.0,0.0,005380.KS,현대차,0.4
2025-10-04,13.522818570958181,0.0,0.0,0.0,0.0,005380.KS,현대차,0.4
2025-10-05,16.3400724399078,0.0,0.0,0.0,0.0,005380.KS,현대차,0.4
2025-10-06,18.030424761277576,0.0,0.0,0.0,0.0,005380.KS,현대차,0.4
2025-10-07,14.086269344748107,0.0,0.0,0.0,0.0,005380.KS,현대차,0.4
2025-10-08,18.5938755350675,0.0,0.0,61.12956810631229,0.0,005380.KS,현대차,0.4
2025-10-09,14.086269344748107,0.0,0.0,0.0,0.0,005380.KS,현대차,0.4
2025-10-10,22.53803095159697,14.020100502512564,0.0,0.0,0.0,005380.KS,현대차,0.4
2025-10-11,14.64972011853803,0.0,0.0,0.0,0.0,005380.KS,현대차,0.4
2025-10-12,11.832466249588409,0.0,0.0,0.0,0.0,005380.KS,현대차,0.4
2025-10-13,24.791834046756666,6.331658291457288,0.0,0.0,0.0,005380.KS,현대차,0.4
2025-10-14,20.284227856437273,6.78391959798995,0.0,0.0,0.0,005380.KS,현대차,0.4
2025-10-15,27.609087915706287,13.5678391959799,0.0,0.0,0.0,005380.KS,현대차,0.4
2025-10-16,34.37049720118538,18.994974874371863,0.0,0.0,0.0,005380.KS,현대차,0.4
2025-10-17,22.53803095159697,0.0,0.0,0.0,0.0,005380.KS,현대차,0.4
2025-10-18,11.832466249588409,0.0,0.0,0.0,0.0,005380.KS,현대차,0.4
2025-10-19,11.832466249588409,0.0,0.0,0.0,0.0,005380.KS,현대차,0.4
2025-10-20,24.22838327296674,11.306532663316583,0.0,0.0,0.0,005380.KS,현대차,0.4
2025-10-21,24.22838327296674,18.090452261306535,0.0,0.0,0.0,005380.KS,현대차,0.4
2025-10-22,21.974580177807045,12.21105527638191,0.0,0.0,0.0,005380.KS,현대차,0.4
2025-10-23,21.41112940401712,13.115577889447236,0.0,0.0,0.0,005380.KS,현대차,0.4
2025-10-24,19.72077708264735,11.758793969849247,0.0,0.0,0.0,005380.KS,현대차,0.4
2025-10-25,11.269015475798485,0.0,0.0,0.0,0.0,005380.KS,현대차,0.4
2025-10-26,14.086269344748107,0.0,0.0,0.0,0.0,005380.KS,현대차,0.4
2025-10-27,27.139545604214682,14.962311557788945,0.0,0.0,0.0,005380.KS,현대차,0.4
2025-10-28,20.753770167928877,11.879396984924623,0.0,0.0,0.0,005380.KS,현대차,0.4
2025-10-29,37.65729338162661,25.889447236180906,0.0,0.0,0.0,005380.KS,현대차,0.4
2025-10-30,50.71056964109319,40.12562814070352,0.0,0.0,0.0,005380.KS,현대차,0.4
2025-10-31,56.34507737899243,45.113065326633176,0.0,0.0,0.0,005380.KS,현대차,0.4
2025-11-01,20.753770167928877,11.153266331658292,0.0,0.0,0.0,005380.KS,현대차,0.4
2025-11-02,23.477115574580175,13.0,0.0,0.0,0.0,005380.KS,현대차,0.4
2025-11-03,40.3806387882779,28.000000000000004,0.0,0.0,0.0,005380.KS,현대차,0.4
2025-11-04,34.74613105037866,25.0,0.0,0.0,0.0,005380.KS,현대차,0.4
2025-11-05,30.05070793546263,29.000000000000004,0.0,0.0,0.0,005380.KS,현대차,0.4
2025-11-06,27.233454066513,14.000000000000002,0.0,0.0,0.0,005380.KS,현대차,0.4
2025-11-07,21.598946328613764,12.000000000000002,0.0,0.0,0.0,005380.KS,현대차,0.4
2025-11-08,13.147184721764898,0.0,0.0,0.0,0.0,005380.KS,현대차,0.4
2025-11-09,20.659861705630554,0.0,0.0,0.0,0.0,005380.KS,현대차,0.4
2025-11-10,27.233454066513,14.000000000000002,0.0,0.0,0.0,005380.KS,현대차,0.4
2025-11-11,27.233454066513,20.0,0.0,0.0,0.0,005380.KS,현대차,0.4
2025-11-12,28.172538689496214,10.0,0.0,0.0,0.0,005380.KS,현대차,0.4
2025-11-13,26.294369443529796,9.0,0.0,0.0,0.0,005380.KS,현대차,0.4
2025-11-14,29.111623312479416,16.0,0.0,0.0,0.0,005380.KS,현대차,0.4
2025-11-15,14.086269344748107,0.0,0.0,0.0,0.0,005380.KS,현대차,0.4
2025-11-16,19.72077708264735,0.0,0.0,0.0,0.0,005380.KS,현대차,0.4
2025-11-17,30.989792558445835,16.0,0.0,0.0,0.0,005380.KS,현대차,0.4
2025-11-18,25.355284820546593,11.000000000000002,0.0,0.0,0.0,005380.KS,현대차,0.4
2025-11-19,25.355284820546593,10.0,0.0,0.0,0.0,005380.KS,현대차,0.4
2025-11-20,27.233454066513,19.0,0.0,0.0,0.0,005380.KS,현대차,0.4
2025-11-21,22.53803095159697,11.000000000000002,0.0,0.0,0.0,005380.KS,현대차,0.4
2025-11-22,17.842607836680934,0.0,0.0,0.0,0.0,005380.KS,현대차,0.4
2025-11-23,12.208100098781692,0.0,0.0,0.0,0.0,005380.KS,현대차,0.4
2025-11-24,24.416200197563384,13.0,0.0,0.0,0.0,005380.KS,현대차,0.4
2025-11-25,29.111623312479416,11.000000000000002,0.0,0.0,0.0,005380.KS,현대차,0.4
2025-11-26,25.355284820546593,14.000000000000002,0.0,0.0,0.0,005380.KS,현대차,0.4
2025-11-27,31.928877181429037,12.000000000000002,0.0,0.0,0.0,005380.KS,현대차,0.4
2025-11-28,25.355284820546593,12.000000000000002,0.0,0.0,0.0,005380.KS,현대차,0.4
2025-11-29,15.964438590714519,0.0,0.0,0.0,0.0,005380.KS,현대차,0.4
2025-11-30,17.842607836680934,0.0,0.0,0.0,0.0,005380.KS,현대차,0.4
2025-12-01,30.989792558445835,19.0,0.0,0.0,0.0,005380.KS,현대차,0.4
2025-12-02,30.989792558445835,15.000000000000002,0.0,0.0,0.0,005380.KS,현대차,0.4
2025-12-03,29.111623312479416,15.000000000000002,0.0,0.0,0.0,005380.KS,현대차,0.4
2025-12-04,46.95423114916035,24.000000000000004,0.0,0.0,0.0,005380.KS,현대차,0.4
2025-12-05,58.22324662495883,41.0,63.36000000000001,0.0,0.0,005380.KS,현대차,0.4
2025-12-06,24.416200197563384,9.0,0.0,0.0,0.0,005380.KS,현대차,0.4
2025-12-07,23.477115574580175,0.0,0.0,0.0,0.0,005380.KS,현대차,0.4
2025-12-08,40.3806387882779,21.000000000000004,0.0,0.0,0.0,005380.KS,현대차,0.4
2025-12-09,35.68521567336187,21.000000000000004,0.0,0.0,0.0,005380.KS,현대차,0.4
2025-12-10,30.989792558445835,20.0,0.0,0.0,0.0,005380.KS,현대차,0.4
2025-12-11,33.807046427395456,21.000000000000004,0.0,0.0,0.0,005380.KS,현대차,0.4
2025-12-12,28.172538689496214,19.0,0.0,0.0,0.0,005380.KS,현대차,0.4
2025-12-13,15.964438590714519,0.0,0.0,0.0,0.0,005380.KS,현대차,0.4
2025-12-14,19.72077708264735,0.0,0.0,0.0,0.0,005380.KS,현대차,0.4
2025-12-15,30.05070793546263,21.000000000000004,0.0,0.0,0.0,005380.KS,현대차,0.4
2025-12-16,26.294369443529796,11.000000000000002,0.0,0.0,0.0,005380.KS,현대차,0.4
2025-12-17,32.867961804412246,20.0,0.0,0.0,0.0,005380.KS,현대차,0.4
2025-12-18,38.50246954231149,10.0,0.0,0.0,0.0,005380.KS,현대차,0.4
2025-12-19,29.111623312479416,15.000000000000002,0.0,0.0,0.0,005380.KS,현대차,0.4
2025-12-20,17.842607836680934,0.0,0.0,0.0,0.0,005380.KS,현대차,0.4
2025-12-21,21.598946328613764,0.0,0.0,0.0,0.0,005380.KS,현대차,0.4
2025-12-22,29.111623312479416,16.0,0.0,0.0,0.0,005380.KS,현대차,0.4
2025-12-23,24.416200197563384,17.0,0.0,0.0,0.0,005380.KS,현대차,0.4
2025-12-24,25.355284820546593,15.000000000000002,0.0,0.0,0.0,005380.KS,현대차,0.4
2025-12-25,14.086269344748107,0.0,0.0,0.0,0.0,005380.KS,현대차,0.4
2025-12-26,27.233454066513,18.0,0.0,0.0,0.0,005380.KS,현대차,0.4
2025-12-27,15.964438590714519,0.0,0.0,0.0,0.0,005380.KS,현대차,0.4
2025-12-28,15.025353967731315,0.0,0.0,0.0,0.0,005380.KS,현대차,0.4
2025-12-29,22.53803095159697,17.0,45.056000000000004,0.0,0.0,005380.KS,현대차,0.4
2025-12-30,23.477115574580175,9.0,0.0,0.0,0.0,005380.KS,현대차,0.4
2025-12-31,20.659861705630554,11.000000000000002,0.0,0.0,0.0,005380.KS,현대차,0.4
2026-01-01,17.842607836680934,0.0,0.0,0.0,0.0,005380.KS,현대차,0.4
2026-01-02,24.416200197563384,21.000000000000004,0.0,0.0,0.0,005380.KS,현대차,0.4
2026-01-03,15.964438590714519,0.0,0.0,0.0,0.0,005380.KS,현대차,0.4
2026-01-04,15.025353967731315,11.000000000000002,0.0,0.0,0.0,005380.KS,현대차,0.4
2026-01-05,31.928877181429037,10.0,0.0,0.0,0.0,005380.KS,현대차,0.4
2026-01-06,39.4415541652947,21.000000000000004,0.0,0.0,0.0,005380.KS,현대차,0.4
2026-01-07,72.30951596970694,63.0,0.0,0.0,0.0,005380.KS,현대차,0.4
2026-01-08,49.77148501810997,48.00000000000001,0.0,0.0,0.0,005380.KS,현대차,0.4
2026-01-09,40.3806387882779,40.0,0.0,0.0,0.0,005380.KS,현대차,0.4
2026-01-10,28.172538689496214,11.000000000000002,0.0,0.0,0.0,005380.KS,현대차,0.4
2026-01-11,30.989792558445835,15.000000000000002,0.0,0.0,0.0,005380.KS,현대차,0.4
2026-01-12,44.13697728021073,38.0,52.800000000000004,0.0,0.0,005380.KS,현대차,0.4
2026-01-13,61.97958511689167,57.00000000000001,0.0,0.0,0.0,005380.KS,현대차,0.4
2026-01-14,50.71056964109319,41.0,0.0,0.0,0.0,005380.KS,현대차,0.4
2026-01-15,56.34507737899243,44.99999999999999,0.0,0.0,0.0,005380.KS,현대차,0.4
2026-01-16,44.568488640105365,47.0,0.0,0.0,0.0,005380.KS,현대차,0.4
2026-01-17,30.994896279222917,11.000000000000002,0.0,0.0,0.0,005380.KS,현대차,0.4
2026-01-18,26.147184721764898,13.0,0.0,0.0,0.0,005380.KS,현대차,0.4
2026-01-19,83.28926572275272,80.0,55.528,61.07498813478881,0.0,005380.KS,현대차,0.4
2026-01-20,61.989792558445835,67.0,0.0,0.0,0.0,005380.KS,현대차,0.4
2026-01-21,92.01514652617715,100.0,70.4,0.0,0.0,005380.KS,현대차,0.4
2026-01-22,93.95423114916036,96.00000000000001,45.760000000000005,52.57142857142857,0.0,005380.KS,현대차,0.4
2026-01-23,88.13697728021073,89.00000000000001,43.824000000000005,53.346464167062166,0.0,005380.KS,현대차,0.4
2026-01-24,37.0,21.000000000000004,0.0,0.0,0.0,005380.KS,현대차,0.4
2026-01-25,33.0,31.0,0.0,0.0,0.0,005380.KS,현대차,0.4
2026-01-26,69.0,78.99999999999999,0.0,0.0,0.0,005380.KS,현대차,0.4
2026-01-27,73.0,89.99999999999999,0.0,0.0,0.0,005380.KS,현대차,0.4
2026-01-28,59.00000000000001,75.0,0.0,59.14285714285714,0.0,005380.KS,현대차,0.4
2026-01-29,73.0,71.00000000000001,44.00000000000001,93.87755102040818,0.0,005380.KS,현대차,0.4
2026-01-30,59.00000000000001,70.0,0.0,0.0,0.0,005380.KS,현대차,0.4
2026-01-31,23.0,13.0,0.0,0.0,0.0,005380.KS,현대차,0.4
2026-02-01,25.0,0.0,0.0,0.0,0.0,005380.KS,현대차,0.4
2026-02-02,47.0,55.00000000000001,0.0,0.0,0.0,005380.KS,현대차,0.4
2026-02-03,43.0,53.0,0.0,0.0,0.0,005380.KS,현대차,0.4
2026-02-04,45.0,52.0,0.0,0.0,0.0,005380.KS,현대차,0.4
2026-02-05,39.0,39.0,0.0,0.0,0.0,005380.KS,현대차,0.4
2026-02-06,43.0,52.0,0.0,0.0,0.0,005380.KS,현대차,0.4
2026-02-07,22.0,10.0,0.0,0.0,0.0,005380.KS,현대차,0.4
2026-02-08,25.0,0.0,0.0,0.0,0.0,005380.KS,현대차,0.4
2026-02-09,37.0,39.0,0.0,0.0,0.0,005380.KS,현대차,0.4
2026-02-10,37.0,38.0,0.0,0.0,0.0,005380.KS,현대차,0.4
2026-02-11,42.0,40.0,0.0,0.0,0.0,005380.KS,현대차,0.4
2026-02-12,37.0,41.0,0.0,0.0,0.0,005380.KS,현대차,0.4
2026-02-13,28.999999999999996,26.999999999999996,0.0,0.0,0.0,005380.KS,현대차,0.4
2026-02-14,18.0,0.0,0.0,0.0,0.0,005380.KS,현대차,0.4
2026-02-15,18.0,8.0,0.0,0.0,0.0,005380.KS,현대차,0.4
2026-02-16,15.0,0.0,0.0,0.0,0.0,005380.KS,현대차,0.4
2026-02-17,18.0,8.0,0.0,0.0,0.0,005380.KS,현대차,0.4
2026-02-18,18.0,12.000000000000002,0.0,0.0,0.0,005380.KS,현대차,0.4
2026-02-19,38.0,36.0,0.0,0.0,0.0,005380.KS,현대차,0.4
2026-02-20,40.0,34.0,42.24,0.0,0.0,005380.KS,현대차,0.4
2026-02-21,24.0,22.000000000000004,0.0,0.0,0.0,005380.KS,현대차,0.4
2026-02-22,28.999999999999996,10.0,0.0,0.0,0.0,005380.KS,현대차,0.4
2026-02-23,44.0,42.00000000000001,0.0,0.0,0.0,005380.KS,현대차,0.4
2026-02-24,50.0,50.0,0.0,0.0,0.0,005380.KS,현대차,0.4
2026-02-25,73.0,85.0,58.08000000000001,0.0,0.0,005380.KS,현대차,0.4
2026-02-26,71.00000000000001,84.00000000000001,59.84,0.0,0.0,005380.KS,현대차,0.4
2026-02-27,100.0,95.0,85.36,58.20408163265307,0.0,005380.KS,현대차,0.4
2026-02-28,41.0,28.000000000000004,88.00000000000001,0.0,0.0,005380.KS,현대차,0.4
2026-03-01,32.0,12.000000000000002,0.0,0.0,0.0,005380.KS,현대차,0.4
2026-03-02,34.0,19.0,0.0,0.0,0.0,005380.KS,현대차,0.4
2026-03-03,78.0,96.00000000000001,0.0,0.0,0.0,005380.KS,현대차,0.4
2026-03-04,71.00000000000001,89.00000000000001,0.0,0.0,0.0,005380.KS,현대차,0.4
2026-03-05,56.00000000000001,64.0,0.0,0.0,0.0,005380.KS,현대차,0.4
2026-03-06,52.0,62.0,0.0,0.0,0.0,005380.KS,현대차,0.4
2026-03-07,24.0,21.000000000000004,0.0,0.0,0.0,005380.KS,현대차,0.4
2026-03-08,30.0,17.0,57.2,0.0,0.0,005380.KS,현대차,0.4
2026-03-09,52.0,65.0,0.0,0.0,0.0,005380.KS,현대차,0.4
2026-03-10,46.0,47.0,0.0,0.0,0.0,005380.KS,현대차,0.4
2026-03-11,47.0,50.0,0.0,0.0,0.0,005380.KS,현대차,0.4
2026-03-12,47.0,53.0,0.0,0.0,0.0,005380.KS,현대차,0.4
2026-03-13,39.0,40.0,53.68000000000001,0.0,0.0,005380.KS,현대차,0.4
2026-03-14,26.0,12.000000000000002,0.0,0.0,0.0,005380.KS,현대차,0.4
2026-03-15,25.0,12.000000000000002,0.0,0.0,0.0,005380.KS,현대차,0.4
2026-03-16,61.0,57.00000000000001,41.36,0.0,0.0,005380.KS,현대차,0.4
2026-03-17,59.00000000000001,59.0,54.56000000000001,0.0,0.0,005380.KS,현대차,0.4
2026-03-18,55.00000000000001,59.0,79.2,0.0,0.0,005380.KS,현대차,0.4
2026-03-19,51.0,46.0,71.28000000000002,0.0,0.0,005380.KS,현대차,0.4
2026-03-20,56.00000000000001,44.99999999999999,0.0,0.0,0.0,005380.KS,현대차,0.4
2026-03-21,34.0,13.0,0.0,0.0,0.0,005380.KS,현대차,0.4
2026-03-22,31.0,13.0,0.0,0.0,0.0,005380.KS,현대차,0.4
2026-03-23,56.00000000000001,58.00000000000001,64.24000000000001,0.0,0.0,005380.KS,현대차,0.4
2026-03-24,52.99999999999999,44.99999999999999,51.040000000000006,0.0,0.0,005380.KS,현대차,0.4
2026-03-25,51.0,44.99999999999999,51.92,0.0,0.0,005380.KS,현대차,0.4
2026-03-26,48.99999999999999,44.00000000000001,0.0,0.0,0.0,005380.KS,현대차,0.4
2026-03-27,47.0,53.99999999999999,0.0,0.0,0.0,005380.KS,현대차,0.4
2026-03-28,28.999999999999996,10.0,0.0,0.0,0.0,005380.KS,현대차,0.4
2026-03-29,26.0,0.0,0.0,0.0,0.0,005380.KS,현대차,0.4
2026-03-30,45.0,32.0,0.0,0.0,0.0,005380.KS,현대차,0.4
2026-03-31,52.99999999999999,48.00000000000001,39.6,0.0,0.0,005380.KS,현대차,0.4
2026-04-01,56.00000000000001,44.00000000000001,43.120000000000005,0.0,0.0,005380.KS,현대차,0.4
2026-04-02,68.0,42.00000000000001,0.0,0.0,0.0,005380.KS,현대차,0.4
2026-04-03,42.0,28.000000000000004,0.0,0.0,0.0,005380.KS,현대차,0.4
2026-04-04,20.0,0.0,0.0,0.0,0.0,005380.KS,현대차,0.4
2026-04-05,28.000000000000004,17.0,0.0,0.0,0.0,005380.KS,현대차,0.4
2026-04-06,42.0,44.99999999999999,36.96,0.0,0.0,005380.KS,현대차,0.4
2026-04-07,39.0,34.0,0.0,0.0,0.0,005380.KS,현대차,0.4
2026-04-08,44.0,43.0,54.56000000000001,0.0,0.0,005380.KS,현대차,0.4
2026-04-09,41.51878324468085,40.072916666666664,0.0,0.0,0.0,005380.KS,현대차,0.4
2026-04-10,41.96484375,41.927083333333336,65.06,0.0,0.0,005380.KS,현대차,0.4
2026-04-11,24.043633643617024,11.979166666666666,0.0,0.0,0.0,005380.KS,현대차,0.4
2026-04-12,21.205452127659573,0.0,0.0,0.0,0.0,005380.KS,현대차,0.4
2026-04-13,37.73454122340426,32.22916666666667,51.96000000000001,0.0,0.0,005380.KS,현대차,0.4
2026-04-14,37.23454122340426,31.302083333333336,37.92,0.0,0.0,005380.KS,현대차,0.4
2026-04-15,47.641206781914896,41.0,36.04,46.0,0.0,005380.KS,현대차,0.4
2026-04-16,57.04787234042552,43.78125000000001,44.00000000000001,0.0,0.0,005380.KS,현대차,0.4
2026-04-17,40.1454454787234,30.75,37.0,0.0,0.0,005380.KS,현대차,0.4
2026-04-18,21.41090425531915,8.541666666666666,46.00000000000001,0.0,0.0,005380.KS,현대차,0.4
2026-04-19,24.979388297872337,9.395833333333334,0.0,0.0,0.0,005380.KS,현대차,0.4
2026-04-20,41.92968749999999,30.75,44.00000000000001,0.0,0.0,005380.KS,현대차,0.4
2026-04-21,49.95877659574467,46.12500000000001,63.0,42.00000000000001,0.0,005380.KS,현대차,0.4
2026-04-22,42.8218085106383,43.56250000000001,59.0,53.0,0.0,005380.KS,현대차,0.4
2026-04-23,62.44847074468085,47.833333333333336,76.0,100.0,0.0,005380.KS,현대차,0.4
2026-04-24,55.31150265957447,47.833333333333336,59.0,56.00000000000001,0.0,005380.KS,현대차,0.4
2026-04-25,23.195146276595743,9.395833333333334,0.0,0.0,0.0,005380.KS,현대차,0.4
2026-04-26,26.763630319148934,14.520833333333332,0.0,0.0,0.0,005380.KS,현대차,0.4
2026-04-27,44.606050531914896,37.583333333333336,0.0,0.0,0.0,005380.KS,현대차,0.4
2026-04-28,66.01695478723404,60.64583333333333,44.00000000000001,63.0,0.0,005380.KS,현대차,0.4
2026-04-29,49.95877659574467,45.270833333333336,46.00000000000001,0.0,0.0,005380.KS,현대차,0.4
2026-04-30,42.8218085106383,41.854166666666664,53.0,0.0,0.0,005380.KS,현대차,0.4
2026-05-01,29.439993351063826,17.9375,0.0,0.0,0.0,005380.KS,현대차,0.4
2026-05-02,24.979388297872337,0.0,0.0,0.0,0.0,005380.KS,현대차,0.4
2026-05-03,22.303025265957448,8.541666666666666,0.0,0.0,0.0,005380.KS,현대차,0.4
2026-05-04,41.0375664893617,40.145833333333336,0.0,0.0,0.0,005380.KS,현대차,0.4
2026-05-05,33.90059840425532,23.062500000000004,42.00000000000001,0.0,0.0,005380.KS,현대차,0.4
2026-05-06,58.87998670212765,62.354166666666664,96.00000000000001,62.0,0.0,005380.KS,현대차,0.4
2026-05-07,59.77210771276595,61.5,100.0,54.0,0.0,005380.KS,현대차,0.4
2026-05-08,89.21210106382979,85.41666666666666,79.0,50.0,0.0,005380.KS,현대차,0.4
2026-05-09,38.361203457446805,19.645833333333336,0.0,0.0,0.0,005380.KS,현대차,0.4
2026-05-10,48.17453457446808,26.47916666666667,60.0,48.0,0.0,005380.KS,현대차,0.4
2026-05-11,76.72240691489361,67.47916666666667,58.00000000000001,76.00000000000001,0.0,005380.KS,현대차,0.4
2026-05-12,71.36968085106382,73.45833333333334,58.00000000000001,0.0,0.0,005380.KS,현대차,0.4
